subdivision,year,month,season,actual,risk_probability,risk_level,alert_priority,policy_threshold,prediction_status
17,2009,6,MONSOON,1,0.16743715,CRITICAL,CRITICAL,0.09,TRUE_POSITIVE
27,2012,8,MONSOON,0,0.16704851,CRITICAL,CRITICAL,0.09,FALSE_POSITIVE
17,2016,8,MONSOON,0,0.16498064,CRITICAL,CRITICAL,0.09,FALSE_POSITIVE
17,2014,6,MONSOON,0,0.16493143,CRITICAL,CRITICAL,0.09,FALSE_POSITIVE
27,2001,8,MONSOON,0,0.16456237,CRITICAL,CRITICAL,0.09,FALSE_POSITIVE
27,2012,6,MONSOON,0,0.16282694,CRITICAL,CRITICAL,0.09,FALSE_POSITIVE
27,2009,6,MONSOON,0,0.16241594,CRITICAL,CRITICAL,0.09,FALSE_POSITIVE
28,2010,7,MONSOON,0,0.16084562,CRITICAL,CRITICAL,0.09,FALSE_POSITIVE
27,2005,8,MONSOON,0,0.15982072,CRITICAL,CRITICAL,0.09,FALSE_POSITIVE
27,2006,6,MONSOON,0,0.15980673,CRITICAL,CRITICAL,0.09,FALSE_POSITIVE
4,2006,6,MONSOON,0,0.15686782,CRITICAL,CRITICAL,0.09,FALSE_POSITIVE
6,2009,6,MONSOON,0,0.15639168,CRITICAL,CRITICAL,0.09,FALSE_POSITIVE
27,2010,8,MONSOON,0,0.155757,CRITICAL,CRITICAL,0.09,FALSE_POSITIVE
30,2011,6,MONSOON,0,0.15566725,CRITICAL,CRITICAL,0.09,FALSE_POSITIVE
17,2014,8,MONSOON,1,0.15461488,CRITICAL,CRITICAL,0.09,TRUE_POSITIVE
17,2013,8,MONSOON,0,0.15461488,CRITICAL,CRITICAL,0.09,FALSE_POSITIVE
23,2014,6,MONSOON,0,0.15449172,CRITICAL,CRITICAL,0.09,FALSE_POSITIVE
4,2000,8,MONSOON,1,0.15445533,CRITICAL,CRITICAL,0.09,TRUE_POSITIVE
3,2017,6,MONSOON,0,0.15421796,CRITICAL,CRITICAL,0.09,FALSE_POSITIVE
28,2017,7,MONSOON,0,0.15411216,CRITICAL,CRITICAL,0.09,FALSE_POSITIVE
28,2007,7,MONSOON,0,0.15392584,CRITICAL,CRITICAL,0.09,FALSE_POSITIVE
17,2003,8,MONSOON,0,0.15391561,CRITICAL,CRITICAL,0.09,FALSE_POSITIVE
32,2014,6,MONSOON,0,0.15376332,CRITICAL,CRITICAL,0.09,FALSE_POSITIVE
28,2008,8,MONSOON,0,0.15375127,CRITICAL,CRITICAL,0.09,FALSE_POSITIVE
4,2014,6,MONSOON,0,0.15356557,CRITICAL,CRITICAL,0.09,FALSE_POSITIVE
23,2009,6,MONSOON,0,0.1531854,CRITICAL,CRITICAL,0.09,FALSE_POSITIVE
22,2014,6,MONSOON,0,0.15311198,CRITICAL,CRITICAL,0.09,FALSE_POSITIVE
17,2000,8,MONSOON,0,0.15282215,CRITICAL,CRITICAL,0.09,FALSE_POSITIVE
28,2014,8,MONSOON,1,0.15269022,CRITICAL,CRITICAL,0.09,TRUE_POSITIVE
17,2002,8,MONSOON,1,0.15181288,CRITICAL,CRITICAL,0.09,TRUE_POSITIVE
28,2009,8,MONSOON,0,0.15176553,CRITICAL,CRITICAL,0.09,FALSE_POSITIVE
17,2013,0,UNKNOWN,0,0.15141541,CRITICAL,CRITICAL,0.09,FALSE_POSITIVE
17,2006,0,UNKNOWN,0,0.15132187,CRITICAL,CRITICAL,0.09,FALSE_POSITIVE
28,2015,0,UNKNOWN,1,0.15076213,CRITICAL,CRITICAL,0.09,TRUE_POSITIVE
30,2014,6,MONSOON,0,0.15047547,CRITICAL,CRITICAL,0.09,FALSE_POSITIVE
17,2009,8,MONSOON,1,0.15024719,CRITICAL,CRITICAL,0.09,TRUE_POSITIVE
28,2013,0,UNKNOWN,0,0.14992955,HIGH,HIGH,0.09,FALSE_POSITIVE
31,2012,6,MONSOON,0,0.14982542,HIGH,HIGH,0.09,FALSE_POSITIVE
27,2006,8,MONSOON,0,0.14978622,HIGH,HIGH,0.09,FALSE_POSITIVE
28,2014,0,UNKNOWN,1,0.14960146,HIGH,HIGH,0.09,TRUE_POSITIVE
28,2017,0,UNKNOWN,0,0.1495212,HIGH,HIGH,0.09,FALSE_POSITIVE
18,2014,8,MONSOON,0,0.14910543,HIGH,HIGH,0.09,FALSE_POSITIVE
17,2005,8,MONSOON,0,0.1490718,HIGH,HIGH,0.09,FALSE_POSITIVE
17,2017,0,UNKNOWN,0,0.14905274,HIGH,HIGH,0.09,FALSE_POSITIVE
25,2008,6,MONSOON,0,0.14898096,HIGH,HIGH,0.09,FALSE_POSITIVE
3,2009,6,MONSOON,0,0.14894392,HIGH,HIGH,0.09,FALSE_POSITIVE
4,2017,8,MONSOON,0,0.14881113,HIGH,HIGH,0.09,FALSE_POSITIVE
32,2008,8,MONSOON,0,0.14875606,HIGH,HIGH,0.09,FALSE_POSITIVE
27,2012,5,PRE_MONSOON,0,0.1486622,HIGH,HIGH,0.09,FALSE_POSITIVE
28,2014,7,MONSOON,0,0.14858128,HIGH,HIGH,0.09,FALSE_POSITIVE
20,2014,6,MONSOON,0,0.14850384,HIGH,HIGH,0.09,FALSE_POSITIVE
27,2014,6,MONSOON,0,0.1483482,HIGH,HIGH,0.09,FALSE_POSITIVE
25,2006,5,PRE_MONSOON,0,0.14827242,HIGH,HIGH,0.09,FALSE_POSITIVE
28,2008,0,UNKNOWN,0,0.14804175,HIGH,HIGH,0.09,FALSE_POSITIVE
28,2010,0,UNKNOWN,0,0.14790648,HIGH,HIGH,0.09,FALSE_POSITIVE
28,2001,0,UNKNOWN,1,0.1478869,HIGH,HIGH,0.09,TRUE_POSITIVE
29,2009,6,MONSOON,0,0.14742124,HIGH,HIGH,0.09,FALSE_POSITIVE
3,2005,6,MONSOON,0,0.147378,HIGH,HIGH,0.09,FALSE_POSITIVE
28,2013,8,MONSOON,0,0.14731759,HIGH,HIGH,0.09,FALSE_POSITIVE
19,2014,6,MONSOON,0,0.14728309,HIGH,HIGH,0.09,FALSE_POSITIVE
5,2014,6,MONSOON,0,0.14685972,HIGH,HIGH,0.09,FALSE_POSITIVE
28,2006,8,MONSOON,0,0.1466448,HIGH,HIGH,0.09,FALSE_POSITIVE
28,2009,0,UNKNOWN,0,0.14642967,HIGH,HIGH,0.09,FALSE_POSITIVE
28,2011,0,UNKNOWN,0,0.1464263,HIGH,HIGH,0.09,FALSE_POSITIVE
4,2017,0,UNKNOWN,0,0.1463481,HIGH,HIGH,0.09,FALSE_POSITIVE
27,2014,8,MONSOON,0,0.14631575,HIGH,HIGH,0.09,FALSE_POSITIVE
27,2015,8,MONSOON,1,0.14613365,HIGH,HIGH,0.09,TRUE_POSITIVE
23,2001,6,MONSOON,1,0.14611116,HIGH,HIGH,0.09,TRUE_POSITIVE
17,2015,8,MONSOON,1,0.14602935,HIGH,HIGH,0.09,TRUE_POSITIVE
17,2009,0,UNKNOWN,1,0.14592199,HIGH,HIGH,0.09,TRUE_POSITIVE
20,2011,6,MONSOON,0,0.14580849,HIGH,HIGH,0.09,FALSE_POSITIVE
6,2017,0,UNKNOWN,0,0.14542586,HIGH,HIGH,0.09,FALSE_POSITIVE
32,2011,8,MONSOON,0,0.14539088,HIGH,HIGH,0.09,FALSE_POSITIVE
33,2014,6,MONSOON,0,0.1452992,HIGH,HIGH,0.09,FALSE_POSITIVE
28,2012,0,UNKNOWN,0,0.1452941,HIGH,HIGH,0.09,FALSE_POSITIVE
17,2008,8,MONSOON,0,0.1452742,HIGH,HIGH,0.09,FALSE_POSITIVE
22,2008,5,PRE_MONSOON,0,0.14499354,HIGH,HIGH,0.09,FALSE_POSITIVE
28,2016,0,UNKNOWN,0,0.14487001,HIGH,HIGH,0.09,FALSE_POSITIVE
17,2016,0,UNKNOWN,0,0.14473213,HIGH,HIGH,0.09,FALSE_POSITIVE
6,2006,8,MONSOON,0,0.14457944,HIGH,HIGH,0.09,FALSE_POSITIVE
25,2002,5,PRE_MONSOON,0,0.14457636,HIGH,HIGH,0.09,FALSE_POSITIVE
27,2016,0,UNKNOWN,0,0.14441635,HIGH,HIGH,0.09,FALSE_POSITIVE
27,2015,6,MONSOON,1,0.14438249,HIGH,HIGH,0.09,TRUE_POSITIVE
22,2001,5,PRE_MONSOON,0,0.14437737,HIGH,HIGH,0.09,FALSE_POSITIVE
27,2013,6,MONSOON,0,0.1441655,HIGH,HIGH,0.09,FALSE_POSITIVE
27,2000,8,MONSOON,0,0.14406478,HIGH,HIGH,0.09,FALSE_POSITIVE
32,2013,8,MONSOON,0,0.14399906,HIGH,HIGH,0.09,FALSE_POSITIVE
27,2000,6,MONSOON,0,0.14386988,HIGH,HIGH,0.09,FALSE_POSITIVE
27,2008,8,MONSOON,0,0.14384522,HIGH,HIGH,0.09,FALSE_POSITIVE
28,2001,8,MONSOON,1,0.14379977,HIGH,HIGH,0.09,TRUE_POSITIVE
27,2017,6,MONSOON,0,0.14353892,HIGH,HIGH,0.09,FALSE_POSITIVE
27,2002,5,PRE_MONSOON,0,0.14349407,HIGH,HIGH,0.09,FALSE_POSITIVE
27,2017,5,PRE_MONSOON,0,0.14348066,HIGH,HIGH,0.09,FALSE_POSITIVE
28,2011,7,MONSOON,0,0.1434294,HIGH,HIGH,0.09,FALSE_POSITIVE
32,2007,8,MONSOON,0,0.14334482,HIGH,HIGH,0.09,FALSE_POSITIVE
5,2002,5,PRE_MONSOON,1,0.14333147,HIGH,HIGH,0.09,TRUE_POSITIVE
17,2013,6,MONSOON,0,0.14280237,HIGH,HIGH,0.09,FALSE_POSITIVE
31,2009,6,MONSOON,1,0.14277987,HIGH,HIGH,0.09,TRUE_POSITIVE
22,2015,5,PRE_MONSOON,0,0.14257751,HIGH,HIGH,0.09,FALSE_POSITIVE
32,2017,8,MONSOON,0,0.14223932,HIGH,HIGH,0.09,FALSE_POSITIVE
2,2009,7,MONSOON,1,0.14218853,HIGH,HIGH,0.09,TRUE_POSITIVE
19,2007,6,MONSOON,0,0.14218615,HIGH,HIGH,0.09,FALSE_POSITIVE
4,2010,6,MONSOON,0,0.14217809,HIGH,HIGH,0.09,FALSE_POSITIVE
17,2004,8,MONSOON,0,0.14215507,HIGH,HIGH,0.09,FALSE_POSITIVE
27,2002,6,MONSOON,1,0.14173484,HIGH,HIGH,0.09,TRUE_POSITIVE
27,2013,8,MONSOON,0,0.14161852,HIGH,HIGH,0.09,FALSE_POSITIVE
17,2007,8,MONSOON,0,0.14142373,HIGH,HIGH,0.09,FALSE_POSITIVE
4,2004,8,MONSOON,0,0.14131764,HIGH,HIGH,0.09,FALSE_POSITIVE
28,2011,8,MONSOON,0,0.14072794,HIGH,HIGH,0.09,FALSE_POSITIVE
4,2007,8,MONSOON,0,0.14067695,HIGH,HIGH,0.09,FALSE_POSITIVE
27,2007,6,MONSOON,0,0.14066464,HIGH,HIGH,0.09,FALSE_POSITIVE
19,2006,6,MONSOON,0,0.14064871,HIGH,HIGH,0.09,FALSE_POSITIVE
17,2005,6,MONSOON,0,0.14064458,HIGH,HIGH,0.09,FALSE_POSITIVE
27,2011,6,MONSOON,0,0.14063704,HIGH,HIGH,0.09,FALSE_POSITIVE
31,2012,8,MONSOON,0,0.14056711,HIGH,HIGH,0.09,FALSE_POSITIVE
27,2016,8,MONSOON,1,0.14037132,HIGH,HIGH,0.09,TRUE_POSITIVE
4,2000,6,MONSOON,1,0.14034474,HIGH,HIGH,0.09,TRUE_POSITIVE
6,2014,6,MONSOON,0,0.13993613,HIGH,HIGH,0.09,FALSE_POSITIVE
27,2014,0,UNKNOWN,0,0.13990352,HIGH,HIGH,0.09,FALSE_POSITIVE
4,2012,8,MONSOON,0,0.13988769,HIGH,HIGH,0.09,FALSE_POSITIVE
18,2001,8,MONSOON,0,0.13967852,HIGH,HIGH,0.09,FALSE_POSITIVE
32,2002,8,MONSOON,1,0.13963363,HIGH,HIGH,0.09,TRUE_POSITIVE
23,2009,8,MONSOON,1,0.1394233,HIGH,HIGH,0.09,TRUE_POSITIVE
27,2011,8,MONSOON,0,0.13931076,HIGH,HIGH,0.09,FALSE_POSITIVE
22,2002,5,PRE_MONSOON,1,0.13901578,HIGH,HIGH,0.09,TRUE_POSITIVE
6,2010,8,MONSOON,0,0.1389215,HIGH,HIGH,0.09,FALSE_POSITIVE
17,2008,6,MONSOON,0,0.13891804,HIGH,HIGH,0.09,FALSE_POSITIVE
29,2006,5,PRE_MONSOON,0,0.13890125,HIGH,HIGH,0.09,FALSE_POSITIVE
5,2007,8,MONSOON,0,0.13876443,HIGH,HIGH,0.09,FALSE_POSITIVE
28,2006,0,UNKNOWN,0,0.13873878,HIGH,HIGH,0.09,FALSE_POSITIVE
28,2007,3,PRE_MONSOON,0,0.13871565,HIGH,HIGH,0.09,FALSE_POSITIVE
27,2007,8,MONSOON,0,0.13853967,HIGH,HIGH,0.09,FALSE_POSITIVE
6,2004,8,MONSOON,0,0.13852152,HIGH,HIGH,0.09,FALSE_POSITIVE
17,2015,6,MONSOON,1,0.13838708,HIGH,HIGH,0.09,TRUE_POSITIVE
17,2012,8,MONSOON,0,0.13830435,HIGH,HIGH,0.09,FALSE_POSITIVE
19,2007,8,MONSOON,0,0.13829032,HIGH,HIGH,0.09,FALSE_POSITIVE
18,2013,6,MONSOON,0,0.1382106,HIGH,HIGH,0.09,FALSE_POSITIVE
27,2003,5,PRE_MONSOON,1,0.1380309,HIGH,HIGH,0.09,TRUE_POSITIVE
23,2006,6,MONSOON,0,0.137916,HIGH,HIGH,0.09,FALSE_POSITIVE
17,2001,8,MONSOON,0,0.13790676,HIGH,HIGH,0.09,FALSE_POSITIVE
28,2005,7,MONSOON,0,0.13775167,HIGH,HIGH,0.09,FALSE_POSITIVE
6,2014,8,MONSOON,1,0.13771886,HIGH,HIGH,0.09,TRUE_POSITIVE
3,2002,6,MONSOON,0,0.13769607,HIGH,HIGH,0.09,FALSE_POSITIVE
18,2007,8,MONSOON,0,0.13755865,HIGH,HIGH,0.09,FALSE_POSITIVE
17,2007,6,MONSOON,0,0.13747215,HIGH,HIGH,0.09,FALSE_POSITIVE
22,2012,6,MONSOON,0,0.13738146,HIGH,HIGH,0.09,FALSE_POSITIVE
7,2006,6,MONSOON,0,0.13737607,HIGH,HIGH,0.09,FALSE_POSITIVE
21,2014,6,MONSOON,0,0.1372472,HIGH,HIGH,0.09,FALSE_POSITIVE
4,2017,6,MONSOON,0,0.13721748,HIGH,HIGH,0.09,FALSE_POSITIVE
6,2006,0,UNKNOWN,0,0.13721363,HIGH,HIGH,0.09,FALSE_POSITIVE
4,2009,8,MONSOON,1,0.1371566,HIGH,HIGH,0.09,TRUE_POSITIVE
5,2009,6,MONSOON,0,0.13702059,HIGH,HIGH,0.09,FALSE_POSITIVE
27,2010,6,MONSOON,0,0.13698387,HIGH,HIGH,0.09,FALSE_POSITIVE
27,2009,5,PRE_MONSOON,0,0.13697638,HIGH,HIGH,0.09,FALSE_POSITIVE
6,2000,8,MONSOON,0,0.13694818,HIGH,HIGH,0.09,FALSE_POSITIVE
21,2001,8,MONSOON,0,0.13693918,HIGH,HIGH,0.09,FALSE_POSITIVE
20,2014,5,PRE_MONSOON,0,0.13691942,HIGH,HIGH,0.09,FALSE_POSITIVE
3,2012,6,MONSOON,0,0.1368247,HIGH,HIGH,0.09,FALSE_POSITIVE
6,2001,8,MONSOON,0,0.13673355,HIGH,HIGH,0.09,FALSE_POSITIVE
23,2008,8,MONSOON,0,0.13673338,HIGH,HIGH,0.09,FALSE_POSITIVE
4,2008,8,MONSOON,0,0.1367331,HIGH,HIGH,0.09,FALSE_POSITIVE
33,2014,8,MONSOON,0,0.13658696,HIGH,HIGH,0.09,FALSE_POSITIVE
28,2002,8,MONSOON,0,0.13658091,HIGH,HIGH,0.09,FALSE_POSITIVE
4,2013,8,MONSOON,0,0.13655035,HIGH,HIGH,0.09,FALSE_POSITIVE
28,2013,6,MONSOON,0,0.13651225,HIGH,HIGH,0.09,FALSE_POSITIVE
6,2007,8,MONSOON,0,0.13630985,HIGH,HIGH,0.09,FALSE_POSITIVE
30,2004,6,MONSOON,0,0.13622802,HIGH,HIGH,0.09,FALSE_POSITIVE
16,2013,6,MONSOON,0,0.13620943,HIGH,HIGH,0.09,FALSE_POSITIVE
22,2003,6,MONSOON,0,0.13619189,HIGH,HIGH,0.09,FALSE_POSITIVE
17,2012,0,UNKNOWN,0,0.13618009,HIGH,HIGH,0.09,FALSE_POSITIVE
27,2001,5,PRE_MONSOON,0,0.1360581,HIGH,HIGH,0.09,FALSE_POSITIVE
22,2001,6,MONSOON,1,0.13604936,HIGH,HIGH,0.09,TRUE_POSITIVE
17,2002,6,MONSOON,1,0.1360486,HIGH,HIGH,0.09,TRUE_POSITIVE
23,2005,8,MONSOON,1,0.13597253,HIGH,HIGH,0.09,TRUE_POSITIVE
17,2008,0,UNKNOWN,0,0.1359167,HIGH,HIGH,0.09,FALSE_POSITIVE
17,2016,6,MONSOON,0,0.13575387,HIGH,HIGH,0.09,FALSE_POSITIVE
3,2008,6,MONSOON,0,0.13570738,HIGH,HIGH,0.09,FALSE_POSITIVE
25,2009,5,PRE_MONSOON,0,0.13569959,HIGH,HIGH,0.09,FALSE_POSITIVE
18,2009,8,MONSOON,0,0.13564669,HIGH,HIGH,0.09,FALSE_POSITIVE
17,2003,0,UNKNOWN,0,0.13562658,HIGH,HIGH,0.09,FALSE_POSITIVE
3,2015,5,PRE_MONSOON,0,0.13561359,HIGH,HIGH,0.09,FALSE_POSITIVE
30,2011,8,MONSOON,0,0.1355298,HIGH,HIGH,0.09,FALSE_POSITIVE
28,2017,8,MONSOON,0,0.13546216,HIGH,HIGH,0.09,FALSE_POSITIVE
17,2010,8,MONSOON,0,0.13500166,HIGH,HIGH,0.09,FALSE_POSITIVE
3,2007,8,MONSOON,0,0.1349362,HIGH,HIGH,0.09,FALSE_POSITIVE
3,2005,8,MONSOON,0,0.13487826,HIGH,HIGH,0.09,FALSE_POSITIVE
23,2008,6,MONSOON,0,0.13478337,HIGH,HIGH,0.09,FALSE_POSITIVE
23,2010,8,MONSOON,0,0.13472596,HIGH,HIGH,0.09,FALSE_POSITIVE
28,2009,6,MONSOON,1,0.13463683,HIGH,HIGH,0.09,TRUE_POSITIVE
0,2005,8,MONSOON,0,0.13461252,HIGH,HIGH,0.09,FALSE_POSITIVE
20,2011,8,MONSOON,0,0.13459428,HIGH,HIGH,0.09,FALSE_POSITIVE
17,2010,6,MONSOON,0,0.13458887,HIGH,HIGH,0.09,FALSE_POSITIVE
27,2009,8,MONSOON,0,0.13456675,HIGH,HIGH,0.09,FALSE_POSITIVE
27,2005,6,MONSOON,0,0.13455977,HIGH,HIGH,0.09,FALSE_POSITIVE
23,2003,8,MONSOON,0,0.13454166,HIGH,HIGH,0.09,FALSE_POSITIVE
6,2016,6,MONSOON,0,0.13448337,HIGH,HIGH,0.09,FALSE_POSITIVE
19,2010,8,MONSOON,0,0.13444693,HIGH,HIGH,0.09,FALSE_POSITIVE
18,2002,8,MONSOON,1,0.13431531,HIGH,HIGH,0.09,TRUE_POSITIVE
4,2015,8,MONSOON,1,0.13421148,HIGH,HIGH,0.09,TRUE_POSITIVE
23,2011,8,MONSOON,1,0.13415554,HIGH,HIGH,0.09,TRUE_POSITIVE
27,2009,0,UNKNOWN,0,0.13413113,HIGH,HIGH,0.09,FALSE_POSITIVE
28,2015,8,MONSOON,1,0.13412082,HIGH,HIGH,0.09,TRUE_POSITIVE
23,2015,8,MONSOON,0,0.13390857,HIGH,HIGH,0.09,FALSE_POSITIVE
27,2017,8,MONSOON,0,0.13380805,HIGH,HIGH,0.09,FALSE_POSITIVE
6,2002,8,MONSOON,1,0.13374314,HIGH,HIGH,0.09,TRUE_POSITIVE
17,2017,8,MONSOON,0,0.13364455,HIGH,HIGH,0.09,FALSE_POSITIVE
22,2008,6,MONSOON,0,0.13356775,HIGH,HIGH,0.09,FALSE_POSITIVE
27,2016,6,MONSOON,1,0.13342859,HIGH,HIGH,0.09,TRUE_POSITIVE
28,2004,8,MONSOON,0,0.13337497,HIGH,HIGH,0.09,FALSE_POSITIVE
2,2001,7,MONSOON,0,0.1331564,HIGH,HIGH,0.09,FALSE_POSITIVE
20,2017,8,MONSOON,0,0.13313527,HIGH,HIGH,0.09,FALSE_POSITIVE
7,2002,8,MONSOON,1,0.1331173,HIGH,HIGH,0.09,TRUE_POSITIVE
23,2014,8,MONSOON,1,0.13311152,HIGH,HIGH,0.09,TRUE_POSITIVE
3,2008,8,MONSOON,0,0.13310759,HIGH,HIGH,0.09,FALSE_POSITIVE
32,2001,8,MONSOON,0,0.1330943,HIGH,HIGH,0.09,FALSE_POSITIVE
3,2015,6,MONSOON,0,0.13299756,HIGH,HIGH,0.09,FALSE_POSITIVE
32,2014,8,MONSOON,0,0.13296004,HIGH,HIGH,0.09,FALSE_POSITIVE
19,2015,5,PRE_MONSOON,1,0.13292477,HIGH,HIGH,0.09,TRUE_POSITIVE
23,2007,6,MONSOON,0,0.1328278,HIGH,HIGH,0.09,FALSE_POSITIVE
21,2014,8,MONSOON,0,0.13277704,HIGH,HIGH,0.09,FALSE_POSITIVE
19,2009,8,MONSOON,0,0.13275178,HIGH,HIGH,0.09,FALSE_POSITIVE
23,2000,8,MONSOON,0,0.13261397,HIGH,HIGH,0.09,FALSE_POSITIVE
23,2017,8,MONSOON,0,0.13248262,HIGH,HIGH,0.09,FALSE_POSITIVE
23,2002,8,MONSOON,1,0.13238043,HIGH,HIGH,0.09,TRUE_POSITIVE
23,2017,6,MONSOON,0,0.1323248,HIGH,HIGH,0.09,FALSE_POSITIVE
23,2006,8,MONSOON,0,0.13229725,HIGH,HIGH,0.09,FALSE_POSITIVE
3,2000,6,MONSOON,0,0.13222179,HIGH,HIGH,0.09,FALSE_POSITIVE
3,2007,6,MONSOON,0,0.13214748,HIGH,HIGH,0.09,FALSE_POSITIVE
3,2000,8,MONSOON,0,0.13211271,HIGH,HIGH,0.09,FALSE_POSITIVE
6,2017,8,MONSOON,0,0.13207558,HIGH,HIGH,0.09,FALSE_POSITIVE
4,2007,6,MONSOON,0,0.13202335,HIGH,HIGH,0.09,FALSE_POSITIVE
32,2006,6,MONSOON,0,0.13196382,HIGH,HIGH,0.09,FALSE_POSITIVE
18,2015,8,MONSOON,0,0.13182515,HIGH,HIGH,0.09,FALSE_POSITIVE
18,2013,8,MONSOON,0,0.13173065,HIGH,HIGH,0.09,FALSE_POSITIVE
23,2016,6,MONSOON,0,0.13169897,HIGH,HIGH,0.09,FALSE_POSITIVE
23,2012,6,MONSOON,0,0.13169663,HIGH,HIGH,0.09,FALSE_POSITIVE
2,2015,7,MONSOON,0,0.13163678,HIGH,HIGH,0.09,FALSE_POSITIVE
17,2011,8,MONSOON,0,0.13163215,HIGH,HIGH,0.09,FALSE_POSITIVE
32,2017,6,MONSOON,0,0.13162862,HIGH,HIGH,0.09,FALSE_POSITIVE
27,2005,0,UNKNOWN,0,0.13150889,HIGH,HIGH,0.09,FALSE_POSITIVE
4,2015,5,PRE_MONSOON,0,0.13150635,HIGH,HIGH,0.09,FALSE_POSITIVE
18,2011,6,MONSOON,0,0.1313893,HIGH,HIGH,0.09,FALSE_POSITIVE
19,2006,0,UNKNOWN,0,0.13135414,HIGH,HIGH,0.09,FALSE_POSITIVE
28,2007,0,UNKNOWN,0,0.1313226,HIGH,HIGH,0.09,FALSE_POSITIVE
3,2013,6,MONSOON,0,0.13107805,HIGH,HIGH,0.09,FALSE_POSITIVE
4,2000,0,UNKNOWN,0,0.13104011,HIGH,HIGH,0.09,FALSE_POSITIVE
4,2016,6,MONSOON,0,0.13097198,HIGH,HIGH,0.09,FALSE_POSITIVE
10,2012,8,MONSOON,0,0.13095985,HIGH,HIGH,0.09,FALSE_POSITIVE
17,2014,0,UNKNOWN,1,0.13084964,HIGH,HIGH,0.09,TRUE_POSITIVE
6,2016,8,MONSOON,0,0.13084301,HIGH,HIGH,0.09,FALSE_POSITIVE
19,2005,8,MONSOON,0,0.1307959,HIGH,HIGH,0.09,FALSE_POSITIVE
28,2000,0,UNKNOWN,0,0.13078149,HIGH,HIGH,0.09,FALSE_POSITIVE
17,2003,6,MONSOON,0,0.13076857,HIGH,HIGH,0.09,FALSE_POSITIVE
20,2017,0,UNKNOWN,0,0.13075241,HIGH,HIGH,0.09,FALSE_POSITIVE
17,2000,6,MONSOON,0,0.13069105,HIGH,HIGH,0.09,FALSE_POSITIVE
19,2007,0,UNKNOWN,0,0.13067466,HIGH,HIGH,0.09,FALSE_POSITIVE
0,2007,8,MONSOON,0,0.13060819,HIGH,HIGH,0.09,FALSE_POSITIVE
25,2001,6,MONSOON,0,0.13050649,HIGH,HIGH,0.09,FALSE_POSITIVE
4,2014,8,MONSOON,0,0.13046515,HIGH,HIGH,0.09,FALSE_POSITIVE
23,2002,6,MONSOON,1,0.1304532,HIGH,HIGH,0.09,TRUE_POSITIVE
20,2006,6,MONSOON,0,0.13034497,HIGH,HIGH,0.09,FALSE_POSITIVE
21,2001,0,UNKNOWN,0,0.13028656,HIGH,HIGH,0.09,FALSE_POSITIVE
23,2000,6,MONSOON,0,0.13028398,HIGH,HIGH,0.09,FALSE_POSITIVE
21,2001,7,MONSOON,0,0.13026422,HIGH,HIGH,0.09,FALSE_POSITIVE
4,2010,8,MONSOON,0,0.13024604,HIGH,HIGH,0.09,FALSE_POSITIVE
4,2012,6,MONSOON,0,0.13023937,HIGH,HIGH,0.09,FALSE_POSITIVE
23,2016,8,MONSOON,0,0.13017124,HIGH,HIGH,0.09,FALSE_POSITIVE
30,2009,6,MONSOON,0,0.13016938,HIGH,HIGH,0.09,FALSE_POSITIVE
23,2001,8,MONSOON,0,0.1301066,HIGH,HIGH,0.09,FALSE_POSITIVE
28,2014,6,MONSOON,1,0.13006316,HIGH,HIGH,0.09,TRUE_POSITIVE
28,2004,0,UNKNOWN,0,0.12993203,HIGH,HIGH,0.09,FALSE_POSITIVE
28,2000,7,MONSOON,0,0.12980467,HIGH,HIGH,0.09,FALSE_POSITIVE
4,2004,6,MONSOON,0,0.12980194,HIGH,HIGH,0.09,FALSE_POSITIVE
27,2001,6,MONSOON,0,0.12972867,HIGH,HIGH,0.09,FALSE_POSITIVE
18,2003,8,MONSOON,0,0.12965962,HIGH,HIGH,0.09,FALSE_POSITIVE
6,2009,0,UNKNOWN,1,0.12952466,HIGH,HIGH,0.09,TRUE_POSITIVE
17,2017,6,MONSOON,0,0.12948017,HIGH,HIGH,0.09,FALSE_POSITIVE
4,2002,6,MONSOON,1,0.12942638,HIGH,HIGH,0.09,TRUE_POSITIVE
4,2006,8,MONSOON,0,0.12941933,HIGH,HIGH,0.09,FALSE_POSITIVE
18,2004,8,MONSOON,0,0.1293991,HIGH,HIGH,0.09,FALSE_POSITIVE
6,2002,6,MONSOON,1,0.12933251,HIGH,HIGH,0.09,TRUE_POSITIVE
6,2013,6,MONSOON,0,0.12926997,HIGH,HIGH,0.09,FALSE_POSITIVE
29,2012,6,MONSOON,0,0.12920593,HIGH,HIGH,0.09,FALSE_POSITIVE
17,2004,6,MONSOON,0,0.12918833,HIGH,HIGH,0.09,FALSE_POSITIVE
22,2009,6,MONSOON,0,0.12917264,HIGH,HIGH,0.09,FALSE_POSITIVE
2,2014,8,MONSOON,0,0.12916127,HIGH,HIGH,0.09,FALSE_POSITIVE
4,2008,6,MONSOON,0,0.12913364,HIGH,HIGH,0.09,FALSE_POSITIVE
25,2015,5,PRE_MONSOON,0,0.12906851,HIGH,HIGH,0.09,FALSE_POSITIVE
20,2015,6,MONSOON,1,0.12898535,HIGH,HIGH,0.09,TRUE_POSITIVE
19,2008,5,PRE_MONSOON,0,0.12895197,HIGH,HIGH,0.09,FALSE_POSITIVE
19,2002,8,MONSOON,1,0.12893775,HIGH,HIGH,0.09,TRUE_POSITIVE
32,2002,0,UNKNOWN,1,0.12892017,HIGH,HIGH,0.09,TRUE_POSITIVE
28,2007,8,MONSOON,0,0.12880778,HIGH,HIGH,0.09,FALSE_POSITIVE
3,2004,6,MONSOON,0,0.12877503,HIGH,HIGH,0.09,FALSE_POSITIVE
33,2007,6,MONSOON,0,0.12874864,HIGH,HIGH,0.09,FALSE_POSITIVE
4,2011,6,MONSOON,0,0.12871994,HIGH,HIGH,0.09,FALSE_POSITIVE
3,2001,8,MONSOON,0,0.12870312,HIGH,HIGH,0.09,FALSE_POSITIVE
10,2015,8,MONSOON,0,0.1286283,HIGH,HIGH,0.09,FALSE_POSITIVE
28,2012,8,MONSOON,0,0.12853809,HIGH,HIGH,0.09,FALSE_POSITIVE
2,2006,7,MONSOON,0,0.1283389,HIGH,HIGH,0.09,FALSE_POSITIVE
21,2006,8,MONSOON,0,0.12816696,HIGH,HIGH,0.09,FALSE_POSITIVE
19,2016,8,MONSOON,0,0.1281021,HIGH,HIGH,0.09,FALSE_POSITIVE
4,2011,5,PRE_MONSOON,0,0.12807506,HIGH,HIGH,0.09,FALSE_POSITIVE
18,2007,6,MONSOON,0,0.12800464,HIGH,HIGH,0.09,FALSE_POSITIVE
5,2006,8,MONSOON,0,0.12798229,HIGH,HIGH,0.09,FALSE_POSITIVE
19,2009,6,MONSOON,0,0.12788072,HIGH,HIGH,0.09,FALSE_POSITIVE
22,2012,5,PRE_MONSOON,0,0.12784278,HIGH,HIGH,0.09,FALSE_POSITIVE
4,2005,6,MONSOON,0,0.12774877,HIGH,HIGH,0.09,FALSE_POSITIVE
4,2002,8,MONSOON,1,0.12772079,HIGH,HIGH,0.09,TRUE_POSITIVE
33,2017,6,MONSOON,0,0.12760203,HIGH,HIGH,0.09,FALSE_POSITIVE
22,2015,6,MONSOON,1,0.12760144,HIGH,HIGH,0.09,TRUE_POSITIVE
29,2011,5,PRE_MONSOON,0,0.1275882,HIGH,HIGH,0.09,FALSE_POSITIVE
19,2001,8,MONSOON,0,0.12757854,HIGH,HIGH,0.09,FALSE_POSITIVE
0,2006,5,PRE_MONSOON,0,0.12757817,HIGH,HIGH,0.09,FALSE_POSITIVE
27,2003,6,MONSOON,1,0.12754609,HIGH,HIGH,0.09,TRUE_POSITIVE
5,2013,6,MONSOON,0,0.12749542,HIGH,HIGH,0.09,FALSE_POSITIVE
23,2005,6,MONSOON,1,0.12749298,HIGH,HIGH,0.09,TRUE_POSITIVE
3,2004,8,MONSOON,0,0.12741403,HIGH,HIGH,0.09,FALSE_POSITIVE
28,2000,8,MONSOON,0,0.12740077,HIGH,HIGH,0.09,FALSE_POSITIVE
21,2011,0,UNKNOWN,0,0.12735525,HIGH,HIGH,0.09,FALSE_POSITIVE
7,2017,8,MONSOON,1,0.12726828,HIGH,HIGH,0.09,TRUE_POSITIVE
3,2009,0,UNKNOWN,0,0.12726429,HIGH,HIGH,0.09,FALSE_POSITIVE
21,2012,8,MONSOON,0,0.12720424,HIGH,HIGH,0.09,FALSE_POSITIVE
4,2015,6,MONSOON,1,0.12720206,HIGH,HIGH,0.09,TRUE_POSITIVE
23,2013,8,MONSOON,0,0.127185,HIGH,HIGH,0.09,FALSE_POSITIVE
17,2015,0,UNKNOWN,1,0.12706414,HIGH,HIGH,0.09,TRUE_POSITIVE
21,2013,8,MONSOON,1,0.12705314,HIGH,HIGH,0.09,TRUE_POSITIVE
23,2010,6,MONSOON,0,0.12702139,HIGH,HIGH,0.09,FALSE_POSITIVE
27,2004,8,MONSOON,0,0.1269907,HIGH,HIGH,0.09,FALSE_POSITIVE
28,2007,6,MONSOON,0,0.12697995,HIGH,HIGH,0.09,FALSE_POSITIVE
22,2005,5,PRE_MONSOON,0,0.12691903,HIGH,HIGH,0.09,FALSE_POSITIVE
19,2003,8,MONSOON,0,0.12684959,HIGH,HIGH,0.09,FALSE_POSITIVE
33,2017,8,MONSOON,0,0.1268486,HIGH,HIGH,0.09,FALSE_POSITIVE
28,2017,3,PRE_MONSOON,0,0.12681155,HIGH,HIGH,0.09,FALSE_POSITIVE
23,2007,8,MONSOON,0,0.12670435,HIGH,HIGH,0.09,FALSE_POSITIVE
17,2006,8,MONSOON,0,0.1265624,HIGH,HIGH,0.09,FALSE_POSITIVE
27,2002,8,MONSOON,1,0.12651147,HIGH,HIGH,0.09,TRUE_POSITIVE
28,2015,7,MONSOON,0,0.12649469,HIGH,HIGH,0.09,FALSE_POSITIVE
23,2004,8,MONSOON,0,0.1263031,HIGH,HIGH,0.09,FALSE_POSITIVE
23,2012,8,MONSOON,0,0.12624103,HIGH,HIGH,0.09,FALSE_POSITIVE
3,2017,8,MONSOON,0,0.12616165,HIGH,HIGH,0.09,FALSE_POSITIVE
20,2008,5,PRE_MONSOON,0,0.1261616,HIGH,HIGH,0.09,FALSE_POSITIVE
16,2016,5,PRE_MONSOON,1,0.126158,HIGH,HIGH,0.09,TRUE_POSITIVE
0,2000,5,PRE_MONSOON,0,0.12615614,HIGH,HIGH,0.09,FALSE_POSITIVE
18,2005,8,MONSOON,0,0.12610203,HIGH,HIGH,0.09,FALSE_POSITIVE
3,2002,8,MONSOON,0,0.12597294,HIGH,HIGH,0.09,FALSE_POSITIVE
4,2011,8,MONSOON,0,0.12594974,HIGH,HIGH,0.09,FALSE_POSITIVE
18,2000,8,MONSOON,1,0.12588336,HIGH,HIGH,0.09,TRUE_POSITIVE
6,2009,8,MONSOON,1,0.12580593,HIGH,HIGH,0.09,TRUE_POSITIVE
3,2009,5,PRE_MONSOON,0,0.12578884,HIGH,HIGH,0.09,FALSE_POSITIVE
15,2009,6,MONSOON,0,0.1257691,HIGH,HIGH,0.09,FALSE_POSITIVE
28,2010,3,PRE_MONSOON,0,0.12576513,HIGH,HIGH,0.09,FALSE_POSITIVE
6,2004,0,UNKNOWN,0,0.12574889,HIGH,HIGH,0.09,FALSE_POSITIVE
21,2008,8,MONSOON,0,0.125727,HIGH,HIGH,0.09,FALSE_POSITIVE
22,2002,6,MONSOON,1,0.12570937,HIGH,HIGH,0.09,TRUE_POSITIVE
2,2014,0,UNKNOWN,0,0.12561496,HIGH,HIGH,0.09,FALSE_POSITIVE
20,2015,5,PRE_MONSOON,0,0.12561008,HIGH,HIGH,0.09,FALSE_POSITIVE
6,2017,6,MONSOON,0,0.12558976,HIGH,HIGH,0.09,FALSE_POSITIVE
19,2006,8,MONSOON,0,0.125407,HIGH,HIGH,0.09,FALSE_POSITIVE
18,2005,6,MONSOON,0,0.12533939,HIGH,HIGH,0.09,FALSE_POSITIVE
6,2003,6,MONSOON,0,0.12533627,HIGH,HIGH,0.09,FALSE_POSITIVE
3,2015,8,MONSOON,0,0.12532839,HIGH,HIGH,0.09,FALSE_POSITIVE
3,2014,6,MONSOON,0,0.12529935,HIGH,HIGH,0.09,FALSE_POSITIVE
22,2008,8,MONSOON,0,0.12522748,HIGH,HIGH,0.09,FALSE_POSITIVE
19,2013,8,MONSOON,0,0.12518473,HIGH,HIGH,0.09,FALSE_POSITIVE
27,2000,5,PRE_MONSOON,0,0.12514198,HIGH,HIGH,0.09,FALSE_POSITIVE
29,2009,5,PRE_MONSOON,1,0.12511402,HIGH,HIGH,0.09,TRUE_POSITIVE
2,2017,7,MONSOON,0,0.1251076,HIGH,HIGH,0.09,FALSE_POSITIVE
25,2004,6,MONSOON,1,0.12510604,HIGH,HIGH,0.09,TRUE_POSITIVE
2,2009,0,UNKNOWN,1,0.1251033,HIGH,HIGH,0.09,TRUE_POSITIVE
4,2002,5,PRE_MONSOON,0,0.12507033,HIGH,HIGH,0.09,FALSE_POSITIVE
6,2012,8,MONSOON,0,0.1250652,HIGH,HIGH,0.09,FALSE_POSITIVE
16,2004,8,MONSOON,0,0.12505828,HIGH,HIGH,0.09,FALSE_POSITIVE
31,2005,6,MONSOON,0,0.12505466,HIGH,HIGH,0.09,FALSE_POSITIVE
28,2008,7,MONSOON,0,0.1250167,HIGH,HIGH,0.09,FALSE_POSITIVE
21,2016,8,MONSOON,0,0.12491605,HIGH,HIGH,0.09,FALSE_POSITIVE
4,2013,6,MONSOON,0,0.12488962,HIGH,HIGH,0.09,FALSE_POSITIVE
25,2011,6,MONSOON,0,0.12486134,HIGH,HIGH,0.09,FALSE_POSITIVE
19,2015,6,MONSOON,1,0.1248528,HIGH,HIGH,0.09,TRUE_POSITIVE
23,2005,0,UNKNOWN,0,0.12485185,HIGH,HIGH,0.09,FALSE_POSITIVE
22,2017,6,MONSOON,0,0.12476156,HIGH,HIGH,0.09,FALSE_POSITIVE
23,2009,0,UNKNOWN,1,0.12473867,HIGH,HIGH,0.09,TRUE_POSITIVE
22,2000,6,MONSOON,0,0.12472798,HIGH,HIGH,0.09,FALSE_POSITIVE
22,2011,5,PRE_MONSOON,0,0.12467598,HIGH,HIGH,0.09,FALSE_POSITIVE
22,2010,6,MONSOON,0,0.12465744,HIGH,HIGH,0.09,FALSE_POSITIVE
0,2003,6,MONSOON,0,0.12464443,HIGH,HIGH,0.09,FALSE_POSITIVE
23,2004,6,MONSOON,0,0.12464357,HIGH,HIGH,0.09,FALSE_POSITIVE
19,2002,6,MONSOON,1,0.12450602,HIGH,HIGH,0.09,TRUE_POSITIVE
3,2003,8,MONSOON,0,0.124495365,HIGH,HIGH,0.09,FALSE_POSITIVE
2,2011,8,MONSOON,1,0.12441803,HIGH,HIGH,0.09,TRUE_POSITIVE
4,2016,8,MONSOON,0,0.12439996,HIGH,HIGH,0.09,FALSE_POSITIVE
18,2003,6,MONSOON,0,0.124335974,HIGH,HIGH,0.09,FALSE_POSITIVE
27,2015,0,UNKNOWN,1,0.12431389,HIGH,HIGH,0.09,TRUE_POSITIVE
29,2001,5,PRE_MONSOON,1,0.12419157,HIGH,HIGH,0.09,TRUE_POSITIVE
6,2004,6,MONSOON,0,0.124186896,HIGH,HIGH,0.09,FALSE_POSITIVE
25,2006,6,MONSOON,0,0.12413091,HIGH,HIGH,0.09,FALSE_POSITIVE
28,2011,3,PRE_MONSOON,0,0.124119334,HIGH,HIGH,0.09,FALSE_POSITIVE
7,2014,6,MONSOON,0,0.12406456,HIGH,HIGH,0.09,FALSE_POSITIVE
22,2006,6,MONSOON,0,0.12403564,HIGH,HIGH,0.09,FALSE_POSITIVE
3,2014,8,MONSOON,0,0.12394843,HIGH,HIGH,0.09,FALSE_POSITIVE
13,2012,6,MONSOON,0,0.12393847,HIGH,HIGH,0.09,FALSE_POSITIVE
27,2010,0,UNKNOWN,0,0.12383291,HIGH,HIGH,0.09,FALSE_POSITIVE
6,2005,8,MONSOON,0,0.12372896,HIGH,HIGH,0.09,FALSE_POSITIVE
28,2012,6,MONSOON,0,0.12370599,HIGH,HIGH,0.09,FALSE_POSITIVE
3,2010,6,MONSOON,1,0.1236883,HIGH,HIGH,0.09,TRUE_POSITIVE
22,2017,5,PRE_MONSOON,0,0.12368486,HIGH,HIGH,0.09,FALSE_POSITIVE
28,2001,7,MONSOON,0,0.12356488,HIGH,HIGH,0.09,FALSE_POSITIVE
4,2002,0,UNKNOWN,1,0.12354612,HIGH,HIGH,0.09,TRUE_POSITIVE
4,2006,5,PRE_MONSOON,0,0.12354607,HIGH,HIGH,0.09,FALSE_POSITIVE
23,2015,6,MONSOON,0,0.123499125,HIGH,HIGH,0.09,FALSE_POSITIVE
21,2016,0,UNKNOWN,0,0.123462364,HIGH,HIGH,0.09,FALSE_POSITIVE
6,2015,8,MONSOON,0,0.12345914,HIGH,HIGH,0.09,FALSE_POSITIVE
30,2006,6,MONSOON,0,0.12338999,HIGH,HIGH,0.09,FALSE_POSITIVE
32,2000,6,MONSOON,1,0.1233274,HIGH,HIGH,0.09,TRUE_POSITIVE
18,2012,6,MONSOON,0,0.123249665,HIGH,HIGH,0.09,FALSE_POSITIVE
5,2001,5,PRE_MONSOON,0,0.12314349,HIGH,HIGH,0.09,FALSE_POSITIVE
17,2006,6,MONSOON,0,0.123086244,HIGH,HIGH,0.09,FALSE_POSITIVE
35,2014,6,MONSOON,1,0.123040296,HIGH,HIGH,0.09,TRUE_POSITIVE
4,2005,8,MONSOON,0,0.12289566,HIGH,HIGH,0.09,FALSE_POSITIVE
9,2014,6,MONSOON,1,0.12288241,HIGH,HIGH,0.09,TRUE_POSITIVE
31,2004,8,MONSOON,0,0.122696064,HIGH,HIGH,0.09,FALSE_POSITIVE
2,2001,6,MONSOON,0,0.12264653,HIGH,HIGH,0.09,FALSE_POSITIVE
7,2004,8,MONSOON,1,0.12263258,HIGH,HIGH,0.09,TRUE_POSITIVE
0,2016,6,MONSOON,0,0.12258289,HIGH,HIGH,0.09,FALSE_POSITIVE
4,2008,5,PRE_MONSOON,0,0.122524075,HIGH,HIGH,0.09,FALSE_POSITIVE
30,2007,8,MONSOON,0,0.12251729,HIGH,HIGH,0.09,FALSE_POSITIVE
6,2013,8,MONSOON,0,0.12250979,HIGH,HIGH,0.09,FALSE_POSITIVE
19,2014,8,MONSOON,1,0.122345634,HIGH,HIGH,0.09,TRUE_POSITIVE
4,2009,6,MONSOON,1,0.12232825,HIGH,HIGH,0.09,TRUE_POSITIVE
23,2013,6,MONSOON,0,0.12231355,HIGH,HIGH,0.09,FALSE_POSITIVE
2,2013,0,UNKNOWN,1,0.12230368,HIGH,HIGH,0.09,TRUE_POSITIVE
2,2009,6,MONSOON,0,0.12225109,HIGH,HIGH,0.09,FALSE_POSITIVE
7,2012,8,MONSOON,0,0.12224655,HIGH,HIGH,0.09,FALSE_POSITIVE
28,2003,3,PRE_MONSOON,0,0.122153684,HIGH,HIGH,0.09,FALSE_POSITIVE
23,2007,0,UNKNOWN,0,0.12202364,HIGH,HIGH,0.09,FALSE_POSITIVE
18,2014,0,UNKNOWN,0,0.122008964,HIGH,HIGH,0.09,FALSE_POSITIVE
31,2010,6,MONSOON,0,0.12196695,HIGH,HIGH,0.09,FALSE_POSITIVE
0,2010,6,MONSOON,0,0.12193598,HIGH,HIGH,0.09,FALSE_POSITIVE
21,2009,8,MONSOON,0,0.121916145,HIGH,HIGH,0.09,FALSE_POSITIVE
30,2014,5,PRE_MONSOON,0,0.121896416,HIGH,HIGH,0.09,FALSE_POSITIVE
32,2008,6,MONSOON,0,0.121871606,HIGH,HIGH,0.09,FALSE_POSITIVE
21,2009,6,MONSOON,0,0.12181758,HIGH,HIGH,0.09,FALSE_POSITIVE
0,2005,6,MONSOON,0,0.12180357,HIGH,HIGH,0.09,FALSE_POSITIVE
5,2013,5,PRE_MONSOON,0,0.121799216,HIGH,HIGH,0.09,FALSE_POSITIVE
3,2003,6,MONSOON,0,0.12179316,HIGH,HIGH,0.09,FALSE_POSITIVE
19,2004,6,MONSOON,0,0.12178713,HIGH,HIGH,0.09,FALSE_POSITIVE
3,2013,8,MONSOON,0,0.121673964,HIGH,HIGH,0.09,FALSE_POSITIVE
7,2012,6,MONSOON,0,0.121673286,HIGH,HIGH,0.09,FALSE_POSITIVE
5,2004,8,MONSOON,0,0.12159653,HIGH,HIGH,0.09,FALSE_POSITIVE
22,2013,5,PRE_MONSOON,0,0.1215275,HIGH,HIGH,0.09,FALSE_POSITIVE
20,2001,8,MONSOON,1,0.12150421,HIGH,HIGH,0.09,TRUE_POSITIVE
2,2013,7,MONSOON,1,0.121472545,HIGH,HIGH,0.09,TRUE_POSITIVE
3,2001,6,MONSOON,0,0.12138208,HIGH,HIGH,0.09,FALSE_POSITIVE
22,2011,6,MONSOON,0,0.12131899,HIGH,HIGH,0.09,FALSE_POSITIVE
28,2016,8,MONSOON,1,0.12130475,HIGH,HIGH,0.09,TRUE_POSITIVE
25,2001,8,MONSOON,0,0.121243976,HIGH,HIGH,0.09,FALSE_POSITIVE
2,2006,0,UNKNOWN,0,0.12109178,HIGH,HIGH,0.09,FALSE_POSITIVE
5,2002,6,MONSOON,1,0.12107914,HIGH,HIGH,0.09,TRUE_POSITIVE
21,2013,0,UNKNOWN,1,0.12105532,HIGH,HIGH,0.09,TRUE_POSITIVE
2,2013,8,MONSOON,1,0.12105174,HIGH,HIGH,0.09,TRUE_POSITIVE
16,2000,8,MONSOON,1,0.12104676,HIGH,HIGH,0.09,TRUE_POSITIVE
20,2009,8,MONSOON,0,0.12097436,HIGH,HIGH,0.09,FALSE_POSITIVE
7,2000,6,MONSOON,0,0.12095135,HIGH,HIGH,0.09,FALSE_POSITIVE
32,2010,8,MONSOON,0,0.12090307,HIGH,HIGH,0.09,FALSE_POSITIVE
20,2002,8,MONSOON,1,0.120893314,HIGH,HIGH,0.09,TRUE_POSITIVE
20,2007,8,MONSOON,0,0.120812066,HIGH,HIGH,0.09,FALSE_POSITIVE
28,2010,8,MONSOON,0,0.120772965,HIGH,HIGH,0.09,FALSE_POSITIVE
27,2010,5,PRE_MONSOON,0,0.12070922,HIGH,HIGH,0.09,FALSE_POSITIVE
20,2010,8,MONSOON,0,0.120707035,HIGH,HIGH,0.09,FALSE_POSITIVE
3,2010,5,PRE_MONSOON,1,0.1206927,HIGH,HIGH,0.09,TRUE_POSITIVE
16,2004,0,UNKNOWN,0,0.12067573,HIGH,HIGH,0.09,FALSE_POSITIVE
28,2004,6,MONSOON,0,0.120674655,HIGH,HIGH,0.09,FALSE_POSITIVE
30,2013,8,MONSOON,0,0.12063006,HIGH,HIGH,0.09,FALSE_POSITIVE
19,2009,0,UNKNOWN,0,0.1206051,HIGH,HIGH,0.09,FALSE_POSITIVE
25,2008,8,MONSOON,0,0.120535426,HIGH,HIGH,0.09,FALSE_POSITIVE
27,2014,5,PRE_MONSOON,0,0.12051207,HIGH,HIGH,0.09,FALSE_POSITIVE
27,2005,5,PRE_MONSOON,0,0.120494954,HIGH,HIGH,0.09,FALSE_POSITIVE
6,2000,6,MONSOON,0,0.12045794,HIGH,HIGH,0.09,FALSE_POSITIVE
19,2000,8,MONSOON,0,0.12041177,HIGH,HIGH,0.09,FALSE_POSITIVE
23,2009,5,PRE_MONSOON,0,0.12039162,HIGH,HIGH,0.09,FALSE_POSITIVE
7,2002,6,MONSOON,1,0.12038662,HIGH,HIGH,0.09,TRUE_POSITIVE
27,2007,0,UNKNOWN,0,0.12036002,HIGH,HIGH,0.09,FALSE_POSITIVE
33,2013,8,MONSOON,0,0.12034861,HIGH,HIGH,0.09,FALSE_POSITIVE
22,2010,8,MONSOON,0,0.12031418,HIGH,HIGH,0.09,FALSE_POSITIVE
2,2006,6,MONSOON,1,0.12030699,HIGH,HIGH,0.09,TRUE_POSITIVE
15,2003,8,MONSOON,0,0.12015328,HIGH,HIGH,0.09,FALSE_POSITIVE
22,2002,8,MONSOON,1,0.12005366,HIGH,HIGH,0.09,TRUE_POSITIVE
6,2014,0,UNKNOWN,1,0.12004785,HIGH,HIGH,0.09,TRUE_POSITIVE
22,2006,8,MONSOON,0,0.11989705,HIGH,HIGH,0.09,FALSE_POSITIVE
27,2006,0,UNKNOWN,0,0.11974997,HIGH,HIGH,0.09,FALSE_POSITIVE
28,2013,7,MONSOON,0,0.11970069,HIGH,HIGH,0.09,FALSE_POSITIVE
27,2004,6,MONSOON,0,0.1196878,HIGH,HIGH,0.09,FALSE_POSITIVE
4,2001,6,MONSOON,0,0.119670324,HIGH,HIGH,0.09,FALSE_POSITIVE
13,2012,8,MONSOON,0,0.119668,HIGH,HIGH,0.09,FALSE_POSITIVE
16,2013,7,MONSOON,0,0.11966718,HIGH,HIGH,0.09,FALSE_POSITIVE
19,2017,8,MONSOON,0,0.11966359,HIGH,HIGH,0.09,FALSE_POSITIVE
28,2017,6,MONSOON,0,0.119628854,HIGH,HIGH,0.09,FALSE_POSITIVE
28,2014,3,PRE_MONSOON,0,0.11960376,HIGH,HIGH,0.09,FALSE_POSITIVE
4,2007,5,PRE_MONSOON,0,0.119589865,HIGH,HIGH,0.09,FALSE_POSITIVE
25,2013,8,MONSOON,0,0.119555175,HIGH,HIGH,0.09,FALSE_POSITIVE
0,2009,6,MONSOON,0,0.11953641,HIGH,HIGH,0.09,FALSE_POSITIVE
20,2001,6,MONSOON,1,0.119498074,HIGH,HIGH,0.09,TRUE_POSITIVE
15,2005,8,MONSOON,0,0.11945548,HIGH,HIGH,0.09,FALSE_POSITIVE
4,2014,5,PRE_MONSOON,0,0.11940428,HIGH,HIGH,0.09,FALSE_POSITIVE
19,2011,8,MONSOON,0,0.119343325,HIGH,HIGH,0.09,FALSE_POSITIVE
27,2003,0,UNKNOWN,1,0.11934318,HIGH,HIGH,0.09,TRUE_POSITIVE
7,2017,0,UNKNOWN,0,0.11927507,HIGH,HIGH,0.09,FALSE_POSITIVE
30,2009,5,PRE_MONSOON,0,0.11926291,HIGH,HIGH,0.09,FALSE_POSITIVE
20,2005,8,MONSOON,0,0.119255275,HIGH,HIGH,0.09,FALSE_POSITIVE
5,2016,6,MONSOON,0,0.11925171,HIGH,HIGH,0.09,FALSE_POSITIVE
22,2014,5,PRE_MONSOON,0,0.11913618,HIGH,HIGH,0.09,FALSE_POSITIVE
28,2014,5,PRE_MONSOON,0,0.11909649,HIGH,HIGH,0.09,FALSE_POSITIVE
5,2002,8,MONSOON,1,0.119067185,HIGH,HIGH,0.09,TRUE_POSITIVE
27,2003,8,MONSOON,0,0.119020976,HIGH,HIGH,0.09,FALSE_POSITIVE
7,2014,8,MONSOON,0,0.11892848,HIGH,HIGH,0.09,FALSE_POSITIVE
30,2001,8,MONSOON,0,0.118910894,HIGH,HIGH,0.09,FALSE_POSITIVE
19,2015,8,MONSOON,1,0.1188652,HIGH,HIGH,0.09,TRUE_POSITIVE
21,2003,7,MONSOON,0,0.11886485,HIGH,HIGH,0.09,FALSE_POSITIVE
17,2008,5,PRE_MONSOON,0,0.11885469,HIGH,HIGH,0.09,FALSE_POSITIVE
4,2016,0,UNKNOWN,0,0.11879517,HIGH,HIGH,0.09,FALSE_POSITIVE
27,2012,0,UNKNOWN,0,0.11874118,HIGH,HIGH,0.09,FALSE_POSITIVE
19,2005,6,MONSOON,0,0.11872333,HIGH,HIGH,0.09,FALSE_POSITIVE
32,2017,0,UNKNOWN,0,0.118705414,HIGH,HIGH,0.09,FALSE_POSITIVE
25,2002,6,MONSOON,0,0.118695125,HIGH,HIGH,0.09,FALSE_POSITIVE
16,2009,8,MONSOON,0,0.1186897,HIGH,HIGH,0.09,FALSE_POSITIVE
2,2012,8,MONSOON,0,0.11860707,HIGH,HIGH,0.09,FALSE_POSITIVE
20,2008,8,MONSOON,0,0.11858025,HIGH,HIGH,0.09,FALSE_POSITIVE
18,2014,6,MONSOON,0,0.11856325,HIGH,HIGH,0.09,FALSE_POSITIVE
3,2001,0,UNKNOWN,0,0.118508875,HIGH,HIGH,0.09,FALSE_POSITIVE
32,2003,8,MONSOON,0,0.11848978,HIGH,HIGH,0.09,FALSE_POSITIVE
6,2001,6,MONSOON,0,0.11844812,HIGH,HIGH,0.09,FALSE_POSITIVE
25,2013,6,MONSOON,0,0.11840737,HIGH,HIGH,0.09,FALSE_POSITIVE
27,2004,0,UNKNOWN,0,0.11832941,HIGH,HIGH,0.09,FALSE_POSITIVE
28,2012,7,MONSOON,0,0.11830796,HIGH,HIGH,0.09,FALSE_POSITIVE
25,2012,6,MONSOON,0,0.11822178,HIGH,HIGH,0.09,FALSE_POSITIVE
20,2014,8,MONSOON,1,0.1181695,HIGH,HIGH,0.09,TRUE_POSITIVE
0,2013,6,MONSOON,0,0.11813269,HIGH,HIGH,0.09,FALSE_POSITIVE
32,2011,6,MONSOON,0,0.11802751,HIGH,HIGH,0.09,FALSE_POSITIVE
20,2017,5,PRE_MONSOON,0,0.11799716,HIGH,HIGH,0.09,FALSE_POSITIVE
15,2010,6,MONSOON,1,0.11796428,HIGH,HIGH,0.09,TRUE_POSITIVE
16,2012,6,MONSOON,0,0.11796381,HIGH,HIGH,0.09,FALSE_POSITIVE
4,2017,5,PRE_MONSOON,0,0.11770597,HIGH,HIGH,0.09,FALSE_POSITIVE
3,2013,5,PRE_MONSOON,0,0.1176811,HIGH,HIGH,0.09,FALSE_POSITIVE
18,2017,8,MONSOON,0,0.11763993,HIGH,HIGH,0.09,FALSE_POSITIVE
28,2001,5,PRE_MONSOON,0,0.1174708,HIGH,HIGH,0.09,FALSE_POSITIVE
32,2009,6,MONSOON,0,0.11745882,HIGH,HIGH,0.09,FALSE_POSITIVE
29,2013,5,PRE_MONSOON,0,0.11739877,HIGH,HIGH,0.09,FALSE_POSITIVE
28,2016,7,MONSOON,0,0.11739609,HIGH,HIGH,0.09,FALSE_POSITIVE
3,2009,8,MONSOON,0,0.117346585,HIGH,HIGH,0.09,FALSE_POSITIVE
11,2006,6,MONSOON,0,0.11729539,HIGH,HIGH,0.09,FALSE_POSITIVE
6,2007,6,MONSOON,0,0.11726618,HIGH,HIGH,0.09,FALSE_POSITIVE
6,2002,0,UNKNOWN,1,0.1171648,HIGH,HIGH,0.09,TRUE_POSITIVE
19,2017,0,UNKNOWN,0,0.117113546,HIGH,HIGH,0.09,FALSE_POSITIVE
16,2009,0,UNKNOWN,0,0.11709849,HIGH,HIGH,0.09,FALSE_POSITIVE
7,2017,6,MONSOON,1,0.11702426,HIGH,HIGH,0.09,TRUE_POSITIVE
24,2009,8,MONSOON,0,0.116988,HIGH,HIGH,0.09,FALSE_POSITIVE
25,2010,6,MONSOON,0,0.116986506,HIGH,HIGH,0.09,FALSE_POSITIVE
32,2007,0,UNKNOWN,0,0.116964296,HIGH,HIGH,0.09,FALSE_POSITIVE
6,2006,6,MONSOON,0,0.116890706,HIGH,HIGH,0.09,FALSE_POSITIVE
32,2008,0,UNKNOWN,0,0.11687997,HIGH,HIGH,0.09,FALSE_POSITIVE
35,2004,5,PRE_MONSOON,0,0.11686843,HIGH,HIGH,0.09,FALSE_POSITIVE
22,2011,8,MONSOON,0,0.116831265,HIGH,HIGH,0.09,FALSE_POSITIVE
23,2003,6,MONSOON,0,0.11682452,HIGH,HIGH,0.09,FALSE_POSITIVE
28,2016,6,MONSOON,1,0.116780594,HIGH,HIGH,0.09,TRUE_POSITIVE
22,2013,6,MONSOON,0,0.11677304,HIGH,HIGH,0.09,FALSE_POSITIVE
22,2004,6,MONSOON,0,0.11668093,HIGH,HIGH,0.09,FALSE_POSITIVE
20,2000,0,UNKNOWN,0,0.11666506,HIGH,HIGH,0.09,FALSE_POSITIVE
28,2006,7,MONSOON,0,0.11665047,HIGH,HIGH,0.09,FALSE_POSITIVE
20,2009,6,MONSOON,0,0.116631374,HIGH,HIGH,0.09,FALSE_POSITIVE
2,2006,5,PRE_MONSOON,1,0.11661835,HIGH,HIGH,0.09,TRUE_POSITIVE
2,2006,8,MONSOON,1,0.11659571,HIGH,HIGH,0.09,TRUE_POSITIVE
31,2011,6,MONSOON,0,0.11656199,HIGH,HIGH,0.09,FALSE_POSITIVE
28,2009,7,MONSOON,0,0.116511434,HIGH,HIGH,0.09,FALSE_POSITIVE
16,2014,6,MONSOON,0,0.11649664,HIGH,HIGH,0.09,FALSE_POSITIVE
10,2004,8,MONSOON,0,0.1164685,HIGH,HIGH,0.09,FALSE_POSITIVE
19,2016,6,MONSOON,0,0.116465844,HIGH,HIGH,0.09,FALSE_POSITIVE
31,2009,8,MONSOON,1,0.11629983,HIGH,HIGH,0.09,TRUE_POSITIVE
25,2011,5,PRE_MONSOON,0,0.11626612,HIGH,HIGH,0.09,FALSE_POSITIVE
28,2002,6,MONSOON,0,0.1162321,HIGH,HIGH,0.09,FALSE_POSITIVE
17,2014,5,PRE_MONSOON,0,0.116227224,HIGH,HIGH,0.09,FALSE_POSITIVE
7,2004,6,MONSOON,1,0.11618315,HIGH,HIGH,0.09,TRUE_POSITIVE
20,2005,6,MONSOON,0,0.11616868,HIGH,HIGH,0.09,FALSE_POSITIVE
0,2010,8,MONSOON,0,0.116116874,HIGH,HIGH,0.09,FALSE_POSITIVE
21,2009,0,UNKNOWN,0,0.11608828,HIGH,HIGH,0.09,FALSE_POSITIVE
23,2002,0,UNKNOWN,1,0.11606852,HIGH,HIGH,0.09,TRUE_POSITIVE
7,2000,0,UNKNOWN,0,0.11604828,HIGH,HIGH,0.09,FALSE_POSITIVE
30,2009,8,MONSOON,0,0.116028346,HIGH,HIGH,0.09,FALSE_POSITIVE
25,2012,5,PRE_MONSOON,0,0.11598512,HIGH,HIGH,0.09,FALSE_POSITIVE
21,2003,5,PRE_MONSOON,0,0.11583027,HIGH,HIGH,0.09,FALSE_POSITIVE
22,2005,8,MONSOON,0,0.11576912,HIGH,HIGH,0.09,FALSE_POSITIVE
31,2016,6,MONSOON,0,0.11575286,HIGH,HIGH,0.09,FALSE_POSITIVE
20,2010,6,MONSOON,0,0.11572562,HIGH,HIGH,0.09,FALSE_POSITIVE
6,2012,5,PRE_MONSOON,0,0.115722805,HIGH,HIGH,0.09,FALSE_POSITIVE
20,2013,6,MONSOON,0,0.11553166,HIGH,HIGH,0.09,FALSE_POSITIVE
6,2017,5,PRE_MONSOON,0,0.11549634,HIGH,HIGH,0.09,FALSE_POSITIVE
25,2008,5,PRE_MONSOON,0,0.11544433,HIGH,HIGH,0.09,FALSE_POSITIVE
15,2009,8,MONSOON,1,0.115380816,HIGH,HIGH,0.09,TRUE_POSITIVE
20,2004,6,MONSOON,0,0.11535726,HIGH,HIGH,0.09,FALSE_POSITIVE
21,2011,8,MONSOON,0,0.11535228,HIGH,HIGH,0.09,FALSE_POSITIVE
10,2012,6,MONSOON,0,0.115351595,HIGH,HIGH,0.09,FALSE_POSITIVE
22,2017,8,MONSOON,0,0.11528532,HIGH,HIGH,0.09,FALSE_POSITIVE
25,2016,6,MONSOON,0,0.11525042,HIGH,HIGH,0.09,FALSE_POSITIVE
27,2015,5,PRE_MONSOON,0,0.11523072,HIGH,HIGH,0.09,FALSE_POSITIVE
22,2013,8,MONSOON,0,0.11521889,HIGH,HIGH,0.09,FALSE_POSITIVE
18,2006,8,MONSOON,0,0.11519193,HIGH,HIGH,0.09,FALSE_POSITIVE
32,2004,8,MONSOON,0,0.1151856,HIGH,HIGH,0.09,FALSE_POSITIVE
5,2017,8,MONSOON,0,0.115163766,HIGH,HIGH,0.09,FALSE_POSITIVE
20,2000,8,MONSOON,0,0.115161315,HIGH,HIGH,0.09,FALSE_POSITIVE
7,2011,8,MONSOON,0,0.1151115,HIGH,HIGH,0.09,FALSE_POSITIVE
22,2010,5,PRE_MONSOON,0,0.11508389,HIGH,HIGH,0.09,FALSE_POSITIVE
30,2017,8,MONSOON,0,0.1150737,HIGH,HIGH,0.09,FALSE_POSITIVE
16,2000,5,PRE_MONSOON,0,0.11506436,HIGH,HIGH,0.09,FALSE_POSITIVE
24,2007,8,MONSOON,0,0.11504336,HIGH,HIGH,0.09,FALSE_POSITIVE
19,2001,6,MONSOON,0,0.11504314,HIGH,HIGH,0.09,FALSE_POSITIVE
0,2005,5,PRE_MONSOON,0,0.11498361,HIGH,HIGH,0.09,FALSE_POSITIVE
19,2011,6,MONSOON,0,0.114962265,HIGH,HIGH,0.09,FALSE_POSITIVE
19,2012,6,MONSOON,0,0.11489477,HIGH,HIGH,0.09,FALSE_POSITIVE
28,2003,0,UNKNOWN,0,0.114879884,HIGH,HIGH,0.09,FALSE_POSITIVE
27,2013,0,UNKNOWN,0,0.11487389,HIGH,HIGH,0.09,FALSE_POSITIVE
16,2017,0,UNKNOWN,0,0.11483606,HIGH,HIGH,0.09,FALSE_POSITIVE
0,2007,5,PRE_MONSOON,0,0.11476722,HIGH,HIGH,0.09,FALSE_POSITIVE
19,2010,6,MONSOON,0,0.11474865,HIGH,HIGH,0.09,FALSE_POSITIVE
17,2010,5,PRE_MONSOON,0,0.11467146,HIGH,HIGH,0.09,FALSE_POSITIVE
27,2002,0,UNKNOWN,1,0.114625916,HIGH,HIGH,0.09,TRUE_POSITIVE
16,2014,8,MONSOON,0,0.11456124,HIGH,HIGH,0.09,FALSE_POSITIVE
6,2009,5,PRE_MONSOON,0,0.114510454,HIGH,HIGH,0.09,FALSE_POSITIVE
21,2004,0,UNKNOWN,0,0.11440859,HIGH,HIGH,0.09,FALSE_POSITIVE
6,2007,0,UNKNOWN,0,0.11438465,HIGH,HIGH,0.09,FALSE_POSITIVE
7,2013,8,MONSOON,0,0.114301935,HIGH,HIGH,0.09,FALSE_POSITIVE
22,2006,5,PRE_MONSOON,0,0.11412735,HIGH,HIGH,0.09,FALSE_POSITIVE
10,2016,8,MONSOON,0,0.114035234,HIGH,HIGH,0.09,FALSE_POSITIVE
28,2005,8,MONSOON,0,0.11402108,HIGH,HIGH,0.09,FALSE_POSITIVE
31,2011,8,MONSOON,0,0.11401035,HIGH,HIGH,0.09,FALSE_POSITIVE
21,2001,5,PRE_MONSOON,0,0.113972664,HIGH,HIGH,0.09,FALSE_POSITIVE
19,2017,6,MONSOON,0,0.11395026,HIGH,HIGH,0.09,FALSE_POSITIVE
27,2001,0,UNKNOWN,1,0.11386997,HIGH,HIGH,0.09,TRUE_POSITIVE
3,2006,6,MONSOON,1,0.11385458,HIGH,HIGH,0.09,TRUE_POSITIVE
15,2017,8,MONSOON,0,0.113847695,HIGH,HIGH,0.09,FALSE_POSITIVE
22,2009,8,MONSOON,0,0.113778904,HIGH,HIGH,0.09,FALSE_POSITIVE
5,2004,6,MONSOON,0,0.11374838,HIGH,HIGH,0.09,FALSE_POSITIVE
19,2000,6,MONSOON,0,0.113738954,HIGH,HIGH,0.09,FALSE_POSITIVE
6,2013,0,UNKNOWN,0,0.113698564,HIGH,HIGH,0.09,FALSE_POSITIVE
17,2001,6,MONSOON,0,0.11368109,HIGH,HIGH,0.09,FALSE_POSITIVE
28,2002,7,MONSOON,0,0.113661505,HIGH,HIGH,0.09,FALSE_POSITIVE
23,2014,5,PRE_MONSOON,0,0.113643505,HIGH,HIGH,0.09,FALSE_POSITIVE
15,2015,8,MONSOON,0,0.11363114,HIGH,HIGH,0.09,FALSE_POSITIVE
10,2000,8,MONSOON,1,0.11360279,HIGH,HIGH,0.09,TRUE_POSITIVE
19,2001,5,PRE_MONSOON,0,0.11356226,HIGH,HIGH,0.09,FALSE_POSITIVE
6,2016,0,UNKNOWN,0,0.113327175,HIGH,HIGH,0.09,FALSE_POSITIVE
27,2000,0,UNKNOWN,0,0.11332113,HIGH,HIGH,0.09,FALSE_POSITIVE
21,2011,5,PRE_MONSOON,0,0.113315344,HIGH,HIGH,0.09,FALSE_POSITIVE
16,2006,0,UNKNOWN,0,0.113310166,HIGH,HIGH,0.09,FALSE_POSITIVE
22,2015,8,MONSOON,1,0.11328518,HIGH,HIGH,0.09,TRUE_POSITIVE
3,2017,5,PRE_MONSOON,0,0.113240674,HIGH,HIGH,0.09,FALSE_POSITIVE
22,2000,8,MONSOON,0,0.113139145,HIGH,HIGH,0.09,FALSE_POSITIVE
31,2000,8,MONSOON,0,0.113132544,HIGH,HIGH,0.09,FALSE_POSITIVE
17,2009,5,PRE_MONSOON,1,0.113088496,HIGH,HIGH,0.09,TRUE_POSITIVE
6,2005,6,MONSOON,0,0.11307589,HIGH,HIGH,0.09,FALSE_POSITIVE
28,2008,6,MONSOON,0,0.11306406,HIGH,HIGH,0.09,FALSE_POSITIVE
10,2006,8,MONSOON,0,0.11303678,HIGH,HIGH,0.09,FALSE_POSITIVE
0,2010,5,PRE_MONSOON,0,0.113020785,HIGH,HIGH,0.09,FALSE_POSITIVE
2,2015,0,UNKNOWN,1,0.11300936,HIGH,HIGH,0.09,TRUE_POSITIVE
17,2012,6,MONSOON,0,0.11300718,HIGH,HIGH,0.09,FALSE_POSITIVE
17,2002,0,UNKNOWN,1,0.11297669,HIGH,HIGH,0.09,TRUE_POSITIVE
15,2001,6,MONSOON,0,0.112926275,HIGH,HIGH,0.09,FALSE_POSITIVE
27,2008,6,MONSOON,0,0.112926245,HIGH,HIGH,0.09,FALSE_POSITIVE
2,2000,5,PRE_MONSOON,0,0.11291208,HIGH,HIGH,0.09,FALSE_POSITIVE
17,2000,0,UNKNOWN,0,0.11275726,HIGH,HIGH,0.09,FALSE_POSITIVE
25,2012,8,MONSOON,0,0.112711735,HIGH,HIGH,0.09,FALSE_POSITIVE
21,2006,0,UNKNOWN,0,0.11260922,HIGH,HIGH,0.09,FALSE_POSITIVE
25,2014,5,PRE_MONSOON,0,0.11258023,HIGH,HIGH,0.09,FALSE_POSITIVE
2,2009,3,PRE_MONSOON,0,0.11254102,HIGH,HIGH,0.09,FALSE_POSITIVE
25,2005,8,MONSOON,0,0.11252446,HIGH,HIGH,0.09,FALSE_POSITIVE
25,2013,5,PRE_MONSOON,0,0.11249891,HIGH,HIGH,0.09,FALSE_POSITIVE
19,2003,6,MONSOON,0,0.11249508,HIGH,HIGH,0.09,FALSE_POSITIVE
5,2006,6,MONSOON,0,0.112495035,HIGH,HIGH,0.09,FALSE_POSITIVE
5,2001,8,MONSOON,0,0.112492,HIGH,HIGH,0.09,FALSE_POSITIVE
20,2002,6,MONSOON,1,0.112430826,HIGH,HIGH,0.09,TRUE_POSITIVE
15,2008,8,MONSOON,0,0.11240428,HIGH,HIGH,0.09,FALSE_POSITIVE
21,2002,0,UNKNOWN,0,0.1123928,HIGH,HIGH,0.09,FALSE_POSITIVE
16,2017,8,MONSOON,0,0.11232848,HIGH,HIGH,0.09,FALSE_POSITIVE
0,2004,0,UNKNOWN,0,0.112315305,HIGH,HIGH,0.09,FALSE_POSITIVE
0,2004,8,MONSOON,0,0.112301275,HIGH,HIGH,0.09,FALSE_POSITIVE
22,2007,8,MONSOON,0,0.11229947,HIGH,HIGH,0.09,FALSE_POSITIVE
23,2011,6,MONSOON,1,0.112287186,HIGH,HIGH,0.09,TRUE_POSITIVE
10,2009,8,MONSOON,1,0.11228659,HIGH,HIGH,0.09,TRUE_POSITIVE
19,2002,5,PRE_MONSOON,0,0.11227219,HIGH,HIGH,0.09,FALSE_POSITIVE
9,2004,6,MONSOON,1,0.112216406,HIGH,HIGH,0.09,TRUE_POSITIVE
22,2005,6,MONSOON,0,0.11217531,HIGH,HIGH,0.09,FALSE_POSITIVE
25,2010,8,MONSOON,0,0.112154834,HIGH,HIGH,0.09,FALSE_POSITIVE
31,2014,6,MONSOON,0,0.11211982,HIGH,HIGH,0.09,FALSE_POSITIVE
23,2013,0,UNKNOWN,0,0.11211848,HIGH,HIGH,0.09,FALSE_POSITIVE
15,2002,8,MONSOON,1,0.11210375,HIGH,HIGH,0.09,TRUE_POSITIVE
20,2001,5,PRE_MONSOON,0,0.11209125,HIGH,HIGH,0.09,FALSE_POSITIVE
15,2007,8,MONSOON,0,0.11200077,HIGH,HIGH,0.09,FALSE_POSITIVE
21,2008,6,MONSOON,0,0.11193001,HIGH,HIGH,0.09,FALSE_POSITIVE
7,2000,8,MONSOON,0,0.111912996,HIGH,HIGH,0.09,FALSE_POSITIVE
2,2012,6,MONSOON,0,0.111886606,HIGH,HIGH,0.09,FALSE_POSITIVE
20,2007,5,PRE_MONSOON,0,0.11183343,HIGH,HIGH,0.09,FALSE_POSITIVE
20,2017,6,MONSOON,0,0.11174761,HIGH,HIGH,0.09,FALSE_POSITIVE
28,2009,5,PRE_MONSOON,1,0.111743875,HIGH,HIGH,0.09,TRUE_POSITIVE
19,2013,6,MONSOON,0,0.111730546,HIGH,HIGH,0.09,FALSE_POSITIVE
6,2002,5,PRE_MONSOON,0,0.11171003,HIGH,HIGH,0.09,FALSE_POSITIVE
15,2004,8,MONSOON,1,0.11170987,HIGH,HIGH,0.09,TRUE_POSITIVE
21,2015,6,MONSOON,0,0.11169402,HIGH,HIGH,0.09,FALSE_POSITIVE
21,2003,0,UNKNOWN,1,0.11166313,HIGH,HIGH,0.09,TRUE_POSITIVE
20,2006,5,PRE_MONSOON,0,0.11163964,HIGH,HIGH,0.09,FALSE_POSITIVE
19,2000,0,UNKNOWN,0,0.11156481,HIGH,HIGH,0.09,FALSE_POSITIVE
25,2002,8,MONSOON,0,0.11148484,HIGH,HIGH,0.09,FALSE_POSITIVE
16,2013,8,MONSOON,0,0.11143406,HIGH,HIGH,0.09,FALSE_POSITIVE
15,2012,6,MONSOON,0,0.111372985,HIGH,HIGH,0.09,FALSE_POSITIVE
7,2003,8,MONSOON,0,0.11136294,HIGH,HIGH,0.09,FALSE_POSITIVE
21,2003,8,MONSOON,1,0.11135273,HIGH,HIGH,0.09,TRUE_POSITIVE
5,2007,0,UNKNOWN,0,0.111295745,HIGH,HIGH,0.09,FALSE_POSITIVE
10,2010,8,MONSOON,0,0.11126188,HIGH,HIGH,0.09,FALSE_POSITIVE
4,2000,5,PRE_MONSOON,1,0.11126058,HIGH,HIGH,0.09,TRUE_POSITIVE
21,2003,6,MONSOON,1,0.111252435,HIGH,HIGH,0.09,TRUE_POSITIVE
2,2013,6,MONSOON,0,0.11118748,HIGH,HIGH,0.09,FALSE_POSITIVE
28,2015,6,MONSOON,1,0.11118366,HIGH,HIGH,0.09,TRUE_POSITIVE
20,2006,8,MONSOON,0,0.111134686,HIGH,HIGH,0.09,FALSE_POSITIVE
29,2012,5,PRE_MONSOON,0,0.11100969,HIGH,HIGH,0.09,FALSE_POSITIVE
30,2001,6,MONSOON,0,0.11099651,HIGH,HIGH,0.09,FALSE_POSITIVE
27,2011,0,UNKNOWN,0,0.11099632,HIGH,HIGH,0.09,FALSE_POSITIVE
6,2006,5,PRE_MONSOON,0,0.110990934,HIGH,HIGH,0.09,FALSE_POSITIVE
23,2001,0,UNKNOWN,0,0.110982165,HIGH,HIGH,0.09,FALSE_POSITIVE
22,2004,5,PRE_MONSOON,0,0.11085543,HIGH,HIGH,0.09,FALSE_POSITIVE
23,2017,0,UNKNOWN,0,0.11084599,HIGH,HIGH,0.09,FALSE_POSITIVE
5,2015,8,MONSOON,0,0.11082436,HIGH,HIGH,0.09,FALSE_POSITIVE
25,2014,8,MONSOON,0,0.110812545,HIGH,HIGH,0.09,FALSE_POSITIVE
16,2007,7,MONSOON,0,0.11079923,HIGH,HIGH,0.09,FALSE_POSITIVE
7,2010,8,MONSOON,0,0.11077051,HIGH,HIGH,0.09,FALSE_POSITIVE
15,2014,6,MONSOON,0,0.11075959,HIGH,HIGH,0.09,FALSE_POSITIVE
16,2009,6,MONSOON,0,0.110575624,HIGH,HIGH,0.09,FALSE_POSITIVE
10,2001,8,MONSOON,0,0.11051418,HIGH,HIGH,0.09,FALSE_POSITIVE
16,2013,0,UNKNOWN,0,0.11051178,HIGH,HIGH,0.09,FALSE_POSITIVE
6,2003,8,MONSOON,0,0.11050175,HIGH,HIGH,0.09,FALSE_POSITIVE
2,2016,0,UNKNOWN,0,0.11042279,HIGH,HIGH,0.09,FALSE_POSITIVE
5,2014,8,MONSOON,1,0.11037836,HIGH,HIGH,0.09,TRUE_POSITIVE
15,2003,6,MONSOON,0,0.110376745,HIGH,HIGH,0.09,FALSE_POSITIVE
4,2012,5,PRE_MONSOON,0,0.11035156,HIGH,HIGH,0.09,FALSE_POSITIVE
11,2008,6,MONSOON,0,0.11032502,HIGH,HIGH,0.09,FALSE_POSITIVE
23,2003,0,UNKNOWN,0,0.110247605,HIGH,HIGH,0.09,FALSE_POSITIVE
22,2009,5,PRE_MONSOON,0,0.11011836,HIGH,HIGH,0.09,FALSE_POSITIVE
25,2014,6,MONSOON,0,0.11002291,HIGH,HIGH,0.09,FALSE_POSITIVE
17,2005,5,PRE_MONSOON,0,0.10985891,HIGH,HIGH,0.09,FALSE_POSITIVE
2,2001,0,UNKNOWN,0,0.10983902,HIGH,HIGH,0.09,FALSE_POSITIVE
11,2014,8,MONSOON,0,0.109839,HIGH,HIGH,0.09,FALSE_POSITIVE
18,2012,8,MONSOON,0,0.109734535,HIGH,HIGH,0.09,FALSE_POSITIVE
11,2007,6,MONSOON,0,0.109666795,HIGH,HIGH,0.09,FALSE_POSITIVE
3,2002,5,PRE_MONSOON,0,0.109643266,HIGH,HIGH,0.09,FALSE_POSITIVE
30,2011,5,PRE_MONSOON,0,0.109617695,HIGH,HIGH,0.09,FALSE_POSITIVE
22,2003,5,PRE_MONSOON,0,0.1096014,HIGH,HIGH,0.09,FALSE_POSITIVE
7,2009,8,MONSOON,1,0.10955499,HIGH,HIGH,0.09,TRUE_POSITIVE
5,2009,8,MONSOON,0,0.109538965,HIGH,HIGH,0.09,FALSE_POSITIVE
20,2007,6,MONSOON,0,0.10951802,HIGH,HIGH,0.09,FALSE_POSITIVE
20,2000,6,MONSOON,0,0.10951802,HIGH,HIGH,0.09,FALSE_POSITIVE
2,2009,8,MONSOON,1,0.10950802,HIGH,HIGH,0.09,TRUE_POSITIVE
15,2007,6,MONSOON,0,0.10949079,HIGH,HIGH,0.09,FALSE_POSITIVE
20,2007,0,UNKNOWN,0,0.109454535,HIGH,HIGH,0.09,FALSE_POSITIVE
5,2010,6,MONSOON,0,0.10945149,HIGH,HIGH,0.09,FALSE_POSITIVE
15,2008,6,MONSOON,0,0.10939187,HIGH,HIGH,0.09,FALSE_POSITIVE
6,2011,8,MONSOON,0,0.109370545,HIGH,HIGH,0.09,FALSE_POSITIVE
2,2002,0,UNKNOWN,0,0.10936771,HIGH,HIGH,0.09,FALSE_POSITIVE
10,2008,8,MONSOON,0,0.10935539,HIGH,HIGH,0.09,FALSE_POSITIVE
18,2002,6,MONSOON,1,0.10932465,HIGH,HIGH,0.09,TRUE_POSITIVE
5,2016,8,MONSOON,0,0.10924425,HIGH,HIGH,0.09,FALSE_POSITIVE
25,2002,1,WINTER,0,0.10924279,HIGH,HIGH,0.09,FALSE_POSITIVE
25,2011,8,MONSOON,0,0.109205395,HIGH,HIGH,0.09,FALSE_POSITIVE
6,2005,0,UNKNOWN,0,0.10918045,HIGH,HIGH,0.09,FALSE_POSITIVE
15,2010,8,MONSOON,1,0.10915429,HIGH,HIGH,0.09,TRUE_POSITIVE
23,2011,0,UNKNOWN,1,0.109102644,HIGH,HIGH,0.09,TRUE_POSITIVE
0,2014,5,PRE_MONSOON,0,0.10909229,HIGH,HIGH,0.09,FALSE_POSITIVE
5,2005,6,MONSOON,0,0.109060735,HIGH,HIGH,0.09,FALSE_POSITIVE
25,2001,5,PRE_MONSOON,0,0.109042116,HIGH,HIGH,0.09,FALSE_POSITIVE
15,2001,8,MONSOON,0,0.109003134,HIGH,HIGH,0.09,FALSE_POSITIVE
15,2000,8,MONSOON,1,0.10898521,HIGH,HIGH,0.09,TRUE_POSITIVE
15,2017,0,UNKNOWN,0,0.10895975,HIGH,HIGH,0.09,FALSE_POSITIVE
15,2005,6,MONSOON,0,0.10895315,HIGH,HIGH,0.09,FALSE_POSITIVE
22,2006,0,UNKNOWN,0,0.10892896,HIGH,HIGH,0.09,FALSE_POSITIVE
10,2002,8,MONSOON,0,0.10885532,HIGH,HIGH,0.09,FALSE_POSITIVE
16,2001,6,MONSOON,0,0.108807646,HIGH,HIGH,0.09,FALSE_POSITIVE
19,2008,6,MONSOON,0,0.10880325,HIGH,HIGH,0.09,FALSE_POSITIVE
27,2016,5,PRE_MONSOON,1,0.108679004,HIGH,HIGH,0.09,TRUE_POSITIVE
28,2006,6,MONSOON,0,0.10865741,HIGH,HIGH,0.09,FALSE_POSITIVE
32,2000,0,UNKNOWN,0,0.10862045,HIGH,HIGH,0.09,FALSE_POSITIVE
21,2005,7,MONSOON,1,0.10860854,HIGH,HIGH,0.09,TRUE_POSITIVE
20,2006,0,UNKNOWN,0,0.10859732,HIGH,HIGH,0.09,FALSE_POSITIVE
16,2007,6,MONSOON,0,0.10858609,HIGH,HIGH,0.09,FALSE_POSITIVE
20,2002,5,PRE_MONSOON,0,0.10858436,HIGH,HIGH,0.09,FALSE_POSITIVE
28,2013,3,PRE_MONSOON,0,0.1085684,HIGH,HIGH,0.09,FALSE_POSITIVE
31,2000,6,MONSOON,0,0.10850799,HIGH,HIGH,0.09,FALSE_POSITIVE
28,2015,3,PRE_MONSOON,0,0.10843714,HIGH,HIGH,0.09,FALSE_POSITIVE
31,2008,8,MONSOON,0,0.10843433,HIGH,HIGH,0.09,FALSE_POSITIVE
21,2014,0,UNKNOWN,0,0.10841815,HIGH,HIGH,0.09,FALSE_POSITIVE
2,2008,8,MONSOON,0,0.10833182,HIGH,HIGH,0.09,FALSE_POSITIVE
22,2012,8,MONSOON,0,0.10832364,HIGH,HIGH,0.09,FALSE_POSITIVE
25,2009,8,MONSOON,0,0.10831998,HIGH,HIGH,0.09,FALSE_POSITIVE
10,2017,8,MONSOON,0,0.10830598,HIGH,HIGH,0.09,FALSE_POSITIVE
3,2008,0,UNKNOWN,0,0.10828828,HIGH,HIGH,0.09,FALSE_POSITIVE
9,2002,6,MONSOON,1,0.10826537,HIGH,HIGH,0.09,TRUE_POSITIVE
25,2016,5,PRE_MONSOON,1,0.10819654,HIGH,HIGH,0.09,TRUE_POSITIVE
5,2011,6,MONSOON,0,0.108179264,HIGH,HIGH,0.09,FALSE_POSITIVE
0,2014,6,MONSOON,0,0.10813197,HIGH,HIGH,0.09,FALSE_POSITIVE
30,2001,5,PRE_MONSOON,0,0.10812721,HIGH,HIGH,0.09,FALSE_POSITIVE
22,2010,0,UNKNOWN,0,0.10810969,HIGH,HIGH,0.09,FALSE_POSITIVE
25,2004,5,PRE_MONSOON,1,0.10796086,HIGH,HIGH,0.09,TRUE_POSITIVE
0,2007,6,MONSOON,0,0.10794623,HIGH,HIGH,0.09,FALSE_POSITIVE
24,2007,6,MONSOON,0,0.10789678,HIGH,HIGH,0.09,FALSE_POSITIVE
11,2014,6,MONSOON,0,0.1078833,HIGH,HIGH,0.09,FALSE_POSITIVE
32,2016,8,MONSOON,0,0.107802525,HIGH,HIGH,0.09,FALSE_POSITIVE
23,2000,0,UNKNOWN,0,0.10770956,HIGH,HIGH,0.09,FALSE_POSITIVE
23,2002,5,PRE_MONSOON,0,0.10770215,HIGH,HIGH,0.09,FALSE_POSITIVE
33,2011,8,MONSOON,0,0.10766369,HIGH,HIGH,0.09,FALSE_POSITIVE
6,2012,6,MONSOON,0,0.10756374,HIGH,HIGH,0.09,FALSE_POSITIVE
2,2013,5,PRE_MONSOON,0,0.1075003,HIGH,HIGH,0.09,FALSE_POSITIVE
16,2003,7,MONSOON,0,0.10741326,HIGH,HIGH,0.09,FALSE_POSITIVE
10,2017,6,MONSOON,0,0.107410565,HIGH,HIGH,0.09,FALSE_POSITIVE
2,2012,5,PRE_MONSOON,0,0.10740705,HIGH,HIGH,0.09,FALSE_POSITIVE
5,2011,5,PRE_MONSOON,0,0.10739983,HIGH,HIGH,0.09,FALSE_POSITIVE
29,2013,6,MONSOON,0,0.10733868,HIGH,HIGH,0.09,FALSE_POSITIVE
18,2000,6,MONSOON,1,0.107271716,HIGH,HIGH,0.09,TRUE_POSITIVE
30,2002,8,MONSOON,1,0.10726587,HIGH,HIGH,0.09,TRUE_POSITIVE
32,2004,5,PRE_MONSOON,0,0.107231356,HIGH,HIGH,0.09,FALSE_POSITIVE
3,2012,5,PRE_MONSOON,0,0.10699157,HIGH,HIGH,0.09,FALSE_POSITIVE
24,2012,8,MONSOON,0,0.10698544,HIGH,HIGH,0.09,FALSE_POSITIVE
2,2004,5,PRE_MONSOON,0,0.10696028,HIGH,HIGH,0.09,FALSE_POSITIVE
10,2014,8,MONSOON,0,0.106914945,HIGH,HIGH,0.09,FALSE_POSITIVE
5,2000,6,MONSOON,0,0.10683325,HIGH,HIGH,0.09,FALSE_POSITIVE
17,2011,6,MONSOON,0,0.10680329,HIGH,HIGH,0.09,FALSE_POSITIVE
33,2007,8,MONSOON,0,0.106785156,HIGH,HIGH,0.09,FALSE_POSITIVE
4,2003,6,MONSOON,0,0.10677743,HIGH,HIGH,0.09,FALSE_POSITIVE
10,2007,8,MONSOON,0,0.10665533,HIGH,HIGH,0.09,FALSE_POSITIVE
32,2005,8,MONSOON,0,0.106645726,HIGH,HIGH,0.09,FALSE_POSITIVE
19,2004,0,UNKNOWN,0,0.106601484,HIGH,HIGH,0.09,FALSE_POSITIVE
10,2005,8,MONSOON,0,0.10657964,HIGH,HIGH,0.09,FALSE_POSITIVE
10,2003,6,MONSOON,0,0.10657939,HIGH,HIGH,0.09,FALSE_POSITIVE
4,2005,0,UNKNOWN,0,0.106572405,HIGH,HIGH,0.09,FALSE_POSITIVE
6,2014,5,PRE_MONSOON,0,0.10647328,HIGH,HIGH,0.09,FALSE_POSITIVE
28,2003,7,MONSOON,0,0.10644199,HIGH,HIGH,0.09,FALSE_POSITIVE
5,2000,8,MONSOON,0,0.10641686,HIGH,HIGH,0.09,FALSE_POSITIVE
6,2001,0,UNKNOWN,0,0.10636138,HIGH,HIGH,0.09,FALSE_POSITIVE
21,2004,7,MONSOON,0,0.10634597,HIGH,HIGH,0.09,FALSE_POSITIVE
18,2016,6,MONSOON,0,0.10631821,HIGH,HIGH,0.09,FALSE_POSITIVE
2,2002,7,MONSOON,0,0.10628858,HIGH,HIGH,0.09,FALSE_POSITIVE
7,2003,6,MONSOON,0,0.10623655,HIGH,HIGH,0.09,FALSE_POSITIVE
4,2006,0,UNKNOWN,0,0.10622594,HIGH,HIGH,0.09,FALSE_POSITIVE
7,2016,6,MONSOON,0,0.10620041,HIGH,HIGH,0.09,FALSE_POSITIVE
4,2009,0,UNKNOWN,1,0.1061473,HIGH,HIGH,0.09,TRUE_POSITIVE
21,2013,7,MONSOON,1,0.10609852,HIGH,HIGH,0.09,TRUE_POSITIVE
2,2011,0,UNKNOWN,1,0.10608513,HIGH,HIGH,0.09,TRUE_POSITIVE
2,2001,5,PRE_MONSOON,0,0.106065325,HIGH,HIGH,0.09,FALSE_POSITIVE
31,2009,5,PRE_MONSOON,1,0.106024355,HIGH,HIGH,0.09,TRUE_POSITIVE
11,2004,6,MONSOON,0,0.10594007,HIGH,HIGH,0.09,FALSE_POSITIVE
23,2010,0,UNKNOWN,0,0.10590067,HIGH,HIGH,0.09,FALSE_POSITIVE
9,2009,8,MONSOON,0,0.105885655,HIGH,HIGH,0.09,FALSE_POSITIVE
4,2013,5,PRE_MONSOON,0,0.105837926,HIGH,HIGH,0.09,FALSE_POSITIVE
25,2006,8,MONSOON,0,0.10583429,HIGH,HIGH,0.09,FALSE_POSITIVE
3,2012,8,MONSOON,0,0.10577923,HIGH,HIGH,0.09,FALSE_POSITIVE
4,2001,8,MONSOON,0,0.10577273,HIGH,HIGH,0.09,FALSE_POSITIVE
2,2001,8,MONSOON,0,0.105711184,HIGH,HIGH,0.09,FALSE_POSITIVE
0,2003,5,PRE_MONSOON,0,0.105680734,HIGH,HIGH,0.09,FALSE_POSITIVE
2,2007,7,MONSOON,0,0.10567482,HIGH,HIGH,0.09,FALSE_POSITIVE
5,2001,6,MONSOON,0,0.10565749,HIGH,HIGH,0.09,FALSE_POSITIVE
19,2014,5,PRE_MONSOON,0,0.105605416,HIGH,HIGH,0.09,FALSE_POSITIVE
21,2002,8,MONSOON,0,0.105525345,HIGH,HIGH,0.09,FALSE_POSITIVE
4,2008,0,UNKNOWN,0,0.10548169,HIGH,HIGH,0.09,FALSE_POSITIVE
4,2001,5,PRE_MONSOON,0,0.10541458,HIGH,HIGH,0.09,FALSE_POSITIVE
28,2002,0,UNKNOWN,0,0.10531677,HIGH,HIGH,0.09,FALSE_POSITIVE
2,2014,7,MONSOON,1,0.10531041,HIGH,HIGH,0.09,TRUE_POSITIVE
31,2012,5,PRE_MONSOON,0,0.105283104,HIGH,HIGH,0.09,FALSE_POSITIVE
25,2009,6,MONSOON,0,0.10520389,HIGH,HIGH,0.09,FALSE_POSITIVE
0,2004,6,MONSOON,0,0.10519888,HIGH,HIGH,0.09,FALSE_POSITIVE
3,2001,5,PRE_MONSOON,0,0.10518917,HIGH,HIGH,0.09,FALSE_POSITIVE
21,2008,0,UNKNOWN,0,0.10509291,HIGH,HIGH,0.09,FALSE_POSITIVE
24,2008,5,PRE_MONSOON,0,0.10503304,HIGH,HIGH,0.09,FALSE_POSITIVE
0,2015,8,MONSOON,0,0.10501244,HIGH,HIGH,0.09,FALSE_POSITIVE
10,2003,8,MONSOON,0,0.105000034,HIGH,HIGH,0.09,FALSE_POSITIVE
4,2005,5,PRE_MONSOON,0,0.104922555,HIGH,HIGH,0.09,FALSE_POSITIVE
16,2007,5,PRE_MONSOON,0,0.10492144,HIGH,HIGH,0.09,FALSE_POSITIVE
16,2012,5,PRE_MONSOON,0,0.104836516,HIGH,HIGH,0.09,FALSE_POSITIVE
30,2017,6,MONSOON,0,0.10476603,HIGH,HIGH,0.09,FALSE_POSITIVE
18,2015,6,MONSOON,0,0.104742,HIGH,HIGH,0.09,FALSE_POSITIVE
6,2004,5,PRE_MONSOON,0,0.10471538,HIGH,HIGH,0.09,FALSE_POSITIVE
31,2016,8,MONSOON,0,0.10470621,HIGH,HIGH,0.09,FALSE_POSITIVE
16,2006,8,MONSOON,0,0.10467712,HIGH,HIGH,0.09,FALSE_POSITIVE
25,2004,8,MONSOON,1,0.104676686,HIGH,HIGH,0.09,TRUE_POSITIVE
16,2007,8,MONSOON,0,0.10462564,HIGH,HIGH,0.09,FALSE_POSITIVE
21,2015,8,MONSOON,0,0.10461114,HIGH,HIGH,0.09,FALSE_POSITIVE
2,2015,5,PRE_MONSOON,0,0.10457683,HIGH,HIGH,0.09,FALSE_POSITIVE
19,2004,5,PRE_MONSOON,0,0.10455926,HIGH,HIGH,0.09,FALSE_POSITIVE
30,2012,8,MONSOON,0,0.10455703,HIGH,HIGH,0.09,FALSE_POSITIVE
2,2010,7,MONSOON,0,0.10453653,HIGH,HIGH,0.09,FALSE_POSITIVE
32,2000,8,MONSOON,0,0.10451161,HIGH,HIGH,0.09,FALSE_POSITIVE
10,2005,6,MONSOON,0,0.10447507,HIGH,HIGH,0.09,FALSE_POSITIVE
2,2015,3,PRE_MONSOON,0,0.10445207,HIGH,HIGH,0.09,FALSE_POSITIVE
32,2009,8,MONSOON,0,0.104371615,HIGH,HIGH,0.09,FALSE_POSITIVE
2,2003,8,MONSOON,0,0.10435913,HIGH,HIGH,0.09,FALSE_POSITIVE
7,2004,0,UNKNOWN,1,0.104254134,HIGH,HIGH,0.09,TRUE_POSITIVE
10,2017,0,UNKNOWN,0,0.10422929,HIGH,HIGH,0.09,FALSE_POSITIVE
16,2016,6,MONSOON,0,0.10419628,HIGH,HIGH,0.09,FALSE_POSITIVE
30,2007,5,PRE_MONSOON,0,0.104179524,HIGH,HIGH,0.09,FALSE_POSITIVE
0,2002,8,MONSOON,0,0.104171515,HIGH,HIGH,0.09,FALSE_POSITIVE
15,2012,8,MONSOON,0,0.10401769,HIGH,HIGH,0.09,FALSE_POSITIVE
15,2010,5,PRE_MONSOON,1,0.103973866,HIGH,HIGH,0.09,TRUE_POSITIVE
22,2016,8,MONSOON,0,0.10394772,HIGH,HIGH,0.09,FALSE_POSITIVE
17,2005,0,UNKNOWN,0,0.103936106,HIGH,HIGH,0.09,FALSE_POSITIVE
35,2014,8,MONSOON,1,0.103895895,HIGH,HIGH,0.09,TRUE_POSITIVE
3,2005,0,UNKNOWN,0,0.10385209,HIGH,HIGH,0.09,FALSE_POSITIVE
3,2017,0,UNKNOWN,0,0.10380996,HIGH,HIGH,0.09,FALSE_POSITIVE
23,2008,0,UNKNOWN,0,0.103799336,HIGH,HIGH,0.09,FALSE_POSITIVE
22,2016,6,MONSOON,0,0.103781514,HIGH,HIGH,0.09,FALSE_POSITIVE
3,2010,8,MONSOON,1,0.10369747,HIGH,HIGH,0.09,TRUE_POSITIVE
16,2002,5,PRE_MONSOON,0,0.10360047,HIGH,HIGH,0.09,FALSE_POSITIVE
2,2003,7,MONSOON,0,0.103599966,HIGH,HIGH,0.09,FALSE_POSITIVE
21,2009,5,PRE_MONSOON,0,0.10359361,HIGH,HIGH,0.09,FALSE_POSITIVE
29,2007,5,PRE_MONSOON,0,0.10353542,HIGH,HIGH,0.09,FALSE_POSITIVE
15,2016,8,MONSOON,0,0.10352896,HIGH,HIGH,0.09,FALSE_POSITIVE
4,2016,5,PRE_MONSOON,0,0.10351134,HIGH,HIGH,0.09,FALSE_POSITIVE
6,2015,0,UNKNOWN,0,0.103502415,HIGH,HIGH,0.09,FALSE_POSITIVE
18,2013,0,UNKNOWN,0,0.10349254,HIGH,HIGH,0.09,FALSE_POSITIVE
19,2000,5,PRE_MONSOON,0,0.10346779,HIGH,HIGH,0.09,FALSE_POSITIVE
15,2002,0,UNKNOWN,1,0.1034483,HIGH,HIGH,0.09,TRUE_POSITIVE
7,2010,6,MONSOON,0,0.10343643,HIGH,HIGH,0.09,FALSE_POSITIVE
30,2003,8,MONSOON,0,0.103412025,HIGH,HIGH,0.09,FALSE_POSITIVE
21,2015,0,UNKNOWN,0,0.10337596,HIGH,HIGH,0.09,FALSE_POSITIVE
16,2002,8,MONSOON,1,0.10337189,HIGH,HIGH,0.09,TRUE_POSITIVE
28,2015,5,PRE_MONSOON,0,0.10335523,HIGH,HIGH,0.09,FALSE_POSITIVE
10,2014,6,MONSOON,0,0.10333533,HIGH,HIGH,0.09,FALSE_POSITIVE
0,2015,1,WINTER,0,0.10331659,HIGH,HIGH,0.09,FALSE_POSITIVE
27,2013,5,PRE_MONSOON,0,0.10326346,HIGH,HIGH,0.09,FALSE_POSITIVE
10,2009,6,MONSOON,0,0.10325209,HIGH,HIGH,0.09,FALSE_POSITIVE
10,2007,6,MONSOON,0,0.103182726,HIGH,HIGH,0.09,FALSE_POSITIVE
8,2007,8,MONSOON,0,0.103171036,HIGH,HIGH,0.09,FALSE_POSITIVE
0,2016,5,PRE_MONSOON,0,0.10316689,HIGH,HIGH,0.09,FALSE_POSITIVE
33,2016,6,MONSOON,0,0.10312944,HIGH,HIGH,0.09,FALSE_POSITIVE
20,2012,6,MONSOON,0,0.10309801,HIGH,HIGH,0.09,FALSE_POSITIVE
20,2015,8,MONSOON,1,0.10307586,HIGH,HIGH,0.09,TRUE_POSITIVE
4,2010,5,PRE_MONSOON,0,0.103062265,HIGH,HIGH,0.09,FALSE_POSITIVE
10,2013,8,MONSOON,0,0.10305318,HIGH,HIGH,0.09,FALSE_POSITIVE
33,2005,6,MONSOON,1,0.10304961,HIGH,HIGH,0.09,TRUE_POSITIVE
18,2017,6,MONSOON,0,0.103037775,HIGH,HIGH,0.09,FALSE_POSITIVE
22,2000,5,PRE_MONSOON,0,0.1029785,HIGH,HIGH,0.09,FALSE_POSITIVE
16,2013,5,PRE_MONSOON,0,0.102961674,HIGH,HIGH,0.09,FALSE_POSITIVE
10,2016,6,MONSOON,0,0.102941774,HIGH,HIGH,0.09,FALSE_POSITIVE
27,2011,5,PRE_MONSOON,0,0.102916434,HIGH,HIGH,0.09,FALSE_POSITIVE
23,2006,0,UNKNOWN,0,0.102869116,HIGH,HIGH,0.09,FALSE_POSITIVE
20,2012,8,MONSOON,0,0.10281936,HIGH,HIGH,0.09,FALSE_POSITIVE
32,2013,0,UNKNOWN,0,0.10279857,HIGH,HIGH,0.09,FALSE_POSITIVE
7,2004,5,PRE_MONSOON,0,0.10279614,HIGH,HIGH,0.09,FALSE_POSITIVE
9,2005,8,MONSOON,0,0.102759995,HIGH,HIGH,0.09,FALSE_POSITIVE
10,2011,8,MONSOON,0,0.10266092,HIGH,HIGH,0.09,FALSE_POSITIVE
16,2015,5,PRE_MONSOON,0,0.102596596,HIGH,HIGH,0.09,FALSE_POSITIVE
7,2007,8,MONSOON,1,0.1025348,HIGH,HIGH,0.09,TRUE_POSITIVE
4,2004,0,UNKNOWN,0,0.102513015,HIGH,HIGH,0.09,FALSE_POSITIVE
25,2008,1,WINTER,0,0.10250073,HIGH,HIGH,0.09,FALSE_POSITIVE
16,2007,0,UNKNOWN,0,0.102461584,HIGH,HIGH,0.09,FALSE_POSITIVE
35,2009,8,MONSOON,1,0.10241577,HIGH,HIGH,0.09,TRUE_POSITIVE
30,2010,6,MONSOON,0,0.1023328,HIGH,HIGH,0.09,FALSE_POSITIVE
27,2002,1,WINTER,0,0.10231735,HIGH,HIGH,0.09,FALSE_POSITIVE
18,2002,0,UNKNOWN,1,0.10228531,HIGH,HIGH,0.09,TRUE_POSITIVE
32,2003,0,UNKNOWN,0,0.102258295,HIGH,HIGH,0.09,FALSE_POSITIVE
27,2007,5,PRE_MONSOON,0,0.10225405,HIGH,HIGH,0.09,FALSE_POSITIVE
0,2001,6,MONSOON,0,0.102238245,HIGH,HIGH,0.09,FALSE_POSITIVE
2,2016,6,MONSOON,1,0.10220399,HIGH,HIGH,0.09,TRUE_POSITIVE
18,2017,0,UNKNOWN,0,0.1021628,HIGH,HIGH,0.09,FALSE_POSITIVE
24,2007,5,PRE_MONSOON,0,0.102161966,HIGH,HIGH,0.09,FALSE_POSITIVE
8,2012,8,MONSOON,0,0.10212294,HIGH,HIGH,0.09,FALSE_POSITIVE
29,2006,1,WINTER,0,0.1020695,HIGH,HIGH,0.09,FALSE_POSITIVE
6,2003,0,UNKNOWN,0,0.10205525,HIGH,HIGH,0.09,FALSE_POSITIVE
21,2014,5,PRE_MONSOON,0,0.102050774,HIGH,HIGH,0.09,FALSE_POSITIVE
22,2016,5,PRE_MONSOON,0,0.10204435,HIGH,HIGH,0.09,FALSE_POSITIVE
31,2001,8,MONSOON,0,0.10191782,HIGH,HIGH,0.09,FALSE_POSITIVE
16,2010,6,MONSOON,0,0.1018228,HIGH,HIGH,0.09,FALSE_POSITIVE
30,2017,5,PRE_MONSOON,0,0.10175667,HIGH,HIGH,0.09,FALSE_POSITIVE
32,2007,6,MONSOON,0,0.10172915,HIGH,HIGH,0.09,FALSE_POSITIVE
14,2014,6,MONSOON,0,0.10167489,HIGH,HIGH,0.09,FALSE_POSITIVE
30,2002,6,MONSOON,1,0.101619974,HIGH,HIGH,0.09,TRUE_POSITIVE
35,2004,8,MONSOON,0,0.10154304,HIGH,HIGH,0.09,FALSE_POSITIVE
31,2005,8,MONSOON,0,0.10153576,HIGH,HIGH,0.09,FALSE_POSITIVE
7,2005,6,MONSOON,0,0.10152488,HIGH,HIGH,0.09,FALSE_POSITIVE
32,2001,6,MONSOON,1,0.10144957,HIGH,HIGH,0.09,TRUE_POSITIVE
7,2007,5,PRE_MONSOON,1,0.10143195,HIGH,HIGH,0.09,TRUE_POSITIVE
30,2004,8,MONSOON,0,0.101422645,HIGH,HIGH,0.09,FALSE_POSITIVE
0,2009,1,WINTER,0,0.10141271,HIGH,HIGH,0.09,FALSE_POSITIVE
4,2007,0,UNKNOWN,0,0.10131503,HIGH,HIGH,0.09,FALSE_POSITIVE
5,2006,5,PRE_MONSOON,0,0.1013052,HIGH,HIGH,0.09,FALSE_POSITIVE
16,2008,8,MONSOON,0,0.101301394,HIGH,HIGH,0.09,FALSE_POSITIVE
30,2013,6,MONSOON,0,0.10128174,HIGH,HIGH,0.09,FALSE_POSITIVE
30,2009,0,UNKNOWN,0,0.10128024,HIGH,HIGH,0.09,FALSE_POSITIVE
3,2016,6,MONSOON,1,0.10119789,HIGH,HIGH,0.09,TRUE_POSITIVE
21,2000,6,MONSOON,0,0.10118089,HIGH,HIGH,0.09,FALSE_POSITIVE
5,2017,0,UNKNOWN,0,0.101158574,HIGH,HIGH,0.09,FALSE_POSITIVE
6,2005,5,PRE_MONSOON,0,0.10114707,HIGH,HIGH,0.09,FALSE_POSITIVE
28,2003,6,MONSOON,0,0.101139285,HIGH,HIGH,0.09,FALSE_POSITIVE
10,2008,6,MONSOON,0,0.101103894,HIGH,HIGH,0.09,FALSE_POSITIVE
16,2016,0,UNKNOWN,0,0.10102245,HIGH,HIGH,0.09,FALSE_POSITIVE
2,2012,0,UNKNOWN,0,0.10097888,HIGH,HIGH,0.09,FALSE_POSITIVE
8,2013,8,MONSOON,0,0.100966506,HIGH,HIGH,0.09,FALSE_POSITIVE
9,2017,6,MONSOON,0,0.100965396,HIGH,HIGH,0.09,FALSE_POSITIVE
25,2005,6,MONSOON,0,0.10094681,HIGH,HIGH,0.09,FALSE_POSITIVE
22,2014,8,MONSOON,1,0.100914456,HIGH,HIGH,0.09,TRUE_POSITIVE
0,2009,5,PRE_MONSOON,0,0.100872934,HIGH,HIGH,0.09,FALSE_POSITIVE
19,2001,0,UNKNOWN,0,0.10087181,HIGH,HIGH,0.09,FALSE_POSITIVE
20,2013,8,MONSOON,0,0.1008292,HIGH,HIGH,0.09,FALSE_POSITIVE
23,2016,0,UNKNOWN,0,0.10074618,HIGH,HIGH,0.09,FALSE_POSITIVE
21,2005,8,MONSOON,1,0.100716144,HIGH,HIGH,0.09,TRUE_POSITIVE
33,2015,6,MONSOON,0,0.1006139,HIGH,HIGH,0.09,FALSE_POSITIVE
29,2013,8,MONSOON,0,0.100573875,HIGH,HIGH,0.09,FALSE_POSITIVE
16,2004,6,MONSOON,0,0.1004815,HIGH,HIGH,0.09,FALSE_POSITIVE
29,2011,8,MONSOON,0,0.10048144,HIGH,HIGH,0.09,FALSE_POSITIVE
25,2006,1,WINTER,0,0.100459695,HIGH,HIGH,0.09,FALSE_POSITIVE
17,2007,0,UNKNOWN,0,0.100457326,HIGH,HIGH,0.09,FALSE_POSITIVE
0,2017,5,PRE_MONSOON,0,0.100448795,HIGH,HIGH,0.09,FALSE_POSITIVE
35,2014,5,PRE_MONSOON,1,0.100435436,HIGH,HIGH,0.09,TRUE_POSITIVE
8,2014,6,MONSOON,0,0.100399405,HIGH,HIGH,0.09,FALSE_POSITIVE
2,2013,3,PRE_MONSOON,0,0.10035546,HIGH,HIGH,0.09,FALSE_POSITIVE
7,2015,6,MONSOON,0,0.10033044,HIGH,HIGH,0.09,FALSE_POSITIVE
6,2016,5,PRE_MONSOON,0,0.1003201,HIGH,HIGH,0.09,FALSE_POSITIVE
9,2015,5,PRE_MONSOON,1,0.10030567,HIGH,HIGH,0.09,TRUE_POSITIVE
5,2008,5,PRE_MONSOON,0,0.100301564,HIGH,HIGH,0.09,FALSE_POSITIVE
27,2008,5,PRE_MONSOON,0,0.10017082,HIGH,HIGH,0.09,FALSE_POSITIVE
33,2005,8,MONSOON,1,0.10011939,HIGH,HIGH,0.09,TRUE_POSITIVE
21,2012,5,PRE_MONSOON,0,0.1001132,HIGH,HIGH,0.09,FALSE_POSITIVE
31,2017,8,MONSOON,0,0.10008195,HIGH,HIGH,0.09,FALSE_POSITIVE
4,2012,0,UNKNOWN,0,0.10003903,HIGH,HIGH,0.09,FALSE_POSITIVE
2,2004,6,MONSOON,0,0.1000179,HIGH,HIGH,0.09,FALSE_POSITIVE
17,2003,5,PRE_MONSOON,0,0.099980965,ELEVATED,ELEVATED,0.09,FALSE_POSITIVE
0,2001,1,WINTER,0,0.09996618,ELEVATED,ELEVATED,0.09,FALSE_POSITIVE
17,2001,0,UNKNOWN,0,0.09996327,ELEVATED,ELEVATED,0.09,FALSE_POSITIVE
2,2010,0,UNKNOWN,0,0.09996308,ELEVATED,ELEVATED,0.09,FALSE_POSITIVE
32,2006,8,MONSOON,0,0.09995456,ELEVATED,ELEVATED,0.09,FALSE_POSITIVE
32,2011,0,UNKNOWN,0,0.09995108,ELEVATED,ELEVATED,0.09,FALSE_POSITIVE
20,2008,6,MONSOON,0,0.09989696,ELEVATED,ELEVATED,0.09,FALSE_POSITIVE
3,2005,5,PRE_MONSOON,0,0.099872574,ELEVATED,ELEVATED,0.09,FALSE_POSITIVE
30,2002,5,PRE_MONSOON,1,0.09971247,ELEVATED,ELEVATED,0.09,TRUE_POSITIVE
19,2010,0,UNKNOWN,0,0.099683575,ELEVATED,ELEVATED,0.09,FALSE_POSITIVE
28,2006,5,PRE_MONSOON,0,0.09953531,ELEVATED,ELEVATED,0.09,FALSE_POSITIVE
7,2009,6,MONSOON,1,0.099463634,ELEVATED,ELEVATED,0.09,TRUE_POSITIVE
31,2006,8,MONSOON,0,0.099329695,ELEVATED,ELEVATED,0.09,FALSE_POSITIVE
5,2013,8,MONSOON,0,0.099266335,ELEVATED,ELEVATED,0.09,FALSE_POSITIVE
19,2006,5,PRE_MONSOON,0,0.0992566,ELEVATED,ELEVATED,0.09,FALSE_POSITIVE
21,2002,7,MONSOON,0,0.099255726,ELEVATED,ELEVATED,0.09,FALSE_POSITIVE
0,2001,5,PRE_MONSOON,0,0.099228054,ELEVATED,ELEVATED,0.09,FALSE_POSITIVE
7,2007,6,MONSOON,1,0.09920293,ELEVATED,ELEVATED,0.09,TRUE_POSITIVE
19,2012,0,UNKNOWN,0,0.09917418,ELEVATED,ELEVATED,0.09,FALSE_POSITIVE
21,2000,5,PRE_MONSOON,0,0.09916828,ELEVATED,ELEVATED,0.09,FALSE_POSITIVE
18,2001,0,UNKNOWN,0,0.09915763,ELEVATED,ELEVATED,0.09,FALSE_POSITIVE
32,2015,6,MONSOON,1,0.099098764,ELEVATED,ELEVATED,0.09,TRUE_POSITIVE
23,2012,0,UNKNOWN,0,0.09909567,ELEVATED,ELEVATED,0.09,FALSE_POSITIVE
20,2011,5,PRE_MONSOON,0,0.09901695,ELEVATED,ELEVATED,0.09,FALSE_POSITIVE
30,2003,6,MONSOON,0,0.09900614,ELEVATED,ELEVATED,0.09,FALSE_POSITIVE
15,2014,8,MONSOON,0,0.09900187,ELEVATED,ELEVATED,0.09,FALSE_POSITIVE
0,2003,8,MONSOON,1,0.09899608,ELEVATED,ELEVATED,0.09,TRUE_POSITIVE
27,2008,0,UNKNOWN,0,0.09897905,ELEVATED,ELEVATED,0.09,FALSE_POSITIVE
27,2017,0,UNKNOWN,0,0.098969094,ELEVATED,ELEVATED,0.09,FALSE_POSITIVE
6,2012,1,WINTER,0,0.098967634,ELEVATED,ELEVATED,0.09,FALSE_POSITIVE
21,2012,0,UNKNOWN,0,0.0989157,ELEVATED,ELEVATED,0.09,FALSE_POSITIVE
22,2009,0,UNKNOWN,0,0.098908454,ELEVATED,ELEVATED,0.09,FALSE_POSITIVE
20,2004,5,PRE_MONSOON,0,0.09889377,ELEVATED,ELEVATED,0.09,FALSE_POSITIVE
29,2000,5,PRE_MONSOON,0,0.09884728,ELEVATED,ELEVATED,0.09,FALSE_POSITIVE
20,2011,0,UNKNOWN,0,0.09883513,ELEVATED,ELEVATED,0.09,FALSE_POSITIVE
19,2008,0,UNKNOWN,0,0.0988119,ELEVATED,ELEVATED,0.09,FALSE_POSITIVE
29,2014,6,MONSOON,0,0.09876805,ELEVATED,ELEVATED,0.09,FALSE_POSITIVE
18,2010,6,MONSOON,0,0.09874265,ELEVATED,ELEVATED,0.09,FALSE_POSITIVE
27,2006,5,PRE_MONSOON,0,0.09870631,ELEVATED,ELEVATED,0.09,FALSE_POSITIVE
0,2015,5,PRE_MONSOON,0,0.09868529,ELEVATED,ELEVATED,0.09,FALSE_POSITIVE
21,2007,0,UNKNOWN,0,0.098601215,ELEVATED,ELEVATED,0.09,FALSE_POSITIVE
18,2008,8,MONSOON,0,0.09850827,ELEVATED,ELEVATED,0.09,FALSE_POSITIVE
19,2011,5,PRE_MONSOON,0,0.098479226,ELEVATED,ELEVATED,0.09,FALSE_POSITIVE
22,2003,8,MONSOON,0,0.09846882,ELEVATED,ELEVATED,0.09,FALSE_POSITIVE
15,2013,6,MONSOON,0,0.09840225,ELEVATED,ELEVATED,0.09,FALSE_POSITIVE
6,2008,5,PRE_MONSOON,0,0.09838327,ELEVATED,ELEVATED,0.09,FALSE_POSITIVE
21,2013,6,MONSOON,1,0.0983505,ELEVATED,ELEVATED,0.09,TRUE_POSITIVE
15,2000,6,MONSOON,1,0.09834033,ELEVATED,ELEVATED,0.09,TRUE_POSITIVE
15,2016,6,MONSOON,0,0.09826991,ELEVATED,ELEVATED,0.09,FALSE_POSITIVE
9,2007,6,MONSOON,0,0.09825065,ELEVATED,ELEVATED,0.09,FALSE_POSITIVE
32,2002,6,MONSOON,1,0.09823844,ELEVATED,ELEVATED,0.09,TRUE_POSITIVE
35,2006,6,MONSOON,1,0.09822978,ELEVATED,ELEVATED,0.09,TRUE_POSITIVE
0,2015,6,MONSOON,0,0.09822336,ELEVATED,ELEVATED,0.09,FALSE_POSITIVE
31,2004,6,MONSOON,0,0.09816917,ELEVATED,ELEVATED,0.09,FALSE_POSITIVE
22,2007,5,PRE_MONSOON,0,0.09813905,ELEVATED,ELEVATED,0.09,FALSE_POSITIVE
0,2014,1,WINTER,0,0.09808715,ELEVATED,ELEVATED,0.09,FALSE_POSITIVE
2,2011,6,MONSOON,0,0.09805998,ELEVATED,ELEVATED,0.09,FALSE_POSITIVE
20,2012,5,PRE_MONSOON,0,0.09805935,ELEVATED,ELEVATED,0.09,FALSE_POSITIVE
7,2012,0,UNKNOWN,0,0.09805935,ELEVATED,ELEVATED,0.09,FALSE_POSITIVE
28,2003,8,MONSOON,0,0.09800153,ELEVATED,ELEVATED,0.09,FALSE_POSITIVE
30,2010,8,MONSOON,0,0.09793411,ELEVATED,ELEVATED,0.09,FALSE_POSITIVE
20,2000,5,PRE_MONSOON,0,0.0978325,ELEVATED,ELEVATED,0.09,FALSE_POSITIVE
23,2003,5,PRE_MONSOON,0,0.0978219,ELEVATED,ELEVATED,0.09,FALSE_POSITIVE
32,2004,6,MONSOON,0,0.097813375,ELEVATED,ELEVATED,0.09,FALSE_POSITIVE
3,2007,0,UNKNOWN,0,0.09779852,ELEVATED,ELEVATED,0.09,FALSE_POSITIVE
19,2015,0,UNKNOWN,1,0.097778544,ELEVATED,ELEVATED,0.09,TRUE_POSITIVE
5,2015,5,PRE_MONSOON,0,0.0977588,ELEVATED,ELEVATED,0.09,FALSE_POSITIVE
9,2014,8,MONSOON,1,0.09767618,ELEVATED,ELEVATED,0.09,TRUE_POSITIVE
5,2008,8,MONSOON,0,0.097636074,ELEVATED,ELEVATED,0.09,FALSE_POSITIVE
6,2007,5,PRE_MONSOON,0,0.09760171,ELEVATED,ELEVATED,0.09,FALSE_POSITIVE
0,2017,8,MONSOON,0,0.09752713,ELEVATED,ELEVATED,0.09,FALSE_POSITIVE
5,2007,6,MONSOON,0,0.097524926,ELEVATED,ELEVATED,0.09,FALSE_POSITIVE
33,2010,6,MONSOON,0,0.09752405,ELEVATED,ELEVATED,0.09,FALSE_POSITIVE
10,2002,6,MONSOON,0,0.09748274,ELEVATED,ELEVATED,0.09,FALSE_POSITIVE
23,2012,5,PRE_MONSOON,0,0.097443685,ELEVATED,ELEVATED,0.09,FALSE_POSITIVE
21,2016,6,MONSOON,0,0.09739105,ELEVATED,ELEVATED,0.09,FALSE_POSITIVE
18,2007,0,UNKNOWN,0,0.09737293,ELEVATED,ELEVATED,0.09,FALSE_POSITIVE
13,2009,5,PRE_MONSOON,0,0.097345054,ELEVATED,ELEVATED,0.09,FALSE_POSITIVE
0,2002,5,PRE_MONSOON,0,0.09733932,ELEVATED,ELEVATED,0.09,FALSE_POSITIVE
25,2000,5,PRE_MONSOON,0,0.09731703,ELEVATED,ELEVATED,0.09,FALSE_POSITIVE
2,2001,1,WINTER,0,0.097315125,ELEVATED,ELEVATED,0.09,FALSE_POSITIVE
30,2006,8,MONSOON,0,0.097300105,ELEVATED,ELEVATED,0.09,FALSE_POSITIVE
16,2011,6,MONSOON,0,0.097283855,ELEVATED,ELEVATED,0.09,FALSE_POSITIVE
28,2016,3,PRE_MONSOON,0,0.09727076,ELEVATED,ELEVATED,0.09,FALSE_POSITIVE
20,2003,8,MONSOON,0,0.09722562,ELEVATED,ELEVATED,0.09,FALSE_POSITIVE
28,2008,5,PRE_MONSOON,0,0.09720962,ELEVATED,ELEVATED,0.09,FALSE_POSITIVE
17,2017,5,PRE_MONSOON,0,0.097166754,ELEVATED,ELEVATED,0.09,FALSE_POSITIVE
15,2012,0,UNKNOWN,0,0.097147286,ELEVATED,ELEVATED,0.09,FALSE_POSITIVE
16,2014,0,UNKNOWN,0,0.09713804,ELEVATED,ELEVATED,0.09,FALSE_POSITIVE
18,2011,8,MONSOON,1,0.097123906,ELEVATED,ELEVATED,0.09,TRUE_POSITIVE
6,2011,6,MONSOON,0,0.09708912,ELEVATED,ELEVATED,0.09,FALSE_POSITIVE
33,2012,8,MONSOON,0,0.097053364,ELEVATED,ELEVATED,0.09,FALSE_POSITIVE
4,2014,0,UNKNOWN,0,0.097014904,ELEVATED,ELEVATED,0.09,FALSE_POSITIVE
7,2002,0,UNKNOWN,1,0.09700574,ELEVATED,ELEVATED,0.09,TRUE_POSITIVE
5,2017,6,MONSOON,0,0.096973784,ELEVATED,ELEVATED,0.09,FALSE_POSITIVE
16,2005,8,MONSOON,0,0.09693673,ELEVATED,ELEVATED,0.09,FALSE_POSITIVE
18,2009,6,MONSOON,0,0.09683174,ELEVATED,ELEVATED,0.09,FALSE_POSITIVE
8,2007,6,MONSOON,0,0.09669828,ELEVATED,ELEVATED,0.09,FALSE_POSITIVE
7,2001,8,MONSOON,0,0.09669765,ELEVATED,ELEVATED,0.09,FALSE_POSITIVE
2,2006,4,PRE_MONSOON,0,0.09644099,ELEVATED,ELEVATED,0.09,FALSE_POSITIVE
2,2015,1,WINTER,0,0.09639704,ELEVATED,ELEVATED,0.09,FALSE_POSITIVE
0,2012,6,MONSOON,0,0.096376896,ELEVATED,ELEVATED,0.09,FALSE_POSITIVE
30,2004,5,PRE_MONSOON,0,0.09636114,ELEVATED,ELEVATED,0.09,FALSE_POSITIVE
35,2017,8,MONSOON,0,0.09633507,ELEVATED,ELEVATED,0.09,FALSE_POSITIVE
19,2005,5,PRE_MONSOON,0,0.09624393,ELEVATED,ELEVATED,0.09,FALSE_POSITIVE
25,2015,8,MONSOON,0,0.0961887,ELEVATED,ELEVATED,0.09,FALSE_POSITIVE
3,2012,0,UNKNOWN,0,0.09616459,ELEVATED,ELEVATED,0.09,FALSE_POSITIVE
30,2006,5,PRE_MONSOON,0,0.09614176,ELEVATED,ELEVATED,0.09,FALSE_POSITIVE
20,2003,6,MONSOON,0,0.09610665,ELEVATED,ELEVATED,0.09,FALSE_POSITIVE
9,2005,6,MONSOON,0,0.09609088,ELEVATED,ELEVATED,0.09,FALSE_POSITIVE
32,2005,6,MONSOON,0,0.09602236,ELEVATED,ELEVATED,0.09,FALSE_POSITIVE
21,2005,6,MONSOON,0,0.09602112,ELEVATED,ELEVATED,0.09,FALSE_POSITIVE
32,2016,6,MONSOON,0,0.0960031,ELEVATED,ELEVATED,0.09,FALSE_POSITIVE
33,2006,6,MONSOON,0,0.09599147,ELEVATED,ELEVATED,0.09,FALSE_POSITIVE
2,2007,8,MONSOON,0,0.09596965,ELEVATED,ELEVATED,0.09,FALSE_POSITIVE
25,2015,6,MONSOON,0,0.095930286,ELEVATED,ELEVATED,0.09,FALSE_POSITIVE
20,2004,0,UNKNOWN,0,0.095923886,ELEVATED,ELEVATED,0.09,FALSE_POSITIVE
3,2010,0,UNKNOWN,0,0.09589571,ELEVATED,ELEVATED,0.09,FALSE_POSITIVE
28,2016,5,PRE_MONSOON,1,0.09583369,ELEVATED,ELEVATED,0.09,TRUE_POSITIVE
33,2014,5,PRE_MONSOON,0,0.09580557,ELEVATED,ELEVATED,0.09,FALSE_POSITIVE
29,2000,6,MONSOON,0,0.09578496,ELEVATED,ELEVATED,0.09,FALSE_POSITIVE
25,2000,6,MONSOON,0,0.09569892,ELEVATED,ELEVATED,0.09,FALSE_POSITIVE
18,2010,8,MONSOON,0,0.09569103,ELEVATED,ELEVATED,0.09,FALSE_POSITIVE
19,2011,0,UNKNOWN,0,0.09567682,ELEVATED,ELEVATED,0.09,FALSE_POSITIVE
10,2015,6,MONSOON,0,0.09565272,ELEVATED,ELEVATED,0.09,FALSE_POSITIVE
15,2017,6,MONSOON,0,0.09560404,ELEVATED,ELEVATED,0.09,FALSE_POSITIVE
28,2010,6,MONSOON,0,0.09546519,ELEVATED,ELEVATED,0.09,FALSE_POSITIVE
5,2009,0,UNKNOWN,0,0.09544392,ELEVATED,ELEVATED,0.09,FALSE_POSITIVE
2,2005,7,MONSOON,0,0.095441826,ELEVATED,ELEVATED,0.09,FALSE_POSITIVE
15,2006,8,MONSOON,0,0.09543658,ELEVATED,ELEVATED,0.09,FALSE_POSITIVE
19,2014,0,UNKNOWN,1,0.095421426,ELEVATED,ELEVATED,0.09,TRUE_POSITIVE
17,2000,5,PRE_MONSOON,0,0.095414184,ELEVATED,ELEVATED,0.09,FALSE_POSITIVE
30,2017,0,UNKNOWN,0,0.09540532,ELEVATED,ELEVATED,0.09,FALSE_POSITIVE
29,2011,1,WINTER,0,0.095381126,ELEVATED,ELEVATED,0.09,FALSE_POSITIVE
5,2005,8,MONSOON,0,0.09537293,ELEVATED,ELEVATED,0.09,FALSE_POSITIVE
23,2010,5,PRE_MONSOON,0,0.095349304,ELEVATED,ELEVATED,0.09,FALSE_POSITIVE
5,2009,5,PRE_MONSOON,0,0.09534094,ELEVATED,ELEVATED,0.09,FALSE_POSITIVE
2,2016,5,PRE_MONSOON,1,0.09532234,ELEVATED,ELEVATED,0.09,TRUE_POSITIVE
15,2006,6,MONSOON,0,0.095314614,ELEVATED,ELEVATED,0.09,FALSE_POSITIVE
22,2001,0,UNKNOWN,1,0.095301606,ELEVATED,ELEVATED,0.09,TRUE_POSITIVE
5,2012,6,MONSOON,0,0.095290154,ELEVATED,ELEVATED,0.09,FALSE_POSITIVE
4,2004,5,PRE_MONSOON,0,0.095249526,ELEVATED,ELEVATED,0.09,FALSE_POSITIVE
21,2012,6,MONSOON,0,0.095244326,ELEVATED,ELEVATED,0.09,FALSE_POSITIVE
22,2011,0,UNKNOWN,0,0.09523512,ELEVATED,ELEVATED,0.09,FALSE_POSITIVE
25,2005,5,PRE_MONSOON,0,0.09523249,ELEVATED,ELEVATED,0.09,FALSE_POSITIVE
28,2011,6,MONSOON,0,0.095193595,ELEVATED,ELEVATED,0.09,FALSE_POSITIVE
2,2009,1,WINTER,0,0.09518139,ELEVATED,ELEVATED,0.09,FALSE_POSITIVE
2,2007,1,WINTER,0,0.09513032,ELEVATED,ELEVATED,0.09,FALSE_POSITIVE
4,2010,0,UNKNOWN,0,0.09505577,ELEVATED,ELEVATED,0.09,FALSE_POSITIVE
15,2002,6,MONSOON,1,0.095055744,ELEVATED,ELEVATED,0.09,TRUE_POSITIVE
33,2017,0,UNKNOWN,0,0.094981894,ELEVATED,ELEVATED,0.09,FALSE_POSITIVE
20,2003,5,PRE_MONSOON,0,0.094972596,ELEVATED,ELEVATED,0.09,FALSE_POSITIVE
21,2007,7,MONSOON,0,0.094936535,ELEVATED,ELEVATED,0.09,FALSE_POSITIVE
0,2006,6,MONSOON,0,0.09490832,ELEVATED,ELEVATED,0.09,FALSE_POSITIVE
5,2000,5,PRE_MONSOON,0,0.094907194,ELEVATED,ELEVATED,0.09,FALSE_POSITIVE
10,2004,6,MONSOON,0,0.09489316,ELEVATED,ELEVATED,0.09,FALSE_POSITIVE
3,2006,8,MONSOON,1,0.09483538,ELEVATED,ELEVATED,0.09,TRUE_POSITIVE
3,2003,0,UNKNOWN,0,0.094777666,ELEVATED,ELEVATED,0.09,FALSE_POSITIVE
21,2008,5,PRE_MONSOON,0,0.09476195,ELEVATED,ELEVATED,0.09,FALSE_POSITIVE
10,2009,0,UNKNOWN,1,0.09468183,ELEVATED,ELEVATED,0.09,TRUE_POSITIVE
2,2017,1,WINTER,0,0.0946775,ELEVATED,ELEVATED,0.09,FALSE_POSITIVE
21,2001,6,MONSOON,0,0.0946698,ELEVATED,ELEVATED,0.09,FALSE_POSITIVE
28,2001,6,MONSOON,1,0.09465046,ELEVATED,ELEVATED,0.09,TRUE_POSITIVE
13,2009,6,MONSOON,0,0.09464712,ELEVATED,ELEVATED,0.09,FALSE_POSITIVE
2,2015,8,MONSOON,1,0.09461196,ELEVATED,ELEVATED,0.09,TRUE_POSITIVE
22,2014,0,UNKNOWN,1,0.09455159,ELEVATED,ELEVATED,0.09,TRUE_POSITIVE
18,2008,6,MONSOON,0,0.09454451,ELEVATED,ELEVATED,0.09,FALSE_POSITIVE
22,2013,0,UNKNOWN,0,0.09452589,ELEVATED,ELEVATED,0.09,FALSE_POSITIVE
10,2000,7,MONSOON,0,0.094516866,ELEVATED,ELEVATED,0.09,FALSE_POSITIVE
17,2015,5,PRE_MONSOON,0,0.09443076,ELEVATED,ELEVATED,0.09,FALSE_POSITIVE
35,2017,6,MONSOON,0,0.09439605,ELEVATED,ELEVATED,0.09,FALSE_POSITIVE
21,2012,7,MONSOON,0,0.094376095,ELEVATED,ELEVATED,0.09,FALSE_POSITIVE
2,2007,0,UNKNOWN,0,0.094365925,ELEVATED,ELEVATED,0.09,FALSE_POSITIVE
15,2004,6,MONSOON,1,0.09429922,ELEVATED,ELEVATED,0.09,TRUE_POSITIVE
5,2014,5,PRE_MONSOON,0,0.094247654,ELEVATED,ELEVATED,0.09,FALSE_POSITIVE
11,2008,8,MONSOON,0,0.094243504,ELEVATED,ELEVATED,0.09,FALSE_POSITIVE
15,2008,0,UNKNOWN,0,0.09420473,ELEVATED,ELEVATED,0.09,FALSE_POSITIVE
15,2009,0,UNKNOWN,1,0.094204165,ELEVATED,ELEVATED,0.09,TRUE_POSITIVE
25,2007,8,MONSOON,0,0.09418899,ELEVATED,ELEVATED,0.09,FALSE_POSITIVE
6,2010,1,WINTER,0,0.09417361,ELEVATED,ELEVATED,0.09,FALSE_POSITIVE
5,2012,5,PRE_MONSOON,0,0.09415277,ELEVATED,ELEVATED,0.09,FALSE_POSITIVE
13,2002,5,PRE_MONSOON,0,0.09410188,ELEVATED,ELEVATED,0.09,FALSE_POSITIVE
21,2010,1,WINTER,0,0.09408118,ELEVATED,ELEVATED,0.09,FALSE_POSITIVE
0,2005,1,WINTER,0,0.09406309,ELEVATED,ELEVATED,0.09,FALSE_POSITIVE
21,2017,5,PRE_MONSOON,0,0.09401518,ELEVATED,ELEVATED,0.09,FALSE_POSITIVE
23,2011,5,PRE_MONSOON,0,0.09399077,ELEVATED,ELEVATED,0.09,FALSE_POSITIVE
17,2006,5,PRE_MONSOON,0,0.093889326,ELEVATED,ELEVATED,0.09,FALSE_POSITIVE
32,2014,0,UNKNOWN,0,0.09384106,ELEVATED,ELEVATED,0.09,FALSE_POSITIVE
29,2001,1,WINTER,1,0.093801856,ELEVATED,ELEVATED,0.09,TRUE_POSITIVE
21,2010,8,MONSOON,0,0.093787774,ELEVATED,ELEVATED,0.09,FALSE_POSITIVE
23,2015,0,UNKNOWN,0,0.09363941,ELEVATED,ELEVATED,0.09,FALSE_POSITIVE
0,2013,8,MONSOON,0,0.09353345,ELEVATED,ELEVATED,0.09,FALSE_POSITIVE
14,2016,4,PRE_MONSOON,0,0.09352211,ELEVATED,ELEVATED,0.09,FALSE_POSITIVE
33,2012,6,MONSOON,0,0.093500644,ELEVATED,ELEVATED,0.09,FALSE_POSITIVE
21,2005,3,PRE_MONSOON,0,0.09349327,ELEVATED,ELEVATED,0.09,FALSE_POSITIVE
20,2005,0,UNKNOWN,0,0.093446344,ELEVATED,ELEVATED,0.09,FALSE_POSITIVE
2,2013,1,WINTER,0,0.09344491,ELEVATED,ELEVATED,0.09,FALSE_POSITIVE
22,2004,8,MONSOON,0,0.09344103,ELEVATED,ELEVATED,0.09,FALSE_POSITIVE
30,2007,6,MONSOON,0,0.09343786,ELEVATED,ELEVATED,0.09,FALSE_POSITIVE
20,2009,5,PRE_MONSOON,0,0.09342868,ELEVATED,ELEVATED,0.09,FALSE_POSITIVE
0,2006,8,MONSOON,0,0.09335856,ELEVATED,ELEVATED,0.09,FALSE_POSITIVE
0,2002,6,MONSOON,0,0.09334214,ELEVATED,ELEVATED,0.09,FALSE_POSITIVE
10,2001,0,UNKNOWN,0,0.09332356,ELEVATED,ELEVATED,0.09,FALSE_POSITIVE
17,2002,7,MONSOON,0,0.09332257,ELEVATED,ELEVATED,0.09,FALSE_POSITIVE
15,2013,8,MONSOON,0,0.093306124,ELEVATED,ELEVATED,0.09,FALSE_POSITIVE
32,2005,0,UNKNOWN,0,0.09330123,ELEVATED,ELEVATED,0.09,FALSE_POSITIVE
15,2010,0,UNKNOWN,1,0.09326565,ELEVATED,ELEVATED,0.09,TRUE_POSITIVE
16,2004,7,MONSOON,0,0.09325881,ELEVATED,ELEVATED,0.09,FALSE_POSITIVE
16,2010,8,MONSOON,0,0.09322898,ELEVATED,ELEVATED,0.09,FALSE_POSITIVE
19,2002,0,UNKNOWN,1,0.093177885,ELEVATED,ELEVATED,0.09,TRUE_POSITIVE
19,2010,5,PRE_MONSOON,0,0.0931078,ELEVATED,ELEVATED,0.09,FALSE_POSITIVE
28,2017,5,PRE_MONSOON,0,0.09310486,ELEVATED,ELEVATED,0.09,FALSE_POSITIVE
10,2010,6,MONSOON,0,0.09308959,ELEVATED,ELEVATED,0.09,FALSE_POSITIVE
5,2016,0,UNKNOWN,0,0.09305947,ELEVATED,ELEVATED,0.09,FALSE_POSITIVE
30,2005,8,MONSOON,0,0.093056135,ELEVATED,ELEVATED,0.09,FALSE_POSITIVE
8,2011,8,MONSOON,0,0.09302419,ELEVATED,ELEVATED,0.09,FALSE_POSITIVE
33,2014,0,UNKNOWN,0,0.09299963,ELEVATED,ELEVATED,0.09,FALSE_POSITIVE
25,2010,5,PRE_MONSOON,0,0.09297166,ELEVATED,ELEVATED,0.09,FALSE_POSITIVE
16,2005,6,MONSOON,0,0.09294819,ELEVATED,ELEVATED,0.09,FALSE_POSITIVE
33,2007,0,UNKNOWN,0,0.09292786,ELEVATED,ELEVATED,0.09,FALSE_POSITIVE
13,2003,8,MONSOON,0,0.0928399,ELEVATED,ELEVATED,0.09,FALSE_POSITIVE
24,2014,6,MONSOON,1,0.09277305,ELEVATED,ELEVATED,0.09,TRUE_POSITIVE
22,2017,0,UNKNOWN,0,0.092758715,ELEVATED,ELEVATED,0.09,FALSE_POSITIVE
15,2011,8,MONSOON,1,0.092748,ELEVATED,ELEVATED,0.09,TRUE_POSITIVE
33,2008,8,MONSOON,0,0.09274195,ELEVATED,ELEVATED,0.09,FALSE_POSITIVE
20,2009,0,UNKNOWN,0,0.09270299,ELEVATED,ELEVATED,0.09,FALSE_POSITIVE
14,2007,6,MONSOON,0,0.092673,ELEVATED,ELEVATED,0.09,FALSE_POSITIVE
8,2017,8,MONSOON,0,0.092640124,ELEVATED,ELEVATED,0.09,FALSE_POSITIVE
10,2003,0,UNKNOWN,0,0.09259491,ELEVATED,ELEVATED,0.09,FALSE_POSITIVE
16,2016,8,MONSOON,0,0.0925755,ELEVATED,ELEVATED,0.09,FALSE_POSITIVE
16,2011,8,MONSOON,0,0.09256168,ELEVATED,ELEVATED,0.09,FALSE_POSITIVE
7,2015,8,MONSOON,0,0.09256098,ELEVATED,ELEVATED,0.09,FALSE_POSITIVE
16,2000,6,MONSOON,1,0.092534125,ELEVATED,ELEVATED,0.09,TRUE_POSITIVE
33,2007,5,PRE_MONSOON,0,0.09251485,ELEVATED,ELEVATED,0.09,FALSE_POSITIVE
5,2012,8,MONSOON,0,0.0924649,ELEVATED,ELEVATED,0.09,FALSE_POSITIVE
33,2009,6,MONSOON,0,0.092424594,ELEVATED,ELEVATED,0.09,FALSE_POSITIVE
0,2009,8,MONSOON,0,0.09242418,ELEVATED,ELEVATED,0.09,FALSE_POSITIVE
16,2002,0,UNKNOWN,1,0.09234339,ELEVATED,ELEVATED,0.09,TRUE_POSITIVE
29,2006,6,MONSOON,0,0.09233228,ELEVATED,ELEVATED,0.09,FALSE_POSITIVE
32,2014,5,PRE_MONSOON,0,0.09223637,ELEVATED,ELEVATED,0.09,FALSE_POSITIVE
18,2001,6,MONSOON,0,0.092235155,ELEVATED,ELEVATED,0.09,FALSE_POSITIVE
16,2007,1,WINTER,0,0.092218034,ELEVATED,ELEVATED,0.09,FALSE_POSITIVE
16,2013,1,WINTER,0,0.092167795,ELEVATED,ELEVATED,0.09,FALSE_POSITIVE
21,2010,0,UNKNOWN,0,0.092155315,ELEVATED,ELEVATED,0.09,FALSE_POSITIVE
28,2000,3,PRE_MONSOON,0,0.0921341,ELEVATED,ELEVATED,0.09,FALSE_POSITIVE
22,2003,0,UNKNOWN,1,0.09212315,ELEVATED,ELEVATED,0.09,TRUE_POSITIVE
2,2002,8,MONSOON,0,0.09205562,ELEVATED,ELEVATED,0.09,FALSE_POSITIVE
19,2013,0,UNKNOWN,0,0.09205442,ELEVATED,ELEVATED,0.09,FALSE_POSITIVE
32,2003,6,MONSOON,0,0.09199234,ELEVATED,ELEVATED,0.09,FALSE_POSITIVE
0,2001,0,UNKNOWN,0,0.09197684,ELEVATED,ELEVATED,0.09,FALSE_POSITIVE
8,2017,6,MONSOON,0,0.09197366,ELEVATED,ELEVATED,0.09,FALSE_POSITIVE
25,2000,8,MONSOON,0,0.0919576,ELEVATED,ELEVATED,0.09,FALSE_POSITIVE
2,2017,0,UNKNOWN,0,0.091942415,ELEVATED,ELEVATED,0.09,FALSE_POSITIVE
15,2004,5,PRE_MONSOON,0,0.09192079,ELEVATED,ELEVATED,0.09,FALSE_POSITIVE
32,2006,5,PRE_MONSOON,0,0.09190525,ELEVATED,ELEVATED,0.09,FALSE_POSITIVE
6,2017,1,WINTER,0,0.09189095,ELEVATED,ELEVATED,0.09,FALSE_POSITIVE
2,2000,0,UNKNOWN,0,0.09188442,ELEVATED,ELEVATED,0.09,FALSE_POSITIVE
24,2014,8,MONSOON,1,0.09187402,ELEVATED,ELEVATED,0.09,TRUE_POSITIVE
16,2000,1,WINTER,0,0.09187247,ELEVATED,ELEVATED,0.09,FALSE_POSITIVE
28,2000,6,MONSOON,0,0.09184556,ELEVATED,ELEVATED,0.09,FALSE_POSITIVE
33,2016,8,MONSOON,0,0.09181553,ELEVATED,ELEVATED,0.09,FALSE_POSITIVE
5,2008,6,MONSOON,0,0.09174075,ELEVATED,ELEVATED,0.09,FALSE_POSITIVE
24,2012,6,MONSOON,0,0.09173759,ELEVATED,ELEVATED,0.09,FALSE_POSITIVE
22,2000,0,UNKNOWN,0,0.09173191,ELEVATED,ELEVATED,0.09,FALSE_POSITIVE
2,2009,5,PRE_MONSOON,0,0.09168127,ELEVATED,ELEVATED,0.09,FALSE_POSITIVE
30,2012,6,MONSOON,0,0.09166608,ELEVATED,ELEVATED,0.09,FALSE_POSITIVE
30,2016,6,MONSOON,0,0.09166294,ELEVATED,ELEVATED,0.09,FALSE_POSITIVE
0,2014,8,MONSOON,0,0.091625415,ELEVATED,ELEVATED,0.09,FALSE_POSITIVE
27,2004,5,PRE_MONSOON,0,0.09161995,ELEVATED,ELEVATED,0.09,FALSE_POSITIVE
16,2001,8,MONSOON,0,0.09161097,ELEVATED,ELEVATED,0.09,FALSE_POSITIVE
16,2010,5,PRE_MONSOON,0,0.09159801,ELEVATED,ELEVATED,0.09,FALSE_POSITIVE
2,2000,8,MONSOON,0,0.09156445,ELEVATED,ELEVATED,0.09,FALSE_POSITIVE
8,2015,6,MONSOON,0,0.09152561,ELEVATED,ELEVATED,0.09,FALSE_POSITIVE
2,2003,5,PRE_MONSOON,0,0.09150269,ELEVATED,ELEVATED,0.09,FALSE_POSITIVE
33,2015,8,MONSOON,0,0.09149231,ELEVATED,ELEVATED,0.09,FALSE_POSITIVE
29,2017,8,MONSOON,0,0.09149027,ELEVATED,ELEVATED,0.09,FALSE_POSITIVE
2,2014,5,PRE_MONSOON,1,0.091485314,ELEVATED,ELEVATED,0.09,TRUE_POSITIVE
0,2016,8,MONSOON,0,0.09145131,ELEVATED,ELEVATED,0.09,FALSE_POSITIVE
33,2000,6,MONSOON,1,0.09139644,ELEVATED,ELEVATED,0.09,TRUE_POSITIVE
32,2010,6,MONSOON,0,0.09135724,ELEVATED,ELEVATED,0.09,FALSE_POSITIVE
2,2000,1,WINTER,0,0.09132233,ELEVATED,ELEVATED,0.09,FALSE_POSITIVE
35,2004,6,MONSOON,0,0.09130101,ELEVATED,ELEVATED,0.09,FALSE_POSITIVE
2,2008,5,PRE_MONSOON,0,0.091290146,ELEVATED,ELEVATED,0.09,FALSE_POSITIVE
16,2000,0,UNKNOWN,1,0.09120838,ELEVATED,ELEVATED,0.09,TRUE_POSITIVE
32,2016,0,UNKNOWN,0,0.09115047,ELEVATED,ELEVATED,0.09,FALSE_POSITIVE
22,2002,0,UNKNOWN,1,0.09113172,ELEVATED,ELEVATED,0.09,TRUE_POSITIVE
32,2004,0,UNKNOWN,0,0.09105546,ELEVATED,ELEVATED,0.09,FALSE_POSITIVE
29,2010,6,MONSOON,0,0.09105181,ELEVATED,ELEVATED,0.09,FALSE_POSITIVE
9,2004,8,MONSOON,1,0.09095079,ELEVATED,ELEVATED,0.09,TRUE_POSITIVE
8,2013,6,MONSOON,0,0.09093303,ELEVATED,ELEVATED,0.09,FALSE_POSITIVE
2,2002,1,WINTER,1,0.09085356,ELEVATED,ELEVATED,0.09,TRUE_POSITIVE
6,2010,5,PRE_MONSOON,0,0.09085088,ELEVATED,ELEVATED,0.09,FALSE_POSITIVE
29,2016,6,MONSOON,1,0.09080284,ELEVATED,ELEVATED,0.09,TRUE_POSITIVE
3,2007,5,PRE_MONSOON,0,0.090781644,ELEVATED,ELEVATED,0.09,FALSE_POSITIVE
31,2001,6,MONSOON,0,0.0907623,ELEVATED,ELEVATED,0.09,FALSE_POSITIVE
9,2006,6,MONSOON,1,0.09074158,ELEVATED,ELEVATED,0.09,TRUE_POSITIVE
10,2010,0,UNKNOWN,0,0.0907364,ELEVATED,ELEVATED,0.09,FALSE_POSITIVE
21,2005,0,UNKNOWN,1,0.090655796,ELEVATED,ELEVATED,0.09,TRUE_POSITIVE
23,2004,5,PRE_MONSOON,0,0.09064473,ELEVATED,ELEVATED,0.09,FALSE_POSITIVE
9,2015,6,MONSOON,1,0.09062854,ELEVATED,ELEVATED,0.09,TRUE_POSITIVE
9,2000,6,MONSOON,0,0.090581626,ELEVATED,ELEVATED,0.09,FALSE_POSITIVE
16,2010,0,UNKNOWN,0,0.0905406,ELEVATED,ELEVATED,0.09,FALSE_POSITIVE
2,2002,3,PRE_MONSOON,0,0.09051085,ELEVATED,ELEVATED,0.09,FALSE_POSITIVE
29,2016,5,PRE_MONSOON,1,0.090472884,ELEVATED,ELEVATED,0.09,TRUE_POSITIVE
21,2002,5,PRE_MONSOON,0,0.090455815,ELEVATED,ELEVATED,0.09,FALSE_POSITIVE
29,2007,6,MONSOON,0,0.09039502,ELEVATED,ELEVATED,0.09,FALSE_POSITIVE
28,2011,5,PRE_MONSOON,0,0.09034546,ELEVATED,ELEVATED,0.09,FALSE_POSITIVE
16,2012,0,UNKNOWN,0,0.09033,ELEVATED,ELEVATED,0.09,FALSE_POSITIVE
16,2017,5,PRE_MONSOON,0,0.090259515,ELEVATED,ELEVATED,0.09,FALSE_POSITIVE
35,2007,6,MONSOON,0,0.09022466,ELEVATED,ELEVATED,0.09,FALSE_POSITIVE
10,2007,0,UNKNOWN,0,0.09020188,ELEVATED,ELEVATED,0.09,FALSE_POSITIVE
18,2014,5,PRE_MONSOON,0,0.09015706,ELEVATED,ELEVATED,0.09,FALSE_POSITIVE
15,2002,5,PRE_MONSOON,0,0.09014578,ELEVATED,ELEVATED,0.09,FALSE_POSITIVE
13,2004,5,PRE_MONSOON,0,0.09013109,ELEVATED,ELEVATED,0.09,FALSE_POSITIVE
19,2016,5,PRE_MONSOON,0,0.09011842,ELEVATED,ELEVATED,0.09,FALSE_POSITIVE
29,2012,1,WINTER,0,0.09010816,ELEVATED,ELEVATED,0.09,FALSE_POSITIVE
29,2017,5,PRE_MONSOON,0,0.09009569,ELEVATED,ELEVATED,0.09,FALSE_POSITIVE
0,2002,1,WINTER,0,0.09008341,ELEVATED,ELEVATED,0.09,FALSE_POSITIVE
5,2011,8,MONSOON,0,0.090063326,ELEVATED,ELEVATED,0.09,FALSE_POSITIVE
18,2016,8,MONSOON,0,0.0900571,ELEVATED,ELEVATED,0.09,FALSE_POSITIVE
4,2003,8,MONSOON,0,0.09004733,ELEVATED,ELEVATED,0.09,FALSE_POSITIVE
35,2002,8,MONSOON,1,0.09003242,ELEVATED,ELEVATED,0.09,TRUE_POSITIVE
17,2011,5,PRE_MONSOON,0,0.09002536,ELEVATED,ELEVATED,0.09,FALSE_POSITIVE
