deployment_index,subdivision,year,month,source_months,existing_deployment_months,candidate_missing_months,reason
108,0,2000,0,,"1,2,3,4,5,6,7,8,9,10,11",,Unable to uniquely determine month
109,1,2000,0,,"1,2,3,4,5,6,7,8,9,10,11",,Unable to uniquely determine month
110,2,2000,0,,"1,2,3,4,5,6,7,8,9,10,11",,Unable to uniquely determine month
111,3,2000,0,,"1,2,3,4,5,6,7,8,9,10,11",,Unable to uniquely determine month
112,4,2000,0,,"1,2,3,4,5,6,7,8,9,10,11",,Unable to uniquely determine month
113,5,2000,0,,"1,2,3,4,5,6,7,8,9,10,11",,Unable to uniquely determine month
114,6,2000,0,,"1,2,3,4,5,6,7,8,9,10,11",,Unable to uniquely determine month
115,7,2000,0,,"1,2,3,4,5,6,7,8,9,10,11",,Unable to uniquely determine month
116,8,2000,0,,"1,2,3,4,5,6,7,8,9,10,11",,Unable to uniquely determine month
117,9,2000,0,,"1,2,3,4,5,6,7,8,9,10,11",,Unable to uniquely determine month
118,10,2000,0,,"1,2,3,4,5,6,7,8,9,10,11",,Unable to uniquely determine month
119,11,2000,0,,"1,2,3,4,5,6,7,8,9,10,11",,Unable to uniquely determine month
120,12,2000,0,,"1,2,3,4,5,6,7,8,9,10,11",,Unable to uniquely determine month
121,13,2000,0,,"1,2,3,4,5,6,7,8,9,10,11",,Unable to uniquely determine month
122,14,2000,0,,"1,2,3,4,5,6,7,8,9,10,11",,Unable to uniquely determine month
123,15,2000,0,,"1,2,3,4,5,6,7,8,9,10,11",,Unable to uniquely determine month
124,16,2000,0,,"1,2,3,4,5,6,7,8,9,10,11",,Unable to uniquely determine month
125,17,2000,0,,"1,2,3,4,5,6,7,8,9,10,11",,Unable to uniquely determine month
126,18,2000,0,,"1,2,3,4,5,6,7,8,9,10,11",,Unable to uniquely determine month
127,19,2000,0,,"1,2,3,4,5,6,7,8,9,10,11",,Unable to uniquely determine month
128,20,2000,0,,"1,2,3,4,5,6,7,8,9,10,11",,Unable to uniquely determine month
129,21,2000,0,,"1,2,3,4,5,6,7,8,9,10,11",,Unable to uniquely determine month
130,22,2000,0,,"1,2,3,4,5,6,7,8,9,10,11",,Unable to uniquely determine month
131,23,2000,0,,"1,2,3,4,5,6,7,8,9,10,11",,Unable to uniquely determine month
132,24,2000,0,,"1,2,3,4,5,6,7,8,9,10,11",,Unable to uniquely determine month
133,25,2000,0,,"1,2,3,4,5,6,7,8,9,10,11",,Unable to uniquely determine month
134,26,2000,0,,"1,2,3,4,5,6,7,8,9,10,11",,Unable to uniquely determine month
135,27,2000,0,,"1,2,3,4,5,6,7,8,9,10,11",,Unable to uniquely determine month
136,28,2000,0,,"1,2,3,4,5,6,7,8,9,10,11",,Unable to uniquely determine month
137,29,2000,0,,"1,2,3,4,5,6,7,8,9,10,11",,Unable to uniquely determine month
138,30,2000,0,,"1,2,3,4,5,6,7,8,9,10,11",,Unable to uniquely determine month
139,31,2000,0,,"1,2,3,4,5,6,7,8,9,10,11",,Unable to uniquely determine month
140,32,2000,0,,"1,2,3,4,5,6,7,8,9,10,11",,Unable to uniquely determine month
141,33,2000,0,,"1,2,3,4,5,6,7,8,9,10,11",,Unable to uniquely determine month
142,34,2000,0,,"1,2,3,4,5,6,7,8,9,10,11",,Unable to uniquely determine month
143,35,2000,0,,"1,2,3,4,5,6,7,8,9,10,11",,Unable to uniquely determine month
540,0,2001,0,,"1,2,3,4,5,6,7,8,9,10,11",,Unable to uniquely determine month
541,1,2001,0,,"1,2,3,4,5,6,7,8,9,10,11",,Unable to uniquely determine month
542,2,2001,0,,"1,2,3,4,5,6,7,8,9,10,11",,Unable to uniquely determine month
543,3,2001,0,,"1,2,3,4,5,6,7,8,9,10,11",,Unable to uniquely determine month
544,4,2001,0,,"1,2,3,4,5,6,7,8,9,10,11",,Unable to uniquely determine month
545,5,2001,0,,"1,2,3,4,5,6,7,8,9,10,11",,Unable to uniquely determine month
546,6,2001,0,,"1,2,3,4,5,6,7,8,9,10,11",,Unable to uniquely determine month
547,7,2001,0,,"1,2,3,4,5,6,7,8,9,10,11",,Unable to uniquely determine month
548,8,2001,0,,"1,2,3,4,5,6,7,8,9,10,11",,Unable to uniquely determine month
549,9,2001,0,,"1,2,3,4,5,6,7,8,9,10,11",,Unable to uniquely determine month
550,10,2001,0,,"1,2,3,4,5,6,7,8,9,10,11",,Unable to uniquely determine month
551,11,2001,0,,"1,2,3,4,5,6,7,8,9,10,11",,Unable to uniquely determine month
552,12,2001,0,,"1,2,3,4,5,6,7,8,9,10,11",,Unable to uniquely determine month
553,13,2001,0,,"1,2,3,4,5,6,7,8,9,10,11",,Unable to uniquely determine month
554,14,2001,0,,"1,2,3,4,5,6,7,8,9,10,11",,Unable to uniquely determine month
555,15,2001,0,,"1,2,3,4,5,6,7,8,9,10,11",,Unable to uniquely determine month
556,16,2001,0,,"1,2,3,4,5,6,7,8,9,10,11",,Unable to uniquely determine month
557,17,2001,0,,"1,2,3,4,5,6,7,8,9,10,11",,Unable to uniquely determine month
558,18,2001,0,,"1,2,3,4,5,6,7,8,9,10,11",,Unable to uniquely determine month
559,19,2001,0,,"1,2,3,4,5,6,7,8,9,10,11",,Unable to uniquely determine month
560,20,2001,0,,"1,2,3,4,5,6,7,8,9,10,11",,Unable to uniquely determine month
561,21,2001,0,,"1,2,3,4,5,6,7,8,9,10,11",,Unable to uniquely determine month
562,22,2001,0,,"1,2,3,4,5,6,7,8,9,10,11",,Unable to uniquely determine month
563,23,2001,0,,"1,2,3,4,5,6,7,8,9,10,11",,Unable to uniquely determine month
564,24,2001,0,,"1,2,3,4,5,6,7,8,9,10,11",,Unable to uniquely determine month
565,25,2001,0,,"1,2,3,4,5,6,7,8,9,10,11",,Unable to uniquely determine month
566,26,2001,0,,"1,2,3,4,5,6,7,8,9,10,11",,Unable to uniquely determine month
567,27,2001,0,,"1,2,3,4,5,6,7,8,9,10,11",,Unable to uniquely determine month
568,28,2001,0,,"1,2,3,4,5,6,7,8,9,10,11",,Unable to uniquely determine month
569,29,2001,0,,"1,2,3,4,5,6,7,8,9,10,11",,Unable to uniquely determine month
570,30,2001,0,,"1,2,3,4,5,6,7,8,9,10,11",,Unable to uniquely determine month
571,31,2001,0,,"1,2,3,4,5,6,7,8,9,10,11",,Unable to uniquely determine month
572,32,2001,0,,"1,2,3,4,5,6,7,8,9,10,11",,Unable to uniquely determine month
573,33,2001,0,,"1,2,3,4,5,6,7,8,9,10,11",,Unable to uniquely determine month
574,34,2001,0,,"1,2,3,4,5,6,7,8,9,10,11",,Unable to uniquely determine month
575,35,2001,0,,"1,2,3,4,5,6,7,8,9,10,11",,Unable to uniquely determine month
972,0,2002,0,,"1,2,3,4,5,6,7,8,9,10,11",,Unable to uniquely determine month
973,1,2002,0,,"1,2,3,4,5,6,7,8,9,10,11",,Unable to uniquely determine month
974,2,2002,0,,"1,2,3,4,5,6,7,8,9,10,11",,Unable to uniquely determine month
975,3,2002,0,,"1,2,3,4,5,6,7,8,9,10,11",,Unable to uniquely determine month
976,4,2002,0,,"1,2,3,4,5,6,7,8,9,10,11",,Unable to uniquely determine month
977,5,2002,0,,"1,2,3,4,5,6,7,8,9,10,11",,Unable to uniquely determine month
978,6,2002,0,,"1,2,3,4,5,6,7,8,9,10,11",,Unable to uniquely determine month
979,7,2002,0,,"1,2,3,4,5,6,7,8,9,10,11",,Unable to uniquely determine month
980,8,2002,0,,"1,2,3,4,5,6,7,8,9,10,11",,Unable to uniquely determine month
981,9,2002,0,,"1,2,3,4,5,6,7,8,9,10,11",,Unable to uniquely determine month
982,10,2002,0,,"1,2,3,4,5,6,7,8,9,10,11",,Unable to uniquely determine month
983,11,2002,0,,"1,2,3,4,5,6,7,8,9,10,11",,Unable to uniquely determine month
984,12,2002,0,,"1,2,3,4,5,6,7,8,9,10,11",,Unable to uniquely determine month
985,13,2002,0,,"1,2,3,4,5,6,7,8,9,10,11",,Unable to uniquely determine month
986,14,2002,0,,"1,2,3,4,5,6,7,8,9,10,11",,Unable to uniquely determine month
987,15,2002,0,,"1,2,3,4,5,6,7,8,9,10,11",,Unable to uniquely determine month
988,16,2002,0,,"1,2,3,4,5,6,7,8,9,10,11",,Unable to uniquely determine month
989,17,2002,0,,"1,2,3,4,5,6,7,8,9,10,11",,Unable to uniquely determine month
990,18,2002,0,,"1,2,3,4,5,6,7,8,9,10,11",,Unable to uniquely determine month
991,19,2002,0,,"1,2,3,4,5,6,7,8,9,10,11",,Unable to uniquely determine month
992,20,2002,0,,"1,2,3,4,5,6,7,8,9,10,11",,Unable to uniquely determine month
993,21,2002,0,,"1,2,3,4,5,6,7,8,9,10,11",,Unable to uniquely determine month
994,22,2002,0,,"1,2,3,4,5,6,7,8,9,10,11",,Unable to uniquely determine month
995,23,2002,0,,"1,2,3,4,5,6,7,8,9,10,11",,Unable to uniquely determine month
996,24,2002,0,,"1,2,3,4,5,6,7,8,9,10,11",,Unable to uniquely determine month
997,25,2002,0,,"1,2,3,4,5,6,7,8,9,10,11",,Unable to uniquely determine month
998,26,2002,0,,"1,2,3,4,5,6,7,8,9,10,11",,Unable to uniquely determine month
999,27,2002,0,,"1,2,3,4,5,6,7,8,9,10,11",,Unable to uniquely determine month
1000,28,2002,0,,"1,2,3,4,5,6,7,8,9,10,11",,Unable to uniquely determine month
1001,29,2002,0,,"1,2,3,4,5,6,7,8,9,10,11",,Unable to uniquely determine month
1002,30,2002,0,,"1,2,3,4,5,6,7,8,9,10,11",,Unable to uniquely determine month
1003,31,2002,0,,"1,2,3,4,5,6,7,8,9,10,11",,Unable to uniquely determine month
1004,32,2002,0,,"1,2,3,4,5,6,7,8,9,10,11",,Unable to uniquely determine month
1005,33,2002,0,,"1,2,3,4,5,6,7,8,9,10,11",,Unable to uniquely determine month
1006,34,2002,0,,"1,2,3,4,5,6,7,8,9,10,11",,Unable to uniquely determine month
1007,35,2002,0,,"1,2,3,4,5,6,7,8,9,10,11",,Unable to uniquely determine month
1404,0,2003,0,,"1,2,3,4,5,6,7,8,9,10,11",,Unable to uniquely determine month
1405,1,2003,0,,"1,2,3,4,5,6,7,8,9,10,11",,Unable to uniquely determine month
1406,2,2003,0,,"1,2,3,4,5,6,7,8,9,10,11",,Unable to uniquely determine month
1407,3,2003,0,,"1,2,3,4,5,6,7,8,9,10,11",,Unable to uniquely determine month
1408,4,2003,0,,"1,2,3,4,5,6,7,8,9,10,11",,Unable to uniquely determine month
1409,5,2003,0,,"1,2,3,4,5,6,7,8,9,10,11",,Unable to uniquely determine month
1410,6,2003,0,,"1,2,3,4,5,6,7,8,9,10,11",,Unable to uniquely determine month
1411,7,2003,0,,"1,2,3,4,5,6,7,8,9,10,11",,Unable to uniquely determine month
1412,8,2003,0,,"1,2,3,4,5,6,7,8,9,10,11",,Unable to uniquely determine month
1413,9,2003,0,,"1,2,3,4,5,6,7,8,9,10,11",,Unable to uniquely determine month
1414,10,2003,0,,"1,2,3,4,5,6,7,8,9,10,11",,Unable to uniquely determine month
1415,11,2003,0,,"1,2,3,4,5,6,7,8,9,10,11",,Unable to uniquely determine month
1416,12,2003,0,,"1,2,3,4,5,6,7,8,9,10,11",,Unable to uniquely determine month
1417,13,2003,0,,"1,2,3,4,5,6,7,8,9,10,11",,Unable to uniquely determine month
1418,14,2003,0,,"1,2,3,4,5,6,7,8,9,10,11",,Unable to uniquely determine month
1419,15,2003,0,,"1,2,3,4,5,6,7,8,9,10,11",,Unable to uniquely determine month
1420,16,2003,0,,"1,2,3,4,5,6,7,8,9,10,11",,Unable to uniquely determine month
1421,17,2003,0,,"1,2,3,4,5,6,7,8,9,10,11",,Unable to uniquely determine month
1422,18,2003,0,,"1,2,3,4,5,6,7,8,9,10,11",,Unable to uniquely determine month
1423,19,2003,0,,"1,2,3,4,5,6,7,8,9,10,11",,Unable to uniquely determine month
1424,20,2003,0,,"1,2,3,4,5,6,7,8,9,10,11",,Unable to uniquely determine month
1425,21,2003,0,,"1,2,3,4,5,6,7,8,9,10,11",,Unable to uniquely determine month
1426,22,2003,0,,"1,2,3,4,5,6,7,8,9,10,11",,Unable to uniquely determine month
1427,23,2003,0,,"1,2,3,4,5,6,7,8,9,10,11",,Unable to uniquely determine month
1428,24,2003,0,,"1,2,3,4,5,6,7,8,9,10,11",,Unable to uniquely determine month
1429,25,2003,0,,"1,2,3,4,5,6,7,8,9,10,11",,Unable to uniquely determine month
1430,26,2003,0,,"1,2,3,4,5,6,7,8,9,10,11",,Unable to uniquely determine month
1431,27,2003,0,,"1,2,3,4,5,6,7,8,9,10,11",,Unable to uniquely determine month
1432,28,2003,0,,"1,2,3,4,5,6,7,8,9,10,11",,Unable to uniquely determine month
1433,29,2003,0,,"1,2,3,4,5,6,7,8,9,10,11",,Unable to uniquely determine month
1434,30,2003,0,,"1,2,3,4,5,6,7,8,9,10,11",,Unable to uniquely determine month
1435,31,2003,0,,"1,2,3,4,5,6,7,8,9,10,11",,Unable to uniquely determine month
1436,32,2003,0,,"1,2,3,4,5,6,7,8,9,10,11",,Unable to uniquely determine month
1437,33,2003,0,,"1,2,3,4,5,6,7,8,9,10,11",,Unable to uniquely determine month
1438,34,2003,0,,"1,2,3,4,5,6,7,8,9,10,11",,Unable to uniquely determine month
1439,35,2003,0,,"1,2,3,4,5,6,7,8,9,10,11",,Unable to uniquely determine month
1836,0,2004,0,,"1,2,3,4,5,6,7,8,9,10,11",,Unable to uniquely determine month
1837,1,2004,0,,"1,2,3,4,5,6,7,8,9,10,11",,Unable to uniquely determine month
1838,2,2004,0,,"1,2,3,4,5,6,7,8,9,10,11",,Unable to uniquely determine month
1839,3,2004,0,,"1,2,3,4,5,6,7,8,9,10,11",,Unable to uniquely determine month
1840,4,2004,0,,"1,2,3,4,5,6,7,8,9,10,11",,Unable to uniquely determine month
1841,5,2004,0,,"1,2,3,4,5,6,7,8,9,10,11",,Unable to uniquely determine month
1842,6,2004,0,,"1,2,3,4,5,6,7,8,9,10,11",,Unable to uniquely determine month
1843,7,2004,0,,"1,2,3,4,5,6,7,8,9,10,11",,Unable to uniquely determine month
1844,8,2004,0,,"1,2,3,4,5,6,7,8,9,10,11",,Unable to uniquely determine month
1845,9,2004,0,,"1,2,3,4,5,6,7,8,9,10,11",,Unable to uniquely determine month
1846,10,2004,0,,"1,2,3,4,5,6,7,8,9,10,11",,Unable to uniquely determine month
1847,11,2004,0,,"1,2,3,4,5,6,7,8,9,10,11",,Unable to uniquely determine month
1848,12,2004,0,,"1,2,3,4,5,6,7,8,9,10,11",,Unable to uniquely determine month
1849,13,2004,0,,"1,2,3,4,5,6,7,8,9,10,11",,Unable to uniquely determine month
1850,14,2004,0,,"1,2,3,4,5,6,7,8,9,10,11",,Unable to uniquely determine month
1851,15,2004,0,,"1,2,3,4,5,6,7,8,9,10,11",,Unable to uniquely determine month
1852,16,2004,0,,"1,2,3,4,5,6,7,8,9,10,11",,Unable to uniquely determine month
1853,17,2004,0,,"1,2,3,4,5,6,7,8,9,10,11",,Unable to uniquely determine month
1854,18,2004,0,,"1,2,3,4,5,6,7,8,9,10,11",,Unable to uniquely determine month
1855,19,2004,0,,"1,2,3,4,5,6,7,8,9,10,11",,Unable to uniquely determine month
1856,20,2004,0,,"1,2,3,4,5,6,7,8,9,10,11",,Unable to uniquely determine month
1857,21,2004,0,,"1,2,3,4,5,6,7,8,9,10,11",,Unable to uniquely determine month
1858,22,2004,0,,"1,2,3,4,5,6,7,8,9,10,11",,Unable to uniquely determine month
1859,23,2004,0,,"1,2,3,4,5,6,7,8,9,10,11",,Unable to uniquely determine month
1860,24,2004,0,,"1,2,3,4,5,6,7,8,9,10,11",,Unable to uniquely determine month
1861,25,2004,0,,"1,2,3,4,5,6,7,8,9,10,11",,Unable to uniquely determine month
1862,26,2004,0,,"1,2,3,4,5,6,7,8,9,10,11",,Unable to uniquely determine month
1863,27,2004,0,,"1,2,3,4,5,6,7,8,9,10,11",,Unable to uniquely determine month
1864,28,2004,0,,"1,2,3,4,5,6,7,8,9,10,11",,Unable to uniquely determine month
1865,29,2004,0,,"1,2,3,4,5,6,7,8,9,10,11",,Unable to uniquely determine month
1866,30,2004,0,,"1,2,3,4,5,6,7,8,9,10,11",,Unable to uniquely determine month
1867,31,2004,0,,"1,2,3,4,5,6,7,8,9,10,11",,Unable to uniquely determine month
1868,32,2004,0,,"1,2,3,4,5,6,7,8,9,10,11",,Unable to uniquely determine month
1869,33,2004,0,,"1,2,3,4,5,6,7,8,9,10,11",,Unable to uniquely determine month
1870,34,2004,0,,"1,2,3,4,5,6,7,8,9,10,11",,Unable to uniquely determine month
1871,35,2004,0,,"1,2,3,4,5,6,7,8,9,10,11",,Unable to uniquely determine month
2268,0,2005,0,,"1,2,3,4,5,6,7,8,9,10,11",,Unable to uniquely determine month
2269,1,2005,0,,"1,2,3,4,5,6,7,8,9,10,11",,Unable to uniquely determine month
2270,2,2005,0,,"1,2,3,4,5,6,7,8,9,10,11",,Unable to uniquely determine month
2271,3,2005,0,,"1,2,3,4,5,6,7,8,9,10,11",,Unable to uniquely determine month
2272,4,2005,0,,"1,2,3,4,5,6,7,8,9,10,11",,Unable to uniquely determine month
2273,5,2005,0,,"1,2,3,4,5,6,7,8,9,10,11",,Unable to uniquely determine month
2274,6,2005,0,,"1,2,3,4,5,6,7,8,9,10,11",,Unable to uniquely determine month
2275,7,2005,0,,"1,2,3,4,5,6,7,8,9,10,11",,Unable to uniquely determine month
2276,8,2005,0,,"1,2,3,4,5,6,7,8,9,10,11",,Unable to uniquely determine month
2277,9,2005,0,,"1,2,3,4,5,6,7,8,9,10,11",,Unable to uniquely determine month
2278,10,2005,0,,"1,2,3,4,5,6,7,8,9,10,11",,Unable to uniquely determine month
2279,11,2005,0,,"1,2,3,4,5,6,7,8,9,10,11",,Unable to uniquely determine month
2280,12,2005,0,,"1,2,3,4,5,6,7,8,9,10,11",,Unable to uniquely determine month
2281,13,2005,0,,"1,2,3,4,5,6,7,8,9,10,11",,Unable to uniquely determine month
2282,14,2005,0,,"1,2,3,4,5,6,7,8,9,10,11",,Unable to uniquely determine month
2283,15,2005,0,,"1,2,3,4,5,6,7,8,9,10,11",,Unable to uniquely determine month
2284,16,2005,0,,"1,2,3,4,5,6,7,8,9,10,11",,Unable to uniquely determine month
2285,17,2005,0,,"1,2,3,4,5,6,7,8,9,10,11",,Unable to uniquely determine month
2286,18,2005,0,,"1,2,3,4,5,6,7,8,9,10,11",,Unable to uniquely determine month
2287,19,2005,0,,"1,2,3,4,5,6,7,8,9,10,11",,Unable to uniquely determine month
2288,20,2005,0,,"1,2,3,4,5,6,7,8,9,10,11",,Unable to uniquely determine month
2289,21,2005,0,,"1,2,3,4,5,6,7,8,9,10,11",,Unable to uniquely determine month
2290,22,2005,0,,"1,2,3,4,5,6,7,8,9,10,11",,Unable to uniquely determine month
2291,23,2005,0,,"1,2,3,4,5,6,7,8,9,10,11",,Unable to uniquely determine month
2292,24,2005,0,,"1,2,3,4,5,6,7,8,9,10,11",,Unable to uniquely determine month
2293,25,2005,0,,"1,2,3,4,5,6,7,8,9,10,11",,Unable to uniquely determine month
2294,26,2005,0,,"1,2,3,4,5,6,7,8,9,10,11",,Unable to uniquely determine month
2295,27,2005,0,,"1,2,3,4,5,6,7,8,9,10,11",,Unable to uniquely determine month
2296,28,2005,0,,"1,2,3,4,5,6,7,8,9,10,11",,Unable to uniquely determine month
2297,29,2005,0,,"1,2,3,4,5,6,7,8,9,10,11",,Unable to uniquely determine month
2298,30,2005,0,,"1,2,3,4,5,6,7,8,9,10,11",,Unable to uniquely determine month
2299,31,2005,0,,"1,2,3,4,5,6,7,8,9,10,11",,Unable to uniquely determine month
2300,32,2005,0,,"1,2,3,4,5,6,7,8,9,10,11",,Unable to uniquely determine month
2301,33,2005,0,,"1,2,3,4,5,6,7,8,9,10,11",,Unable to uniquely determine month
2302,34,2005,0,,"1,2,3,4,5,6,7,8,9,10,11",,Unable to uniquely determine month
2303,35,2005,0,,"1,2,3,4,5,6,7,8,9,10,11",,Unable to uniquely determine month
2700,0,2006,0,,"1,2,3,4,5,6,7,8,9,10,11",,Unable to uniquely determine month
2701,1,2006,0,,"1,2,3,4,5,6,7,8,9,10,11",,Unable to uniquely determine month
2702,2,2006,0,,"1,2,3,4,5,6,7,8,9,10,11",,Unable to uniquely determine month
2703,3,2006,0,,"1,2,3,4,5,6,7,8,9,10,11",,Unable to uniquely determine month
2704,4,2006,0,,"1,2,3,4,5,6,7,8,9,10,11",,Unable to uniquely determine month
2705,5,2006,0,,"1,2,3,4,5,6,7,8,9,10,11",,Unable to uniquely determine month
2706,6,2006,0,,"1,2,3,4,5,6,7,8,9,10,11",,Unable to uniquely determine month
2707,7,2006,0,,"1,2,3,4,5,6,7,8,9,10,11",,Unable to uniquely determine month
2708,8,2006,0,,"1,2,3,4,5,6,7,8,9,10,11",,Unable to uniquely determine month
2709,9,2006,0,,"1,2,3,4,5,6,7,8,9,10,11",,Unable to uniquely determine month
2710,10,2006,0,,"1,2,3,4,5,6,7,8,9,10,11",,Unable to uniquely determine month
2711,11,2006,0,,"1,2,3,4,5,6,7,8,9,10,11",,Unable to uniquely determine month
2712,12,2006,0,,"1,2,3,4,5,6,7,8,9,10,11",,Unable to uniquely determine month
2713,13,2006,0,,"1,2,3,4,5,6,7,8,9,10,11",,Unable to uniquely determine month
2714,14,2006,0,,"1,2,3,4,5,6,7,8,9,10,11",,Unable to uniquely determine month
2715,15,2006,0,,"1,2,3,4,5,6,7,8,9,10,11",,Unable to uniquely determine month
2716,16,2006,0,,"1,2,3,4,5,6,7,8,9,10,11",,Unable to uniquely determine month
2717,17,2006,0,,"1,2,3,4,5,6,7,8,9,10,11",,Unable to uniquely determine month
2718,18,2006,0,,"1,2,3,4,5,6,7,8,9,10,11",,Unable to uniquely determine month
2719,19,2006,0,,"1,2,3,4,5,6,7,8,9,10,11",,Unable to uniquely determine month
2720,20,2006,0,,"1,2,3,4,5,6,7,8,9,10,11",,Unable to uniquely determine month
2721,21,2006,0,,"1,2,3,4,5,6,7,8,9,10,11",,Unable to uniquely determine month
2722,22,2006,0,,"1,2,3,4,5,6,7,8,9,10,11",,Unable to uniquely determine month
2723,23,2006,0,,"1,2,3,4,5,6,7,8,9,10,11",,Unable to uniquely determine month
2724,24,2006,0,,"1,2,3,4,5,6,7,8,9,10,11",,Unable to uniquely determine month
2725,25,2006,0,,"1,2,3,4,5,6,7,8,9,10,11",,Unable to uniquely determine month
2726,26,2006,0,,"1,2,3,4,5,6,7,8,9,10,11",,Unable to uniquely determine month
2727,27,2006,0,,"1,2,3,4,5,6,7,8,9,10,11",,Unable to uniquely determine month
2728,28,2006,0,,"1,2,3,4,5,6,7,8,9,10,11",,Unable to uniquely determine month
2729,29,2006,0,,"1,2,3,4,5,6,7,8,9,10,11",,Unable to uniquely determine month
2730,30,2006,0,,"1,2,3,4,5,6,7,8,9,10,11",,Unable to uniquely determine month
2731,31,2006,0,,"1,2,3,4,5,6,7,8,9,10,11",,Unable to uniquely determine month
2732,32,2006,0,,"1,2,3,4,5,6,7,8,9,10,11",,Unable to uniquely determine month
2733,33,2006,0,,"1,2,3,4,5,6,7,8,9,10,11",,Unable to uniquely determine month
2734,34,2006,0,,"1,2,3,4,5,6,7,8,9,10,11",,Unable to uniquely determine month
2735,35,2006,0,,"1,2,3,4,5,6,7,8,9,10,11",,Unable to uniquely determine month
3132,0,2007,0,,"1,2,3,4,5,6,7,8,9,10,11",,Unable to uniquely determine month
3133,1,2007,0,,"1,2,3,4,5,6,7,8,9,10,11",,Unable to uniquely determine month
3134,2,2007,0,,"1,2,3,4,5,6,7,8,9,10,11",,Unable to uniquely determine month
3135,3,2007,0,,"1,2,3,4,5,6,7,8,9,10,11",,Unable to uniquely determine month
3136,4,2007,0,,"1,2,3,4,5,6,7,8,9,10,11",,Unable to uniquely determine month
3137,5,2007,0,,"1,2,3,4,5,6,7,8,9,10,11",,Unable to uniquely determine month
3138,6,2007,0,,"1,2,3,4,5,6,7,8,9,10,11",,Unable to uniquely determine month
3139,7,2007,0,,"1,2,3,4,5,6,7,8,9,10,11",,Unable to uniquely determine month
3140,8,2007,0,,"1,2,3,4,5,6,7,8,9,10,11",,Unable to uniquely determine month
3141,9,2007,0,,"1,2,3,4,5,6,7,8,9,10,11",,Unable to uniquely determine month
3142,10,2007,0,,"1,2,3,4,5,6,7,8,9,10,11",,Unable to uniquely determine month
3143,11,2007,0,,"1,2,3,4,5,6,7,8,9,10,11",,Unable to uniquely determine month
3144,12,2007,0,,"1,2,3,4,5,6,7,8,9,10,11",,Unable to uniquely determine month
3145,13,2007,0,,"1,2,3,4,5,6,7,8,9,10,11",,Unable to uniquely determine month
3146,14,2007,0,,"1,2,3,4,5,6,7,8,9,10,11",,Unable to uniquely determine month
3147,15,2007,0,,"1,2,3,4,5,6,7,8,9,10,11",,Unable to uniquely determine month
3148,16,2007,0,,"1,2,3,4,5,6,7,8,9,10,11",,Unable to uniquely determine month
3149,17,2007,0,,"1,2,3,4,5,6,7,8,9,10,11",,Unable to uniquely determine month
3150,18,2007,0,,"1,2,3,4,5,6,7,8,9,10,11",,Unable to uniquely determine month
3151,19,2007,0,,"1,2,3,4,5,6,7,8,9,10,11",,Unable to uniquely determine month
3152,20,2007,0,,"1,2,3,4,5,6,7,8,9,10,11",,Unable to uniquely determine month
3153,21,2007,0,,"1,2,3,4,5,6,7,8,9,10,11",,Unable to uniquely determine month
3154,22,2007,0,,"1,2,3,4,5,6,7,8,9,10,11",,Unable to uniquely determine month
3155,23,2007,0,,"1,2,3,4,5,6,7,8,9,10,11",,Unable to uniquely determine month
3156,24,2007,0,,"1,2,3,4,5,6,7,8,9,10,11",,Unable to uniquely determine month
3157,25,2007,0,,"1,2,3,4,5,6,7,8,9,10,11",,Unable to uniquely determine month
3158,26,2007,0,,"1,2,3,4,5,6,7,8,9,10,11",,Unable to uniquely determine month
3159,27,2007,0,,"1,2,3,4,5,6,7,8,9,10,11",,Unable to uniquely determine month
3160,28,2007,0,,"1,2,3,4,5,6,7,8,9,10,11",,Unable to uniquely determine month
3161,29,2007,0,,"1,2,3,4,5,6,7,8,9,10,11",,Unable to uniquely determine month
3162,30,2007,0,,"1,2,3,4,5,6,7,8,9,10,11",,Unable to uniquely determine month
3163,31,2007,0,,"1,2,3,4,5,6,7,8,9,10,11",,Unable to uniquely determine month
3164,32,2007,0,,"1,2,3,4,5,6,7,8,9,10,11",,Unable to uniquely determine month
3165,33,2007,0,,"1,2,3,4,5,6,7,8,9,10,11",,Unable to uniquely determine month
3166,34,2007,0,,"1,2,3,4,5,6,7,8,9,10,11",,Unable to uniquely determine month
3167,35,2007,0,,"1,2,3,4,5,6,7,8,9,10,11",,Unable to uniquely determine month
3564,0,2008,0,,"1,2,3,4,5,6,7,8,9,10,11",,Unable to uniquely determine month
3565,1,2008,0,,"1,2,3,4,5,6,7,8,9,10,11",,Unable to uniquely determine month
3566,2,2008,0,,"1,2,3,4,5,6,7,8,9,10,11",,Unable to uniquely determine month
3567,3,2008,0,,"1,2,3,4,5,6,7,8,9,10,11",,Unable to uniquely determine month
3568,4,2008,0,,"1,2,3,4,5,6,7,8,9,10,11",,Unable to uniquely determine month
3569,5,2008,0,,"1,2,3,4,5,6,7,8,9,10,11",,Unable to uniquely determine month
3570,6,2008,0,,"1,2,3,4,5,6,7,8,9,10,11",,Unable to uniquely determine month
3571,7,2008,0,,"1,2,3,4,5,6,7,8,9,10,11",,Unable to uniquely determine month
3572,8,2008,0,,"1,2,3,4,5,6,7,8,9,10,11",,Unable to uniquely determine month
3573,9,2008,0,,"1,2,3,4,5,6,7,8,9,10,11",,Unable to uniquely determine month
3574,10,2008,0,,"1,2,3,4,5,6,7,8,9,10,11",,Unable to uniquely determine month
3575,11,2008,0,,"1,2,3,4,5,6,7,8,9,10,11",,Unable to uniquely determine month
3576,12,2008,0,,"1,2,3,4,5,6,7,8,9,10,11",,Unable to uniquely determine month
3577,13,2008,0,,"1,2,3,4,5,6,7,8,9,10,11",,Unable to uniquely determine month
3578,14,2008,0,,"1,2,3,4,5,6,7,8,9,10,11",,Unable to uniquely determine month
3579,15,2008,0,,"1,2,3,4,5,6,7,8,9,10,11",,Unable to uniquely determine month
3580,16,2008,0,,"1,2,3,4,5,6,7,8,9,10,11",,Unable to uniquely determine month
3581,17,2008,0,,"1,2,3,4,5,6,7,8,9,10,11",,Unable to uniquely determine month
3582,18,2008,0,,"1,2,3,4,5,6,7,8,9,10,11",,Unable to uniquely determine month
3583,19,2008,0,,"1,2,3,4,5,6,7,8,9,10,11",,Unable to uniquely determine month
3584,20,2008,0,,"1,2,3,4,5,6,7,8,9,10,11",,Unable to uniquely determine month
3585,21,2008,0,,"1,2,3,4,5,6,7,8,9,10,11",,Unable to uniquely determine month
3586,22,2008,0,,"1,2,3,4,5,6,7,8,9,10,11",,Unable to uniquely determine month
3587,23,2008,0,,"1,2,3,4,5,6,7,8,9,10,11",,Unable to uniquely determine month
3588,24,2008,0,,"1,2,3,4,5,6,7,8,9,10,11",,Unable to uniquely determine month
3589,25,2008,0,,"1,2,3,4,5,6,7,8,9,10,11",,Unable to uniquely determine month
3590,26,2008,0,,"1,2,3,4,5,6,7,8,9,10,11",,Unable to uniquely determine month
3591,27,2008,0,,"1,2,3,4,5,6,7,8,9,10,11",,Unable to uniquely determine month
3592,28,2008,0,,"1,2,3,4,5,6,7,8,9,10,11",,Unable to uniquely determine month
3593,29,2008,0,,"1,2,3,4,5,6,7,8,9,10,11",,Unable to uniquely determine month
3594,30,2008,0,,"1,2,3,4,5,6,7,8,9,10,11",,Unable to uniquely determine month
3595,31,2008,0,,"1,2,3,4,5,6,7,8,9,10,11",,Unable to uniquely determine month
3596,32,2008,0,,"1,2,3,4,5,6,7,8,9,10,11",,Unable to uniquely determine month
3597,33,2008,0,,"1,2,3,4,5,6,7,8,9,10,11",,Unable to uniquely determine month
3598,34,2008,0,,"1,2,3,4,5,6,7,8,9,10,11",,Unable to uniquely determine month
3599,35,2008,0,,"1,2,3,4,5,6,7,8,9,10,11",,Unable to uniquely determine month
3996,0,2009,0,,"1,2,3,4,5,6,7,8,9,10,11",,Unable to uniquely determine month
3997,1,2009,0,,"1,2,3,4,5,6,7,8,9,10,11",,Unable to uniquely determine month
3998,2,2009,0,,"1,2,3,4,5,6,7,8,9,10,11",,Unable to uniquely determine month
3999,3,2009,0,,"1,2,3,4,5,6,7,8,9,10,11",,Unable to uniquely determine month
4000,4,2009,0,,"1,2,3,4,5,6,7,8,9,10,11",,Unable to uniquely determine month
4001,5,2009,0,,"1,2,3,4,5,6,7,8,9,10,11",,Unable to uniquely determine month
4002,6,2009,0,,"1,2,3,4,5,6,7,8,9,10,11",,Unable to uniquely determine month
4003,7,2009,0,,"1,2,3,4,5,6,7,8,9,10,11",,Unable to uniquely determine month
4004,8,2009,0,,"1,2,3,4,5,6,7,8,9,10,11",,Unable to uniquely determine month
4005,9,2009,0,,"1,2,3,4,5,6,7,8,9,10,11",,Unable to uniquely determine month
4006,10,2009,0,,"1,2,3,4,5,6,7,8,9,10,11",,Unable to uniquely determine month
4007,11,2009,0,,"1,2,3,4,5,6,7,8,9,10,11",,Unable to uniquely determine month
4008,12,2009,0,,"1,2,3,4,5,6,7,8,9,10,11",,Unable to uniquely determine month
4009,13,2009,0,,"1,2,3,4,5,6,7,8,9,10,11",,Unable to uniquely determine month
4010,14,2009,0,,"1,2,3,4,5,6,7,8,9,10,11",,Unable to uniquely determine month
4011,15,2009,0,,"1,2,3,4,5,6,7,8,9,10,11",,Unable to uniquely determine month
4012,16,2009,0,,"1,2,3,4,5,6,7,8,9,10,11",,Unable to uniquely determine month
4013,17,2009,0,,"1,2,3,4,5,6,7,8,9,10,11",,Unable to uniquely determine month
4014,18,2009,0,,"1,2,3,4,5,6,7,8,9,10,11",,Unable to uniquely determine month
4015,19,2009,0,,"1,2,3,4,5,6,7,8,9,10,11",,Unable to uniquely determine month
4016,20,2009,0,,"1,2,3,4,5,6,7,8,9,10,11",,Unable to uniquely determine month
4017,21,2009,0,,"1,2,3,4,5,6,7,8,9,10,11",,Unable to uniquely determine month
4018,22,2009,0,,"1,2,3,4,5,6,7,8,9,10,11",,Unable to uniquely determine month
4019,23,2009,0,,"1,2,3,4,5,6,7,8,9,10,11",,Unable to uniquely determine month
4020,24,2009,0,,"1,2,3,4,5,6,7,8,9,10,11",,Unable to uniquely determine month
4021,25,2009,0,,"1,2,3,4,5,6,7,8,9,10,11",,Unable to uniquely determine month
4022,26,2009,0,,"1,2,3,4,5,6,7,8,9,10,11",,Unable to uniquely determine month
4023,27,2009,0,,"1,2,3,4,5,6,7,8,9,10,11",,Unable to uniquely determine month
4024,28,2009,0,,"1,2,3,4,5,6,7,8,9,10,11",,Unable to uniquely determine month
4025,29,2009,0,,"1,2,3,4,5,6,7,8,9,10,11",,Unable to uniquely determine month
4026,30,2009,0,,"1,2,3,4,5,6,7,8,9,10,11",,Unable to uniquely determine month
4027,31,2009,0,,"1,2,3,4,5,6,7,8,9,10,11",,Unable to uniquely determine month
4028,32,2009,0,,"1,2,3,4,5,6,7,8,9,10,11",,Unable to uniquely determine month
4029,33,2009,0,,"1,2,3,4,5,6,7,8,9,10,11",,Unable to uniquely determine month
4030,34,2009,0,,"1,2,3,4,5,6,7,8,9,10,11",,Unable to uniquely determine month
4031,35,2009,0,,"1,2,3,4,5,6,7,8,9,10,11",,Unable to uniquely determine month
4428,0,2010,0,,"1,2,3,4,5,6,7,8,9,10,11",,Unable to uniquely determine month
4429,1,2010,0,,"1,2,3,4,5,6,7,8,9,10,11",,Unable to uniquely determine month
4430,2,2010,0,,"1,2,3,4,5,6,7,8,9,10,11",,Unable to uniquely determine month
4431,3,2010,0,,"1,2,3,4,5,6,7,8,9,10,11",,Unable to uniquely determine month
4432,4,2010,0,,"1,2,3,4,5,6,7,8,9,10,11",,Unable to uniquely determine month
4433,5,2010,0,,"1,2,3,4,5,6,7,8,9,10,11",,Unable to uniquely determine month
4434,6,2010,0,,"1,2,3,4,5,6,7,8,9,10,11",,Unable to uniquely determine month
4435,7,2010,0,,"1,2,3,4,5,6,7,8,9,10,11",,Unable to uniquely determine month
4436,8,2010,0,,"1,2,3,4,5,6,7,8,9,10,11",,Unable to uniquely determine month
4437,9,2010,0,,"1,2,3,4,5,6,7,8,9,10,11",,Unable to uniquely determine month
4438,10,2010,0,,"1,2,3,4,5,6,7,8,9,10,11",,Unable to uniquely determine month
4439,11,2010,0,,"1,2,3,4,5,6,7,8,9,10,11",,Unable to uniquely determine month
4440,12,2010,0,,"1,2,3,4,5,6,7,8,9,10,11",,Unable to uniquely determine month
4441,13,2010,0,,"1,2,3,4,5,6,7,8,9,10,11",,Unable to uniquely determine month
4442,14,2010,0,,"1,2,3,4,5,6,7,8,9,10,11",,Unable to uniquely determine month
4443,15,2010,0,,"1,2,3,4,5,6,7,8,9,10,11",,Unable to uniquely determine month
4444,16,2010,0,,"1,2,3,4,5,6,7,8,9,10,11",,Unable to uniquely determine month
4445,17,2010,0,,"1,2,3,4,5,6,7,8,9,10,11",,Unable to uniquely determine month
4446,18,2010,0,,"1,2,3,4,5,6,7,8,9,10,11",,Unable to uniquely determine month
4447,19,2010,0,,"1,2,3,4,5,6,7,8,9,10,11",,Unable to uniquely determine month
4448,20,2010,0,,"1,2,3,4,5,6,7,8,9,10,11",,Unable to uniquely determine month
4449,21,2010,0,,"1,2,3,4,5,6,7,8,9,10,11",,Unable to uniquely determine month
4450,22,2010,0,,"1,2,3,4,5,6,7,8,9,10,11",,Unable to uniquely determine month
4451,23,2010,0,,"1,2,3,4,5,6,7,8,9,10,11",,Unable to uniquely determine month
4452,24,2010,0,,"1,2,3,4,5,6,7,8,9,10,11",,Unable to uniquely determine month
4453,25,2010,0,,"1,2,3,4,5,6,7,8,9,10,11",,Unable to uniquely determine month
4454,26,2010,0,,"1,2,3,4,5,6,7,8,9,10,11",,Unable to uniquely determine month
4455,27,2010,0,,"1,2,3,4,5,6,7,8,9,10,11",,Unable to uniquely determine month
4456,28,2010,0,,"1,2,3,4,5,6,7,8,9,10,11",,Unable to uniquely determine month
4457,29,2010,0,,"1,2,3,4,5,6,7,8,9,10,11",,Unable to uniquely determine month
4458,30,2010,0,,"1,2,3,4,5,6,7,8,9,10,11",,Unable to uniquely determine month
4459,31,2010,0,,"1,2,3,4,5,6,7,8,9,10,11",,Unable to uniquely determine month
4460,32,2010,0,,"1,2,3,4,5,6,7,8,9,10,11",,Unable to uniquely determine month
4461,33,2010,0,,"1,2,3,4,5,6,7,8,9,10,11",,Unable to uniquely determine month
4462,34,2010,0,,"1,2,3,4,5,6,7,8,9,10,11",,Unable to uniquely determine month
4463,35,2010,0,,"1,2,3,4,5,6,7,8,9,10,11",,Unable to uniquely determine month
4860,0,2011,0,,"1,2,3,4,5,6,7,8,9,10,11",,Unable to uniquely determine month
4861,1,2011,0,,"1,2,3,4,5,6,7,8,9,10,11",,Unable to uniquely determine month
4862,2,2011,0,,"1,2,3,4,5,6,7,8,9,10,11",,Unable to uniquely determine month
4863,3,2011,0,,"1,2,3,4,5,6,7,8,9,10,11",,Unable to uniquely determine month
4864,4,2011,0,,"1,2,3,4,5,6,7,8,9,10,11",,Unable to uniquely determine month
4865,5,2011,0,,"1,2,3,4,5,6,7,8,9,10,11",,Unable to uniquely determine month
4866,6,2011,0,,"1,2,3,4,5,6,7,8,9,10,11",,Unable to uniquely determine month
4867,7,2011,0,,"1,2,3,4,5,6,7,8,9,10,11",,Unable to uniquely determine month
4868,8,2011,0,,"1,2,3,4,5,6,7,8,9,10,11",,Unable to uniquely determine month
4869,9,2011,0,,"1,2,3,4,5,6,7,8,9,10,11",,Unable to uniquely determine month
4870,10,2011,0,,"1,2,3,4,5,6,7,8,9,10,11",,Unable to uniquely determine month
4871,11,2011,0,,"1,2,3,4,5,6,7,8,9,10,11",,Unable to uniquely determine month
4872,12,2011,0,,"1,2,3,4,5,6,7,8,9,10,11",,Unable to uniquely determine month
4873,13,2011,0,,"1,2,3,4,5,6,7,8,9,10,11",,Unable to uniquely determine month
4874,14,2011,0,,"1,2,3,4,5,6,7,8,9,10,11",,Unable to uniquely determine month
4875,15,2011,0,,"1,2,3,4,5,6,7,8,9,10,11",,Unable to uniquely determine month
4876,16,2011,0,,"1,2,3,4,5,6,7,8,9,10,11",,Unable to uniquely determine month
4877,17,2011,0,,"1,2,3,4,5,6,7,8,9,10,11",,Unable to uniquely determine month
4878,18,2011,0,,"1,2,3,4,5,6,7,8,9,10,11",,Unable to uniquely determine month
4879,19,2011,0,,"1,2,3,4,5,6,7,8,9,10,11",,Unable to uniquely determine month
4880,20,2011,0,,"1,2,3,4,5,6,7,8,9,10,11",,Unable to uniquely determine month
4881,21,2011,0,,"1,2,3,4,5,6,7,8,9,10,11",,Unable to uniquely determine month
4882,22,2011,0,,"1,2,3,4,5,6,7,8,9,10,11",,Unable to uniquely determine month
4883,23,2011,0,,"1,2,3,4,5,6,7,8,9,10,11",,Unable to uniquely determine month
4884,24,2011,0,,"1,2,3,4,5,6,7,8,9,10,11",,Unable to uniquely determine month
4885,25,2011,0,,"1,2,3,4,5,6,7,8,9,10,11",,Unable to uniquely determine month
4886,26,2011,0,,"1,2,3,4,5,6,7,8,9,10,11",,Unable to uniquely determine month
4887,27,2011,0,,"1,2,3,4,5,6,7,8,9,10,11",,Unable to uniquely determine month
4888,28,2011,0,,"1,2,3,4,5,6,7,8,9,10,11",,Unable to uniquely determine month
4889,29,2011,0,,"1,2,3,4,5,6,7,8,9,10,11",,Unable to uniquely determine month
4890,30,2011,0,,"1,2,3,4,5,6,7,8,9,10,11",,Unable to uniquely determine month
4891,31,2011,0,,"1,2,3,4,5,6,7,8,9,10,11",,Unable to uniquely determine month
4892,32,2011,0,,"1,2,3,4,5,6,7,8,9,10,11",,Unable to uniquely determine month
4893,33,2011,0,,"1,2,3,4,5,6,7,8,9,10,11",,Unable to uniquely determine month
4894,34,2011,0,,"1,2,3,4,5,6,7,8,9,10,11",,Unable to uniquely determine month
4895,35,2011,0,,"1,2,3,4,5,6,7,8,9,10,11",,Unable to uniquely determine month
5292,0,2012,0,,"1,2,3,4,5,6,7,8,9,10,11",,Unable to uniquely determine month
5293,1,2012,0,,"1,2,3,4,5,6,7,8,9,10,11",,Unable to uniquely determine month
5294,2,2012,0,,"1,2,3,4,5,6,7,8,9,10,11",,Unable to uniquely determine month
5295,3,2012,0,,"1,2,3,4,5,6,7,8,9,10,11",,Unable to uniquely determine month
5296,4,2012,0,,"1,2,3,4,5,6,7,8,9,10,11",,Unable to uniquely determine month
5297,5,2012,0,,"1,2,3,4,5,6,7,8,9,10,11",,Unable to uniquely determine month
5298,6,2012,0,,"1,2,3,4,5,6,7,8,9,10,11",,Unable to uniquely determine month
5299,7,2012,0,,"1,2,3,4,5,6,7,8,9,10,11",,Unable to uniquely determine month
5300,8,2012,0,,"1,2,3,4,5,6,7,8,9,10,11",,Unable to uniquely determine month
5301,9,2012,0,,"1,2,3,4,5,6,7,8,9,10,11",,Unable to uniquely determine month
5302,10,2012,0,,"1,2,3,4,5,6,7,8,9,10,11",,Unable to uniquely determine month
5303,11,2012,0,,"1,2,3,4,5,6,7,8,9,10,11",,Unable to uniquely determine month
5304,12,2012,0,,"1,2,3,4,5,6,7,8,9,10,11",,Unable to uniquely determine month
5305,13,2012,0,,"1,2,3,4,5,6,7,8,9,10,11",,Unable to uniquely determine month
5306,14,2012,0,,"1,2,3,4,5,6,7,8,9,10,11",,Unable to uniquely determine month
5307,15,2012,0,,"1,2,3,4,5,6,7,8,9,10,11",,Unable to uniquely determine month
5308,16,2012,0,,"1,2,3,4,5,6,7,8,9,10,11",,Unable to uniquely determine month
5309,17,2012,0,,"1,2,3,4,5,6,7,8,9,10,11",,Unable to uniquely determine month
5310,18,2012,0,,"1,2,3,4,5,6,7,8,9,10,11",,Unable to uniquely determine month
5311,19,2012,0,,"1,2,3,4,5,6,7,8,9,10,11",,Unable to uniquely determine month
5312,20,2012,0,,"1,2,3,4,5,6,7,8,9,10,11",,Unable to uniquely determine month
5313,21,2012,0,,"1,2,3,4,5,6,7,8,9,10,11",,Unable to uniquely determine month
5314,22,2012,0,,"1,2,3,4,5,6,7,8,9,10,11",,Unable to uniquely determine month
5315,23,2012,0,,"1,2,3,4,5,6,7,8,9,10,11",,Unable to uniquely determine month
5316,24,2012,0,,"1,2,3,4,5,6,7,8,9,10,11",,Unable to uniquely determine month
5317,25,2012,0,,"1,2,3,4,5,6,7,8,9,10,11",,Unable to uniquely determine month
5318,26,2012,0,,"1,2,3,4,5,6,7,8,9,10,11",,Unable to uniquely determine month
5319,27,2012,0,,"1,2,3,4,5,6,7,8,9,10,11",,Unable to uniquely determine month
5320,28,2012,0,,"1,2,3,4,5,6,7,8,9,10,11",,Unable to uniquely determine month
5321,29,2012,0,,"1,2,3,4,5,6,7,8,9,10,11",,Unable to uniquely determine month
5322,30,2012,0,,"1,2,3,4,5,6,7,8,9,10,11",,Unable to uniquely determine month
5323,31,2012,0,,"1,2,3,4,5,6,7,8,9,10,11",,Unable to uniquely determine month
5324,32,2012,0,,"1,2,3,4,5,6,7,8,9,10,11",,Unable to uniquely determine month
5325,33,2012,0,,"1,2,3,4,5,6,7,8,9,10,11",,Unable to uniquely determine month
5326,34,2012,0,,"1,2,3,4,5,6,7,8,9,10,11",,Unable to uniquely determine month
5327,35,2012,0,,"1,2,3,4,5,6,7,8,9,10,11",,Unable to uniquely determine month
5724,0,2013,0,,"1,2,3,4,5,6,7,8,9,10,11",,Unable to uniquely determine month
5725,1,2013,0,,"1,2,3,4,5,6,7,8,9,10,11",,Unable to uniquely determine month
5726,2,2013,0,,"1,2,3,4,5,6,7,8,9,10,11",,Unable to uniquely determine month
5727,3,2013,0,,"1,2,3,4,5,6,7,8,9,10,11",,Unable to uniquely determine month
5728,4,2013,0,,"1,2,3,4,5,6,7,8,9,10,11",,Unable to uniquely determine month
5729,5,2013,0,,"1,2,3,4,5,6,7,8,9,10,11",,Unable to uniquely determine month
5730,6,2013,0,,"1,2,3,4,5,6,7,8,9,10,11",,Unable to uniquely determine month
5731,7,2013,0,,"1,2,3,4,5,6,7,8,9,10,11",,Unable to uniquely determine month
5732,8,2013,0,,"1,2,3,4,5,6,7,8,9,10,11",,Unable to uniquely determine month
5733,9,2013,0,,"1,2,3,4,5,6,7,8,9,10,11",,Unable to uniquely determine month
5734,10,2013,0,,"1,2,3,4,5,6,7,8,9,10,11",,Unable to uniquely determine month
5735,11,2013,0,,"1,2,3,4,5,6,7,8,9,10,11",,Unable to uniquely determine month
5736,12,2013,0,,"1,2,3,4,5,6,7,8,9,10,11",,Unable to uniquely determine month
5737,13,2013,0,,"1,2,3,4,5,6,7,8,9,10,11",,Unable to uniquely determine month
5738,14,2013,0,,"1,2,3,4,5,6,7,8,9,10,11",,Unable to uniquely determine month
5739,15,2013,0,,"1,2,3,4,5,6,7,8,9,10,11",,Unable to uniquely determine month
5740,16,2013,0,,"1,2,3,4,5,6,7,8,9,10,11",,Unable to uniquely determine month
5741,17,2013,0,,"1,2,3,4,5,6,7,8,9,10,11",,Unable to uniquely determine month
5742,18,2013,0,,"1,2,3,4,5,6,7,8,9,10,11",,Unable to uniquely determine month
5743,19,2013,0,,"1,2,3,4,5,6,7,8,9,10,11",,Unable to uniquely determine month
5744,20,2013,0,,"1,2,3,4,5,6,7,8,9,10,11",,Unable to uniquely determine month
5745,21,2013,0,,"1,2,3,4,5,6,7,8,9,10,11",,Unable to uniquely determine month
5746,22,2013,0,,"1,2,3,4,5,6,7,8,9,10,11",,Unable to uniquely determine month
5747,23,2013,0,,"1,2,3,4,5,6,7,8,9,10,11",,Unable to uniquely determine month
5748,24,2013,0,,"1,2,3,4,5,6,7,8,9,10,11",,Unable to uniquely determine month
5749,25,2013,0,,"1,2,3,4,5,6,7,8,9,10,11",,Unable to uniquely determine month
5750,26,2013,0,,"1,2,3,4,5,6,7,8,9,10,11",,Unable to uniquely determine month
5751,27,2013,0,,"1,2,3,4,5,6,7,8,9,10,11",,Unable to uniquely determine month
5752,28,2013,0,,"1,2,3,4,5,6,7,8,9,10,11",,Unable to uniquely determine month
5753,29,2013,0,,"1,2,3,4,5,6,7,8,9,10,11",,Unable to uniquely determine month
5754,30,2013,0,,"1,2,3,4,5,6,7,8,9,10,11",,Unable to uniquely determine month
5755,31,2013,0,,"1,2,3,4,5,6,7,8,9,10,11",,Unable to uniquely determine month
5756,32,2013,0,,"1,2,3,4,5,6,7,8,9,10,11",,Unable to uniquely determine month
5757,33,2013,0,,"1,2,3,4,5,6,7,8,9,10,11",,Unable to uniquely determine month
5758,34,2013,0,,"1,2,3,4,5,6,7,8,9,10,11",,Unable to uniquely determine month
5759,35,2013,0,,"1,2,3,4,5,6,7,8,9,10,11",,Unable to uniquely determine month
6156,0,2014,0,,"1,2,3,4,5,6,7,8,9,10,11",,Unable to uniquely determine month
6157,1,2014,0,,"1,2,3,4,5,6,7,8,9,10,11",,Unable to uniquely determine month
6158,2,2014,0,,"1,2,3,4,5,6,7,8,9,10,11",,Unable to uniquely determine month
6159,3,2014,0,,"1,2,3,4,5,6,7,8,9,10,11",,Unable to uniquely determine month
6160,4,2014,0,,"1,2,3,4,5,6,7,8,9,10,11",,Unable to uniquely determine month
6161,5,2014,0,,"1,2,3,4,5,6,7,8,9,10,11",,Unable to uniquely determine month
6162,6,2014,0,,"1,2,3,4,5,6,7,8,9,10,11",,Unable to uniquely determine month
6163,7,2014,0,,"1,2,3,4,5,6,7,8,9,10,11",,Unable to uniquely determine month
6164,8,2014,0,,"1,2,3,4,5,6,7,8,9,10,11",,Unable to uniquely determine month
6165,9,2014,0,,"1,2,3,4,5,6,7,8,9,10,11",,Unable to uniquely determine month
6166,10,2014,0,,"1,2,3,4,5,6,7,8,9,10,11",,Unable to uniquely determine month
6167,11,2014,0,,"1,2,3,4,5,6,7,8,9,10,11",,Unable to uniquely determine month
6168,12,2014,0,,"1,2,3,4,5,6,7,8,9,10,11",,Unable to uniquely determine month
6169,13,2014,0,,"1,2,3,4,5,6,7,8,9,10,11",,Unable to uniquely determine month
6170,14,2014,0,,"1,2,3,4,5,6,7,8,9,10,11",,Unable to uniquely determine month
6171,15,2014,0,,"1,2,3,4,5,6,7,8,9,10,11",,Unable to uniquely determine month
6172,16,2014,0,,"1,2,3,4,5,6,7,8,9,10,11",,Unable to uniquely determine month
6173,17,2014,0,,"1,2,3,4,5,6,7,8,9,10,11",,Unable to uniquely determine month
6174,18,2014,0,,"1,2,3,4,5,6,7,8,9,10,11",,Unable to uniquely determine month
6175,19,2014,0,,"1,2,3,4,5,6,7,8,9,10,11",,Unable to uniquely determine month
6176,20,2014,0,,"1,2,3,4,5,6,7,8,9,10,11",,Unable to uniquely determine month
6177,21,2014,0,,"1,2,3,4,5,6,7,8,9,10,11",,Unable to uniquely determine month
6178,22,2014,0,,"1,2,3,4,5,6,7,8,9,10,11",,Unable to uniquely determine month
6179,23,2014,0,,"1,2,3,4,5,6,7,8,9,10,11",,Unable to uniquely determine month
6180,24,2014,0,,"1,2,3,4,5,6,7,8,9,10,11",,Unable to uniquely determine month
6181,25,2014,0,,"1,2,3,4,5,6,7,8,9,10,11",,Unable to uniquely determine month
6182,26,2014,0,,"1,2,3,4,5,6,7,8,9,10,11",,Unable to uniquely determine month
6183,27,2014,0,,"1,2,3,4,5,6,7,8,9,10,11",,Unable to uniquely determine month
6184,28,2014,0,,"1,2,3,4,5,6,7,8,9,10,11",,Unable to uniquely determine month
6185,29,2014,0,,"1,2,3,4,5,6,7,8,9,10,11",,Unable to uniquely determine month
6186,30,2014,0,,"1,2,3,4,5,6,7,8,9,10,11",,Unable to uniquely determine month
6187,31,2014,0,,"1,2,3,4,5,6,7,8,9,10,11",,Unable to uniquely determine month
6188,32,2014,0,,"1,2,3,4,5,6,7,8,9,10,11",,Unable to uniquely determine month
6189,33,2014,0,,"1,2,3,4,5,6,7,8,9,10,11",,Unable to uniquely determine month
6190,34,2014,0,,"1,2,3,4,5,6,7,8,9,10,11",,Unable to uniquely determine month
6191,35,2014,0,,"1,2,3,4,5,6,7,8,9,10,11",,Unable to uniquely determine month
6588,0,2015,0,,"1,2,3,4,5,6,7,8,9,10,11",,Unable to uniquely determine month
6589,1,2015,0,,"1,2,3,4,5,6,7,8,9,10,11",,Unable to uniquely determine month
6590,2,2015,0,,"1,2,3,4,5,6,7,8,9,10,11",,Unable to uniquely determine month
6591,3,2015,0,,"1,2,3,4,5,6,7,8,9,10,11",,Unable to uniquely determine month
6592,4,2015,0,,"1,2,3,4,5,6,7,8,9,10,11",,Unable to uniquely determine month
6593,5,2015,0,,"1,2,3,4,5,6,7,8,9,10,11",,Unable to uniquely determine month
6594,6,2015,0,,"1,2,3,4,5,6,7,8,9,10,11",,Unable to uniquely determine month
6595,7,2015,0,,"1,2,3,4,5,6,7,8,9,10,11",,Unable to uniquely determine month
6596,8,2015,0,,"1,2,3,4,5,6,7,8,9,10,11",,Unable to uniquely determine month
6597,9,2015,0,,"1,2,3,4,5,6,7,8,9,10,11",,Unable to uniquely determine month
6598,10,2015,0,,"1,2,3,4,5,6,7,8,9,10,11",,Unable to uniquely determine month
6599,11,2015,0,,"1,2,3,4,5,6,7,8,9,10,11",,Unable to uniquely determine month
6600,12,2015,0,,"1,2,3,4,5,6,7,8,9,10,11",,Unable to uniquely determine month
6601,13,2015,0,,"1,2,3,4,5,6,7,8,9,10,11",,Unable to uniquely determine month
6602,14,2015,0,,"1,2,3,4,5,6,7,8,9,10,11",,Unable to uniquely determine month
6603,15,2015,0,,"1,2,3,4,5,6,7,8,9,10,11",,Unable to uniquely determine month
6604,16,2015,0,,"1,2,3,4,5,6,7,8,9,10,11",,Unable to uniquely determine month
6605,17,2015,0,,"1,2,3,4,5,6,7,8,9,10,11",,Unable to uniquely determine month
6606,18,2015,0,,"1,2,3,4,5,6,7,8,9,10,11",,Unable to uniquely determine month
6607,19,2015,0,,"1,2,3,4,5,6,7,8,9,10,11",,Unable to uniquely determine month
6608,20,2015,0,,"1,2,3,4,5,6,7,8,9,10,11",,Unable to uniquely determine month
6609,21,2015,0,,"1,2,3,4,5,6,7,8,9,10,11",,Unable to uniquely determine month
6610,22,2015,0,,"1,2,3,4,5,6,7,8,9,10,11",,Unable to uniquely determine month
6611,23,2015,0,,"1,2,3,4,5,6,7,8,9,10,11",,Unable to uniquely determine month
6612,24,2015,0,,"1,2,3,4,5,6,7,8,9,10,11",,Unable to uniquely determine month
6613,25,2015,0,,"1,2,3,4,5,6,7,8,9,10,11",,Unable to uniquely determine month
6614,26,2015,0,,"1,2,3,4,5,6,7,8,9,10,11",,Unable to uniquely determine month
6615,27,2015,0,,"1,2,3,4,5,6,7,8,9,10,11",,Unable to uniquely determine month
6616,28,2015,0,,"1,2,3,4,5,6,7,8,9,10,11",,Unable to uniquely determine month
6617,29,2015,0,,"1,2,3,4,5,6,7,8,9,10,11",,Unable to uniquely determine month
6618,30,2015,0,,"1,2,3,4,5,6,7,8,9,10,11",,Unable to uniquely determine month
6619,31,2015,0,,"1,2,3,4,5,6,7,8,9,10,11",,Unable to uniquely determine month
6620,32,2015,0,,"1,2,3,4,5,6,7,8,9,10,11",,Unable to uniquely determine month
6621,33,2015,0,,"1,2,3,4,5,6,7,8,9,10,11",,Unable to uniquely determine month
6622,34,2015,0,,"1,2,3,4,5,6,7,8,9,10,11",,Unable to uniquely determine month
6623,35,2015,0,,"1,2,3,4,5,6,7,8,9,10,11",,Unable to uniquely determine month
7020,0,2016,0,,"1,2,3,4,5,6,7,8,9,10,11",,Unable to uniquely determine month
7021,1,2016,0,,"1,2,3,4,5,6,7,8,9,10,11",,Unable to uniquely determine month
7022,2,2016,0,,"1,2,3,4,5,6,7,8,9,10,11",,Unable to uniquely determine month
7023,3,2016,0,,"1,2,3,4,5,6,7,8,9,10,11",,Unable to uniquely determine month
7024,4,2016,0,,"1,2,3,4,5,6,7,8,9,10,11",,Unable to uniquely determine month
7025,5,2016,0,,"1,2,3,4,5,6,7,8,9,10,11",,Unable to uniquely determine month
7026,6,2016,0,,"1,2,3,4,5,6,7,8,9,10,11",,Unable to uniquely determine month
7027,7,2016,0,,"1,2,3,4,5,6,7,8,9,10,11",,Unable to uniquely determine month
7028,8,2016,0,,"1,2,3,4,5,6,7,8,9,10,11",,Unable to uniquely determine month
7029,9,2016,0,,"1,2,3,4,5,6,7,8,9,10,11",,Unable to uniquely determine month
7030,10,2016,0,,"1,2,3,4,5,6,7,8,9,10,11",,Unable to uniquely determine month
7031,11,2016,0,,"1,2,3,4,5,6,7,8,9,10,11",,Unable to uniquely determine month
7032,12,2016,0,,"1,2,3,4,5,6,7,8,9,10,11",,Unable to uniquely determine month
7033,13,2016,0,,"1,2,3,4,5,6,7,8,9,10,11",,Unable to uniquely determine month
7034,14,2016,0,,"1,2,3,4,5,6,7,8,9,10,11",,Unable to uniquely determine month
7035,15,2016,0,,"1,2,3,4,5,6,7,8,9,10,11",,Unable to uniquely determine month
7036,16,2016,0,,"1,2,3,4,5,6,7,8,9,10,11",,Unable to uniquely determine month
7037,17,2016,0,,"1,2,3,4,5,6,7,8,9,10,11",,Unable to uniquely determine month
7038,18,2016,0,,"1,2,3,4,5,6,7,8,9,10,11",,Unable to uniquely determine month
7039,19,2016,0,,"1,2,3,4,5,6,7,8,9,10,11",,Unable to uniquely determine month
7040,20,2016,0,,"1,2,3,4,5,6,7,8,9,10,11",,Unable to uniquely determine month
7041,21,2016,0,,"1,2,3,4,5,6,7,8,9,10,11",,Unable to uniquely determine month
7042,22,2016,0,,"1,2,3,4,5,6,7,8,9,10,11",,Unable to uniquely determine month
7043,23,2016,0,,"1,2,3,4,5,6,7,8,9,10,11",,Unable to uniquely determine month
7044,24,2016,0,,"1,2,3,4,5,6,7,8,9,10,11",,Unable to uniquely determine month
7045,25,2016,0,,"1,2,3,4,5,6,7,8,9,10,11",,Unable to uniquely determine month
7046,26,2016,0,,"1,2,3,4,5,6,7,8,9,10,11",,Unable to uniquely determine month
7047,27,2016,0,,"1,2,3,4,5,6,7,8,9,10,11",,Unable to uniquely determine month
7048,28,2016,0,,"1,2,3,4,5,6,7,8,9,10,11",,Unable to uniquely determine month
7049,29,2016,0,,"1,2,3,4,5,6,7,8,9,10,11",,Unable to uniquely determine month
7050,30,2016,0,,"1,2,3,4,5,6,7,8,9,10,11",,Unable to uniquely determine month
7051,31,2016,0,,"1,2,3,4,5,6,7,8,9,10,11",,Unable to uniquely determine month
7052,32,2016,0,,"1,2,3,4,5,6,7,8,9,10,11",,Unable to uniquely determine month
7053,33,2016,0,,"1,2,3,4,5,6,7,8,9,10,11",,Unable to uniquely determine month
7054,34,2016,0,,"1,2,3,4,5,6,7,8,9,10,11",,Unable to uniquely determine month
7055,35,2016,0,,"1,2,3,4,5,6,7,8,9,10,11",,Unable to uniquely determine month
7452,0,2017,0,,"1,3,4,5,6,7,8,11",,Unable to uniquely determine month
7453,1,2017,0,,"1,3,4,5,6,7,8,11",,Unable to uniquely determine month
7454,2,2017,0,,"1,3,4,5,6,7,8,11",,Unable to uniquely determine month
7455,3,2017,0,,"1,3,4,5,6,7,8,11",,Unable to uniquely determine month
7456,4,2017,0,,"1,3,4,5,6,7,8,11",,Unable to uniquely determine month
7457,5,2017,0,,"1,3,4,5,6,7,8,11",,Unable to uniquely determine month
7458,6,2017,0,,"1,3,4,5,6,7,8,11",,Unable to uniquely determine month
7459,7,2017,0,,"1,3,4,5,6,7,8,11",,Unable to uniquely determine month
7460,8,2017,0,,"1,3,4,5,6,7,8,11",,Unable to uniquely determine month
7461,9,2017,0,,"1,3,4,5,6,7,8,11",,Unable to uniquely determine month
7462,10,2017,0,,"1,3,4,5,6,7,8,11",,Unable to uniquely determine month
7463,11,2017,0,,"1,3,4,5,6,7,8,11",,Unable to uniquely determine month
7464,12,2017,0,,"1,3,4,5,6,7,8,11",,Unable to uniquely determine month
7465,13,2017,0,,"1,3,4,5,6,7,8,11",,Unable to uniquely determine month
7466,14,2017,0,,"1,3,4,5,6,7,8,11",,Unable to uniquely determine month
7467,15,2017,0,,"1,3,4,5,6,7,8,11",,Unable to uniquely determine month
7468,16,2017,0,,"1,3,4,5,6,7,8,11",,Unable to uniquely determine month
7469,17,2017,0,,"1,3,4,5,6,7,8,11",,Unable to uniquely determine month
7470,18,2017,0,,"1,3,4,5,6,7,8,11",,Unable to uniquely determine month
7471,19,2017,0,,"1,3,4,5,6,7,8,11",,Unable to uniquely determine month
7472,20,2017,0,,"1,3,4,5,6,7,8,11",,Unable to uniquely determine month
7473,21,2017,0,,"1,3,4,5,6,7,8,11",,Unable to uniquely determine month
7474,22,2017,0,,"1,3,4,5,6,7,8,11",,Unable to uniquely determine month
7475,23,2017,0,,"1,3,4,5,6,7,8,11",,Unable to uniquely determine month
7476,24,2017,0,,"1,3,4,5,6,7,8,11",,Unable to uniquely determine month
7477,25,2017,0,,"1,3,4,5,6,7,8,11",,Unable to uniquely determine month
7478,26,2017,0,,"1,3,4,5,6,7,8,11",,Unable to uniquely determine month
7479,27,2017,0,,"1,3,4,5,6,7,8,11",,Unable to uniquely determine month
7480,28,2017,0,,"1,3,4,5,6,7,8,11",,Unable to uniquely determine month
7481,29,2017,0,,"1,3,4,5,6,7,8,11",,Unable to uniquely determine month
7482,30,2017,0,,"1,3,4,5,6,7,8,11",,Unable to uniquely determine month
7483,31,2017,0,,"1,3,4,5,6,7,8,11",,Unable to uniquely determine month
7484,32,2017,0,,"1,3,4,5,6,7,8,11",,Unable to uniquely determine month
7485,33,2017,0,,"1,3,4,5,6,7,8,11",,Unable to uniquely determine month
7486,34,2017,0,,"1,3,4,5,6,7,8,11",,Unable to uniquely determine month
7487,35,2017,0,,"1,3,4,5,6,7,8,11",,Unable to uniquely determine month
