subdivision,year,month,season,rainfall_mm,rainfall_3m,rainfall_6m,rainfall_12m,historical_monthly_mean,rainfall_anomaly,rainfall_anomaly_pct,rainfall_deficit_mm,rainfall_missing,rainfall_zscore,target_3m_stress,date,rainfall_lag_1m,rainfall_lag_2m,rainfall_lag_3m,rainfall_prev_3m,rainfall_prev_6m,rainfall_prev_12m,rainfall_trend_3m,month_sin,month_cos,target_3m_severe_anomaly,predicted_probability,actual,risk_alert
Konkan & Goa,2013,,2,1028.3,1046.9000000000003,1054.2000000000012,3437.899999999999,690.8752136752137,337.4247863247863,48.84019279397865,0.0,0,1.7186653564842094,0,2013-06-01,18.5,0.1,0.1,18.70000000000045,25.900000000001132,3042.599999999999,18.4,1.2246467991473532e-16,-1.0,0,0.79289764,0,1
Assam & Meghalaya,2013,,0,9.6,12.999999999999886,641.0999999999995,2598.0000000000005,31.363247863247864,-21.763247863247862,-69.39092519416815,21.763247863247862,0,-1.044291746720318,0,2013-02-01,1.1,2.3,17.1,20.499999999999886,920.6999999999994,2595.3000000000006,-16.0,0.8660254037844386,0.5000000000000001,0,0.785709,0,1
Arunachal Pradesh,2009,,0,18.0,22.300000000000853,766.3999999999991,2185.8,46.71632653061224,-28.716326530612243,-61.46957319470534,28.716326530612243,0,-0.8402372192356607,0,2009-01-01,2.6,1.7,115.1,119.40000000000084,1204.499999999999,2244.5,-112.5,0.4999999999999999,0.8660254037844387,0,0.78546345,0,1
Assam & Meghalaya,2006,,1,20.8,62.39999999999989,291.19999999999953,2305.1000000000004,79.22136752136751,-58.42136752136752,-73.74445727108935,58.42136752136752,0,-1.2069618718179886,1,2006-03-01,40.9,0.7,1.3,42.899999999999885,445.2999999999996,2456.5,39.6,1.0,6.123233995736766e-17,0,0.77831286,0,1
Konkan & Goa,2007,,1,33.4,36.80000000000023,36.80000000000068,3297.299999999999,33.36239316239316,0.0376068376068374,0.1127222421478707,0.0,0,0.0006494114142352,0,2007-05-01,3.3,0.1,0.0,3.4000000000002277,25.90000000000068,3475.7,3.3,0.4999999999999999,-0.8660254037844387,0,0.776797,0,1
Konkan & Goa,2017,,2,840.4,887.4000000000002,887.4000000000011,3740.299999999999,690.8752136752137,149.5247863247863,21.642806597354525,0.0,0,0.7616010459431883,0,2017-06-01,47.0,0.0,0.0,47.00000000000023,47.10000000000114,3706.399999999999,47.0,1.2246467991473532e-16,-1.0,0,0.763586,0,1
Naga Mani Mizo Tripura,2001,,1,38.8,87.20000000000022,297.7000000000001,2273.4,77.44273504273504,-38.64273504273504,-49.89846371181353,38.64273504273504,0,-0.6405854392583513,0,2001-03-01,46.9,1.5,1.1,49.50000000000023,557.2000000000002,2363.7000000000003,45.8,1.0,6.123233995736766e-17,0,0.76258767,0,1
Konkan & Goa,2005,,2,730.2,744.0000000000005,747.3000000000003,2997.499999999999,690.8752136752137,39.32478632478637,5.692024485231176,0.0,0,0.2002998909585132,0,2005-06-01,9.8,4.0,1.9,15.700000000000454,17.10000000000023,2945.899999999999,7.9,1.2246467991473532e-16,-1.0,0,0.7576226,0,1
Assam & Meghalaya,2009,,1,44.9,64.39999999999978,201.5999999999996,2252.3,79.22136752136751,-34.32136752136751,-43.32337170538035,34.32136752136751,0,-0.7090655995307177,0,2009-03-01,11.6,7.9,1.6,21.09999999999977,424.19999999999953,2314.9,10.0,1.0,6.123233995736766e-17,1,0.75559837,1,1
Assam & Meghalaya,2009,,0,11.6,21.09999999999977,424.19999999999953,2314.9,31.363247863247864,-19.763247863247862,-63.01403460961984,19.763247863247862,0,-0.9483233734993484,0,2009-02-01,7.9,1.6,2.2,11.699999999999774,921.1999999999996,2317.8,5.7,0.8660254037844386,0.5000000000000001,0,0.75504833,0,1
Coastal Karnataka,2014,,1,181.9,224.29999999999976,234.60000000000045,4284.2,122.5974358974359,59.302564102564105,48.37178173300149,0.0,0,0.4769504405980401,0,2014-05-01,40.5,1.9,0.3,42.699999999999775,109.60000000000043,4202.7,40.2,0.4999999999999999,-0.8660254037844387,1,0.74959433,1,1
Naga Mani Mizo Tripura,2003,,1,78.0,93.30000000000022,270.1000000000001,2250.5,77.44273504273504,0.5572649572649624,0.7195832597563196,0.0,0,0.0092378507121217,0,2003-03-01,11.5,3.8,6.0,21.300000000000228,417.80000000000007,2235.2000000000003,5.5,1.0,6.123233995736766e-17,0,0.74858034,0,1
Assam & Meghalaya,2001,,1,30.9,76.10000000000001,182.5999999999996,2462.8,79.22136752136751,-48.32136752136751,-60.99537161907023,48.32136752136751,0,-0.9982999485772652,0,2001-03-01,39.7,5.5,0.4,45.60000000000001,451.5999999999995,2497.8000000000006,39.3,1.0,6.123233995736766e-17,0,0.7474706,0,1
Konkan & Goa,2013,,1,18.5,18.70000000000045,25.90000000000113,3042.599999999999,33.36239316239316,-14.86239316239316,-44.5483424706666,14.86239316239316,0,-0.2566503427758212,0,2013-05-01,0.1,0.1,5.4,5.600000000000455,9.700000000001136,3025.2,-5.300000000000001,0.4999999999999999,-0.8660254037844387,0,0.7441806,0,1
Coastal Karnataka,2000,,1,216.4,243.0999999999996,259.0000000000002,3694.9,122.5974358974359,93.8025641025641,76.51266391985443,0.0,0,0.7544222573676108,0,2000-05-01,25.8,0.9,0.5,27.199999999999548,55.40000000000023,3814.0,25.3,0.4999999999999999,-0.8660254037844387,0,0.74345505,0,1
Konkan & Goa,2007,,2,939.3,976.0000000000002,976.1000000000006,3553.499999999999,690.8752136752137,248.42478632478628,35.95798219525833,0.0,0,1.26534591189586,0,2007-06-01,33.4,3.3,0.1,36.80000000000023,36.80000000000068,3297.299999999999,33.3,1.2246467991473532e-16,-1.0,0,0.7428559,0,1
Assam & Meghalaya,2007,,1,23.5,98.69999999999987,232.0999999999996,1935.0,79.22136752136751,-55.72136752136751,-70.33628585916344,55.72136752136751,0,-1.151180961644726,0,2007-03-01,73.7,1.5,10.7,85.89999999999989,460.8999999999995,1932.3,63.0,1.0,6.123233995736766e-17,0,0.74079156,0,1
Konkan & Goa,2001,,1,59.6,62.40000000000045,74.20000000000023,3008.8,33.36239316239316,26.23760683760684,78.64425885125789,0.0,0,0.4530825362316499,0,2001-05-01,2.8,0.0,0.0,2.8000000000004546,16.200000000000227,3139.499999999999,2.8,0.4999999999999999,-0.8660254037844387,0,0.7384076,0,1
Assam & Meghalaya,2013,,1,44.0,54.69999999999989,273.49999999999943,2613.2000000000003,79.22136752136751,-35.22136752136751,-44.459428842688986,35.22136752136751,0,-0.7276592362551385,1,2013-03-01,9.6,1.1,2.3,12.999999999999886,641.0999999999995,2598.0000000000005,7.3,1.0,6.123233995736766e-17,1,0.73552436,1,1
Naga Mani Mizo Tripura,2002,,0,3.9,22.700000000000227,623.5,2123.3,36.41367521367521,-32.513675213675214,-89.289738052765,32.513675213675214,0,-0.8665547570784738,0,2002-02-01,18.6,0.2,65.4,84.20000000000023,882.6,2166.3,-46.8,0.8660254037844386,0.5000000000000001,0,0.7337914,0,1
Assam & Meghalaya,2013,,2,367.8,1000.7,1167.0999999999997,2087.8,494.5658119658119,-126.7658119658119,-25.631737758406743,126.7658119658119,0,-1.0326049970958169,1,2013-07-01,286.2,346.7,112.8,745.6999999999998,800.3999999999994,2164.3,173.39999999999998,-0.4999999999999997,-0.8660254037844388,0,0.73301053,0,1
Konkan & Goa,2011,,2,857.0,861.5000000000002,861.5000000000011,3946.399999999999,690.8752136752137,166.12478632478633,24.045555989924832,0.0,0,0.846152762574274,0,2011-06-01,1.1,3.4,0.0,4.500000000000227,5.900000000001137,3770.199999999999,1.1,1.2246467991473532e-16,-1.0,0,0.73296446,0,1
Konkan & Goa,2017,,1,47.0,47.00000000000023,47.10000000000114,3706.399999999999,33.36239316239316,13.63760683760684,40.87718399344162,0.0,0,0.2355001937622062,0,2017-05-01,0.0,0.0,0.0,0.0,2.100000000001137,3661.499999999999,0.0,0.4999999999999999,-0.8660254037844387,0,0.73185295,0,1
Konkan & Goa,2014,,1,21.3,23.80000000000045,31.90000000000113,3528.3999999999987,33.36239316239316,-12.06239316239316,-36.15565916892965,12.06239316239316,0,-0.2082987111159448,0,2014-05-01,0.7,1.8,5.3,7.800000000000455,12.700000000001136,3525.599999999999,-4.6,0.4999999999999999,-0.8660254037844387,1,0.7312938,1,1
Assam & Meghalaya,2006,,0,0.7,10.899999999999888,906.2999999999996,2446.1000000000004,16.86068376068376,-16.16068376068376,-95.8483297004106,16.16068376068376,0,-1.0360638713972166,0,2006-01-01,1.3,8.9,218.6,228.79999999999987,1380.0999999999997,2468.2000000000003,-217.3,0.4999999999999999,0.8660254037844387,0,0.72887135,0,1
Coastal Karnataka,2006,,1,355.7,366.2999999999993,369.6000000000004,3720.0,122.5974358974359,233.1025641025641,190.1365737351766,0.0,0,1.8747649842082248,0,2006-05-01,5.9,4.7,0.0,10.59999999999932,38.500000000000455,3409.3,5.9,0.4999999999999999,-0.8660254037844387,0,0.7285395,0,1
Coastal Karnataka,2013,,2,1153.0,1281.9,1322.9000000000003,3673.8,842.2820512820513,310.7179487179488,36.890011872507536,0.0,0,1.6168549147728042,0,2013-06-01,100.4,28.5,19.0,147.89999999999978,173.50000000000043,3171.7,81.4,1.2246467991473532e-16,-1.0,0,0.72823745,0,1
Assam & Meghalaya,2009,,2,426.3,993.8999999999996,1185.2999999999995,2106.5000000000005,494.5658119658119,-68.2658119658119,-13.803180550322988,68.2658119658119,0,-0.556077521798322,0,2009-07-01,321.1,246.5,134.9,702.4999999999998,766.8999999999995,2173.4000000000005,186.2,-0.4999999999999997,-0.8660254037844388,0,0.7243948,0,1
Coastal Karnataka,2007,,2,952.0,1053.2999999999993,1053.9000000000003,3723.8,842.2820512820513,109.71794871794872,13.026271728210906,0.0,0,0.570929376160491,0,2007-06-01,61.1,40.2,0.6,101.89999999999932,101.90000000000046,3571.9,60.5,1.2246467991473532e-16,-1.0,0,0.7203792,0,1
Coastal Karnataka,2005,,2,821.6,939.0999999999996,939.8000000000002,2843.6,842.2820512820513,-20.682051282051248,-2.455478096745712,20.682051282051248,0,-0.1076213215263031,0,2005-06-01,45.0,72.5,0.0,117.49999999999956,118.20000000000022,2827.8,45.0,1.2246467991473532e-16,-1.0,0,0.718857,0,1
Coastal Karnataka,2015,,1,150.3,254.7999999999996,288.0000000000002,3717.1,122.5974358974359,27.70256410256411,22.596365005333283,0.0,0,0.2228023417598247,0,2015-05-01,72.2,32.3,1.0,105.49999999999956,177.70000000000022,3748.7,71.2,0.4999999999999999,-0.8660254037844387,0,0.7181723,0,1
Sub Himalayan West Bengal & Sikkim,2007,,1,46.6,130.8000000000013,277.4000000000008,2335.4,43.96666666666667,2.633333333333333,5.989385898407884,0.0,0,0.0842768781556224,0,2007-03-01,81.1,3.1,7.9,92.1000000000013,687.6000000000008,2328.6,73.19999999999999,1.0,6.123233995736766e-17,0,0.7178083,0,1
Arunachal Pradesh,2000,,0,47.1,105.5000000000008,595.699999999999,2403.9,90.88367346938776,-43.78367346938776,-48.17551029573575,43.78367346938776,0,-0.9482190356387924,0,2000-02-01,54.1,4.3,28.3,86.7000000000008,986.699999999999,2362.9,25.8,0.8660254037844386,0.5000000000000001,0,0.7175365,0,1
Coastal Karnataka,2016,,2,963.1,1061.1999999999996,1061.9000000000003,3175.3,842.2820512820513,120.81794871794877,14.34412006453774,0.0,0,0.628689443218186,0,2016-06-01,94.3,3.8,0.2,98.29999999999954,113.10000000000034,2947.5,94.1,1.2246467991473532e-16,-1.0,0,0.7169455,0,1
Konkan & Goa,2006,,1,211.8,221.70000000000047,221.80000000000047,3820.399999999999,33.36239316239316,178.43760683760684,534.8465440385305,0.0,0,3.081339085743501,0,2006-05-01,0.0,9.9,0.0,9.900000000000457,10.000000000000457,3618.399999999999,0.0,0.4999999999999999,-0.8660254037844387,0,0.71687335,0,1
Coastal Karnataka,2013,,1,100.4,147.89999999999978,173.50000000000043,3171.7,122.5974358974359,-22.19743589743589,-18.105954447535183,22.19743589743589,0,-0.1785264598865977,0,2013-05-01,28.5,19.0,19.6,67.09999999999977,141.10000000000045,3094.2,8.899999999999999,0.4999999999999999,-0.8660254037844387,0,0.7168681,0,1
Coastal Karnataka,2009,,1,100.7,160.39999999999944,174.30000000000047,3093.3,122.5974358974359,-21.89743589743589,-17.86125112417125,21.89743589743589,0,-0.1761136614799058,0,2009-05-01,24.5,35.2,0.0,59.69999999999944,92.90000000000046,3056.9,24.5,0.4999999999999999,-0.8660254037844387,1,0.7162086,1,1
Assam & Meghalaya,2011,,2,316.0,646.3999999999997,777.8999999999994,2033.7000000000005,508.7418803418804,-192.74188034188035,-37.88598654633183,192.74188034188035,0,-1.8156316724711992,0,2011-06-01,238.3,92.1,109.0,439.39999999999975,469.4999999999994,2287.4000000000005,129.3,1.2246467991473532e-16,-1.0,0,0.7158484,0,1
Konkan & Goa,2005,,1,4.0,6.000000000000455,17.500000000000227,2982.999999999999,4.195726495726496,-0.1957264957264959,-4.664901201874113,0.1957264957264959,0,-0.0216505874827437,0,2005-04-01,1.9,0.1,1.3,3.3000000000004546,46.40000000000023,2989.399999999999,0.5999999999999999,0.8660254037844387,-0.4999999999999998,0,0.7149243,0,1
Assam & Meghalaya,2012,,2,444.3,1359.8,1674.5999999999997,2259.6000000000004,494.5658119658119,-50.26581196581191,-10.163624486297214,50.26581196581191,0,-0.4094536832452468,0,2012-07-01,729.7,185.8,279.1,1194.6,1245.4999999999995,2211.1000000000004,450.6,-0.4999999999999997,-0.8660254037844388,0,0.71209425,0,1
Naga Mani Mizo Tripura,2003,,0,11.5,21.300000000000228,417.80000000000007,2235.2000000000003,36.41367521367521,-24.91367521367521,-68.41845836071731,24.91367521367521,0,-0.6639994903940599,0,2003-02-01,3.8,6.0,71.9,81.70000000000023,764.6999999999999,2227.6000000000004,-68.10000000000001,0.8660254037844386,0.5000000000000001,0,0.7107974,0,1
Kerala,2009,,1,191.6,323.1999999999994,345.00000000000034,2414.8,229.98376068376064,-38.38376068376067,-16.68976999490859,38.38376068376067,0,-0.2593305705569115,0,2009-05-01,69.0,62.6,1.5,133.09999999999943,208.80000000000035,2304.4,67.5,0.4999999999999999,-0.8660254037844387,0,0.7094803,0,1
Konkan & Goa,2000,,2,739.4,930.6000000000004,931.8000000000002,2798.099999999999,690.8752136752137,48.52478632478631,7.023668726896639,0.0,0,0.247159878488994,0,2000-06-01,190.3,0.9,0.0,191.20000000000047,192.40000000000023,3037.3999999999987,190.3,1.2246467991473532e-16,-1.0,0,0.7088063,0,1
Coastal Karnataka,2011,,2,1018.4,1133.7999999999995,1151.1000000000004,3994.4,842.2820512820513,176.1179487179487,20.90961673110293,0.0,0,0.9164490565776928,0,2011-06-01,49.3,66.1,8.7,124.09999999999954,143.70000000000044,3658.7,40.6,1.2246467991473532e-16,-1.0,0,0.7085818,0,1
Naga Mani Mizo Tripura,2017,,2,431.5,1130.9,1545.7,2368.2,437.6615384615385,-6.161538461538498,-1.4078318335208182,6.161538461538498,0,-0.0537822099673006,0,2017-07-01,502.7,196.7,277.6,977.0000000000002,1115.0,2262.9,225.1,-0.4999999999999997,-0.8660254037844388,0,0.7083782,0,1
Naga Mani Mizo Tripura,2005,,0,15.0,21.900000000000222,512.0,2367.6,36.41367521367521,-21.41367521367521,-58.806684818326914,21.41367521367521,0,-0.5707174596841325,0,2005-02-01,6.4,0.5,6.4,13.300000000000228,781.3,2355.3,0.0,0.8660254037844386,0.5000000000000001,0,0.7077178,0,1
Coastal Karnataka,2000,,2,966.8,1208.9999999999995,1225.3000000000002,3807.6,842.2820512820513,124.51794871794868,14.78340284331334,0.0,0,0.647942798904084,0,2000-06-01,216.4,25.8,0.9,243.0999999999996,259.0000000000002,3694.9,215.5,1.2246467991473532e-16,-1.0,0,0.7073065,0,1
Konkan & Goa,2010,,2,680.8,690.5000000000002,693.2000000000008,3073.199999999999,690.8752136752137,-10.075213675213718,-1.4583261167551689,10.075213675213718,0,-0.0513178681725486,0,2010-06-01,8.2,1.5,0.0,9.700000000000228,12.400000000000908,2722.999999999999,8.2,1.2246467991473532e-16,-1.0,0,0.7071896,0,1
Coastal Karnataka,2001,,1,156.9,228.6999999999996,232.10000000000025,3322.6,122.5974358974359,34.302564102564105,27.979838119339927,0.0,0,0.2758839067070469,0,2001-05-01,71.4,0.4,0.4,72.19999999999955,87.70000000000023,3382.1,71.0,0.4999999999999999,-0.8660254037844387,0,0.70704687,0,1
Naga Mani Mizo Tripura,2007,,1,28.7,91.30000000000028,198.4000000000001,1945.0,77.44273504273504,-48.74273504273504,-62.94035846724351,48.74273504273504,0,-0.8080143991742129,0,2007-03-01,54.7,7.9,3.7,66.3000000000003,400.8,1921.8,51.0,1.0,6.123233995736766e-17,0,0.7069283,0,1
Konkan & Goa,2015,,1,11.3,51.70000000000045,66.10000000000113,2781.7,33.36239316239316,-22.06239316239316,-66.12952810370446,22.06239316239316,0,-0.3809831099012176,0,2015-05-01,3.6,36.8,0.0,40.40000000000045,62.800000000001134,2791.699999999999,3.6,0.4999999999999999,-0.8660254037844387,1,0.70671195,1,1
Assam & Meghalaya,2001,,2,451.1,1117.3000000000002,1386.4999999999995,2311.6000000000004,494.5658119658119,-43.465811965811895,-8.788681084331923,43.465811965811895,0,-0.3540624553474183,0,2001-07-01,399.8,266.4,198.6,864.8,940.8999999999996,2173.8,201.2,-0.4999999999999997,-0.8660254037844388,0,0.705787,0,1
Naga Mani Mizo Tripura,2001,,2,322.6,1114.4,1283.7,2259.0,437.6615384615385,-115.06153846153848,-26.29007311586052,115.06153846153848,0,-1.0043374490522825,0,2001-07-01,478.0,313.8,83.6,875.4000000000002,962.6,2205.6,394.4,-0.4999999999999997,-0.8660254037844388,0,0.7052493,0,1
Naga Mani Mizo Tripura,2013,,1,19.7,25.60000000000017,218.9,1893.6,77.44273504273504,-57.74273504273504,-74.56184884336923,57.74273504273504,0,-0.9572085218715156,0,2013-03-01,5.7,0.2,0.4,6.30000000000017,447.9,1894.2,5.3,1.0,6.123233995736766e-17,1,0.70478314,1,1
Kerala,2013,,1,49.3,139.2999999999994,265.50000000000057,2083.9,109.41965811965812,-60.119658119658126,-54.94411073183306,60.119658119658126,0,-1.3309864938767575,0,2013-04-01,49.9,40.1,3.9,93.89999999999944,403.70000000000056,2205.7,46.0,0.8660254037844387,-0.4999999999999998,0,0.70433336,0,1
Assam & Meghalaya,2015,,1,37.5,66.39999999999989,104.79999999999944,2213.0,79.22136752136751,-41.72136752136751,-52.664285945473566,41.72136752136751,0,-0.8619466125981784,0,2015-03-01,15.5,13.4,0.4,29.299999999999887,487.4999999999994,2204.8,15.1,1.0,6.123233995736766e-17,0,0.7041747,0,1
Naga Mani Mizo Tripura,2004,,1,11.0,18.500000000000227,239.6,2087.5,77.44273504273504,-66.44273504273504,-85.79595620695744,66.44273504273504,0,-1.1014295071455746,0,2004-03-01,2.7,4.8,40.9,48.40000000000023,516.9999999999999,2154.5,-38.2,1.0,6.123233995736766e-17,0,0.7022289,0,1
Assam & Meghalaya,2001,,2,295.6,1146.5,1642.3999999999996,2094.0,403.3897435897436,-107.78974358974358,-26.72099261387472,107.78974358974358,0,-1.0587123490700396,0,2001-08-01,451.1,399.8,266.4,1117.3000000000002,1386.4999999999995,2311.6000000000004,184.70000000000005,-0.8660254037844385,-0.5000000000000004,0,0.69900525,0,1
Gangetic West Bengal,2015,,2,247.2,393.5000000000003,431.19999999999993,1309.6,246.1025641025641,1.0974358974358722,0.4459262346322047,0.0,0,0.011065832366138,0,2015-06-01,57.6,88.7,19.3,165.6000000000003,184.5999999999999,1256.0,38.3,1.2246467991473532e-16,-1.0,0,0.69798946,0,1
Kerala,2007,,1,7.3,13.39999999999943,554.4000000000004,3334.7000000000003,37.12735042735042,-29.82735042735042,-80.33794516448353,29.82735042735042,0,-0.979221113291632,0,2007-03-01,5.6,0.5,1.8,7.899999999999431,1021.9000000000004,3418.1,3.8,1.0,6.123233995736766e-17,0,0.6975835,0,1
Naga Mani Mizo Tripura,2003,,2,281.7,1135.0000000000002,1637.5,2055.3,411.6213675213675,-129.92136752136753,-31.56331953895062,129.92136752136753,0,-1.0271663361675645,0,2003-08-01,262.4,590.9,265.6,1118.9,1367.3000000000002,2132.0,-3.200000000000045,-0.8660254037844385,-0.5000000000000004,0,0.69730115,0,1
Andaman & Nicobar Islands,2005,,2,311.1,1192.7999999999995,1569.499999999999,2244.4,398.6136363636364,-87.51363636363635,-21.954501396886933,87.51363636363635,0,-0.6271589919127535,0,2005-08-01,429.3,452.4,305.3,1186.9999999999995,1258.399999999999,2242.0,124.0,-0.8660254037844385,-0.5000000000000004,0,0.6969246,0,1
Naga Mani Mizo Tripura,2016,,1,285.7,478.70000000000016,530.7,1940.9,289.9905982905983,-4.290598290598325,-1.4795646189531757,4.290598290598325,0,-0.0382955158161828,0,2016-05-01,135.4,57.6,33.5,226.50000000000017,248.9000000000001,1853.5,101.9,0.4999999999999999,-0.8660254037844387,0,0.69614697,0,1
Sub Himalayan West Bengal & Sikkim,2016,,1,233.7,434.0000000000013,470.8000000000009,2431.2,268.4786324786325,-34.77863247863252,-12.953966636954044,34.77863247863252,0,-0.501326972327247,0,2016-05-01,101.4,98.9,7.1,207.40000000000128,260.90000000000094,2502.1,94.3,0.4999999999999999,-0.8660254037844387,1,0.6960766,1,1
Coastal Karnataka,2004,,1,329.2,360.19999999999953,360.2000000000004,3372.5,122.5974358974359,206.6025641025641,168.52111350469536,0.0,0,1.661634458283772,0,2004-05-01,24.7,6.3,0.0,30.999999999999545,41.70000000000034,3053.5,24.7,0.4999999999999999,-0.8660254037844387,0,0.6956509,0,1
Sub Himalayan West Bengal & Sikkim,2011,,1,247.8,454.00000000000136,484.6000000000009,2479.6,268.4786324786325,-20.67863247863249,-7.70215204380492,20.67863247863249,0,-0.2980783162980858,0,2011-05-01,135.0,71.2,19.9,226.1000000000014,244.7000000000009,2567.7,115.1,0.4999999999999999,-0.8660254037844387,0,0.69547755,0,1
Assam & Meghalaya,2001,,2,399.8,864.8,940.8999999999996,2173.8,508.7418803418804,-108.94188034188032,-21.41397918108691,108.94188034188032,0,-1.0262342987234334,0,2001-06-01,266.4,198.6,30.9,495.9,541.4999999999995,2314.2000000000003,235.5,1.2246467991473532e-16,-1.0,0,0.6954665,0,1
Assam & Meghalaya,2011,,1,238.3,439.39999999999975,469.4999999999994,2287.4000000000005,340.8495726495727,-102.54957264957268,-30.08646067894703,102.54957264957268,0,-0.975966042381796,0,2011-05-01,92.1,109.0,11.4,212.49999999999977,242.79999999999944,2442.5000000000005,80.69999999999999,0.4999999999999999,-0.8660254037844387,1,0.69523954,1,1
Assam & Meghalaya,2015,,0,15.5,29.299999999999887,487.4999999999994,2204.8,31.363247863247864,-15.863247863247864,-50.579097969750656,15.863247863247864,0,-0.7611850457184581,0,2015-02-01,13.4,0.4,3.0,16.799999999999887,956.5999999999996,2217.6000000000004,10.4,0.8660254037844386,0.5000000000000001,0,0.6950631,0,1
Coastal Karnataka,2003,,2,973.8,1021.2999999999996,1033.4000000000003,2854.9,842.2820512820513,131.51794871794868,15.614478370726651,0.0,0,0.6843680664179457,0,2003-06-01,10.2,37.3,8.4,55.89999999999954,59.90000000000033,2645.6,1.799999999999999,1.2246467991473532e-16,-1.0,0,0.6947845,0,1
Konkan & Goa,2008,,1,11.1,42.90000000000023,43.10000000000068,3474.499999999999,33.36239316239316,-22.26239316239316,-66.72900548239996,22.26239316239316,0,-0.384436797876923,0,2008-05-01,0.3,31.5,0.1,31.90000000000023,48.00000000000068,3496.799999999999,0.1999999999999999,0.4999999999999999,-0.8660254037844387,0,0.6945569,0,1
North Interior Karnataka,2011,,2,101.3,189.2999999999999,204.19999999999985,879.5999999999999,101.55811965811964,-0.2581196581196536,-0.2541595482356065,0.2581196581196536,0,-0.0075829307283702,0,2011-06-01,46.8,41.2,7.2,95.19999999999987,104.09999999999982,888.4,39.6,1.2246467991473532e-16,-1.0,0,0.6934751,0,1
Coastal Karnataka,2009,,2,1778.9,2329.9,2389.6000000000004,3784.0,1121.2948717948718,657.6051282051283,58.64693977887288,0.0,0,2.2270851473979145,0,2009-07-01,450.3,100.7,24.5,575.4999999999994,611.1000000000005,2692.9,425.8,-0.4999999999999997,-0.8660254037844388,0,0.6931197,0,1
Assam & Meghalaya,2017,,1,116.7,156.19999999999987,338.2999999999995,2324.0000000000005,79.22136752136751,37.47863247863249,47.30874213768626,0.0,0,0.7742934191508614,0,2017-03-01,37.8,1.7,7.4,46.899999999999885,492.7999999999995,2271.4,30.4,1.0,6.123233995736766e-17,0,0.69292223,0,1
Gangetic West Bengal,2000,,1,3.8,71.20000000000029,280.2000000000001,2025.8,29.01965811965812,-25.21965811965812,-86.90542809177391,25.21965811965812,0,-0.8262620657501175,0,2000-03-01,57.9,9.5,0.0,67.40000000000029,744.2,2023.6,57.9,1.0,6.123233995736766e-17,0,0.69220906,0,1
Uttarakhand,2005,,1,52.1,119.0999999999999,272.0999999999992,1298.3,56.16581196581196,-4.06581196581196,-7.238944517150066,4.06581196581196,0,-0.1103970879561286,0,2005-05-01,12.8,54.2,83.2,150.19999999999987,220.7999999999992,1312.2,-70.4,0.4999999999999999,-0.8660254037844387,0,0.6915606,0,1
Konkan & Goa,2006,,2,683.1,894.9000000000005,904.8000000000004,3773.2999999999993,690.8752136752137,-7.775213675213649,-1.125415056338791,7.775213675213649,0,-0.0396028712899279,0,2006-06-01,211.8,0.0,9.9,221.70000000000047,221.80000000000047,3820.399999999999,201.9,1.2246467991473532e-16,-1.0,0,0.6912193,0,1
Orissa,2011,,2,210.1,343.8999999999995,368.7,1398.1,210.45042735042736,-0.3504273504273669,-0.1665130144135368,0.3504273504273669,0,-0.0045500942696625,0,2011-06-01,75.6,58.2,4.9,138.69999999999953,195.8,1334.4,70.69999999999999,1.2246467991473532e-16,-1.0,1,0.6911316,1,1
Naga Mani Mizo Tripura,2010,,2,367.5,1073.1,1328.3000000000002,2166.0,437.6615384615385,-70.1615384615385,-16.03100393700788,70.1615384615385,0,-0.6124188977674736,0,2010-07-01,411.6,294.0,161.5,867.1000000000001,961.8,2094.3,250.1,-0.4999999999999997,-0.8660254037844388,0,0.6910991,0,1
Sub Himalayan West Bengal & Sikkim,2006,,1,270.5,429.6000000000013,447.8000000000008,2672.9,268.4786324786325,2.021367521367494,0.7528969820450683,0.0,0,0.029137605110563,0,2006-05-01,119.3,39.8,17.0,176.1000000000013,186.1000000000008,2656.4,102.3,0.4999999999999999,-0.8660254037844387,0,0.6900444,0,1
Konkan & Goa,2004,,2,678.6,735.9000000000004,735.9000000000002,2698.499999999999,690.8752136752137,-12.27521367521365,-1.77676278324038,12.27521367521365,0,-0.0625235173646198,0,2004-06-01,46.9,10.4,0.0,57.30000000000045,57.30000000000023,2885.199999999999,46.9,1.2246467991473532e-16,-1.0,0,0.6899627,0,1
Andaman & Nicobar Islands,2010,,2,448.9,780.3999999999996,890.799999999999,2271.3,470.08363636363634,-21.183636363636367,-4.506354768590503,21.183636363636367,0,-0.1445370914431714,0,2010-06-01,319.0,12.5,0.7,332.19999999999965,489.8999999999989,2455.9,318.3,1.2246467991473532e-16,-1.0,0,0.6892954,0,1
Konkan & Goa,2012,,1,1.1,1.700000000000455,1.700000000001137,3822.399999999999,33.36239316239316,-32.26239316239316,-96.70287441717475,32.26239316239316,0,-0.5571211966621958,0,2012-05-01,0.6,0.0,0.0,0.6000000000004547,3.700000000001137,3822.399999999999,0.6,0.4999999999999999,-0.8660254037844387,0,0.6887613,0,1
Coastal Karnataka,2013,,1,28.5,67.09999999999977,141.10000000000045,3094.2,30.5017094017094,-2.0017094017094017,-6.562613836971447,2.0017094017094017,0,-0.0829380899357468,0,2013-04-01,19.0,19.6,2.4,40.99999999999977,227.70000000000044,3142.7,16.6,0.8660254037844387,-0.4999999999999998,0,0.68854195,0,1
Konkan & Goa,2011,,1,1.1,4.500000000000227,5.900000000001137,3770.199999999999,33.36239316239316,-32.26239316239316,-96.70287441717475,32.26239316239316,0,-0.5571211966621958,0,2011-05-01,3.4,0.0,0.0,3.4000000000002277,111.50000000000114,3777.299999999999,3.4,0.4999999999999999,-0.8660254037844387,0,0.6879053,0,1
Assam & Meghalaya,2006,,2,350.3,1071.9,1302.5999999999997,2208.9,494.5658119658119,-144.2658119658119,-29.17019504287624,144.2658119658119,0,-1.1751559512446397,1,2006-07-01,395.9,325.7,169.0,890.5999999999998,952.9999999999995,2333.1000000000004,226.9,-0.4999999999999997,-0.8660254037844388,1,0.6879037,1,1
Jharkhand,2008,,1,42.9,59.79999999999994,82.80000000000028,1364.1,48.59145299145299,-5.691452991452991,-11.7128685006684,5.691452991452991,0,-0.1996821432019168,0,2008-05-01,10.7,6.2,3.6,20.499999999999943,47.50000000000029,1379.3,7.1,0.4999999999999999,-0.8660254037844387,0,0.6876487,0,1
Sub Himalayan West Bengal & Sikkim,2014,,1,37.7,64.50000000000136,283.10000000000093,2411.9,43.96666666666667,-6.266666666666666,-14.253222137983318,6.266666666666666,0,-0.200557634091861,0,2014-03-01,26.6,0.2,2.7,29.500000000001364,553.4000000000009,2406.3,23.9,1.0,6.123233995736766e-17,0,0.6874206,0,1
Konkan & Goa,2006,,1,0.0,9.900000000000457,10.000000000000457,3618.399999999999,4.195726495726496,-4.195726495726496,-100.0,4.195726495726496,0,-0.4641167421519179,0,2006-04-01,9.9,0.0,0.0,9.900000000000457,86.50000000000045,3622.399999999999,9.9,0.8660254037844387,-0.4999999999999998,0,0.6871791,0,1
Coastal Karnataka,2002,,1,164.0,195.39999999999955,207.80000000000024,3089.2,122.5974358974359,41.4025641025641,33.77115010561981,0.0,0,0.3329868023320889,0,2002-05-01,30.9,0.5,11.2,42.59999999999954,92.40000000000023,3082.1,19.7,0.4999999999999999,-0.8660254037844387,1,0.68702406,1,1
Naga Mani Mizo Tripura,2006,,2,335.0,1162.8000000000002,1291.8,2140.2000000000003,437.6615384615385,-102.6615384615385,-23.456833520809905,102.6615384615385,0,-0.896101590790999,1,2006-07-01,445.6,382.2,111.1,938.9000000000004,957.4,2106.7000000000003,334.5,-0.4999999999999997,-0.8660254037844388,0,0.68682784,0,1
Assam & Meghalaya,2010,,0,3.1,7.599999999999772,344.79999999999944,2052.3,31.363247863247864,-28.263247863247862,-90.11581959395014,28.263247863247862,0,-1.3561889596884684,0,2010-02-01,0.5,4.0,9.0,13.499999999999773,875.4999999999994,2060.8,-8.5,0.8660254037844386,0.5000000000000001,0,0.68676066,0,1
Coastal Karnataka,2006,,2,800.1,1161.6999999999994,1167.4000000000003,3698.5,842.2820512820513,-42.18205128205125,-5.008067216658038,42.18205128205125,0,-0.2194989288903068,0,2006-06-01,355.7,5.9,4.7,366.2999999999993,369.6000000000004,3720.0,351.0,1.2246467991473532e-16,-1.0,0,0.68671894,0,1
Naga Mani Mizo Tripura,2010,,2,393.2,1172.3000000000002,1713.6,2178.3,411.6213675213675,-18.42136752136753,-4.475318575489466,18.42136752136753,0,-0.1456404665768875,0,2010-08-01,367.5,411.6,294.0,1073.1,1328.3000000000002,2166.0,73.5,-0.8660254037844385,-0.5000000000000004,0,0.6865129,0,1
Assam & Meghalaya,2006,,2,395.9,890.5999999999998,952.9999999999995,2333.1000000000004,508.7418803418804,-112.84188034188035,-22.18057618257206,112.84188034188035,0,-1.0629723626568024,1,2006-06-01,325.7,169.0,20.8,515.4999999999999,558.3999999999995,2311.1,304.9,1.2246467991473532e-16,-1.0,1,0.68650365,1,1
Kerala,2013,,2,1042.7,1211.2999999999995,1305.2000000000007,2720.3,653.1649572649573,389.5350427350428,59.63808045767944,0.0,0,2.0917696824977186,0,2013-06-01,119.3,49.3,49.9,218.49999999999943,271.90000000000055,2107.9,69.4,1.2246467991473532e-16,-1.0,0,0.6859404,0,1
Himachal Pradesh,2004,,1,57.6,118.19999999999978,287.80000000000024,923.9,58.29230769230769,-0.6923076923076863,-1.1876484560569969,0.6923076923076863,0,-0.020544156104619,0,2004-05-01,54.7,5.9,43.0,103.59999999999977,252.70000000000024,902.2,11.700000000000005,0.4999999999999999,-0.8660254037844387,0,0.6855199,0,1
Naga Mani Mizo Tripura,2001,,1,313.8,436.2000000000002,485.70000000000016,2053.0,289.9905982905983,23.809401709401698,8.210404699238698,0.0,0,0.2125095984245809,0,2001-05-01,83.6,38.8,46.9,169.3000000000002,196.1000000000001,2142.8,36.7,0.4999999999999999,-0.8660254037844387,0,0.6854425,0,1
Coastal Andhra Pradesh,2006,,2,132.0,257.5999999999999,288.3000000000004,1302.2,124.47435897435898,7.525641025641022,6.045936759707485,0.0,0,0.1487851627301895,0,2006-06-01,67.6,58.0,30.7,156.2999999999999,160.5000000000004,1258.3,36.89999999999999,1.2246467991473532e-16,-1.0,0,0.6854011,0,1
Coastal Karnataka,2001,,2,930.0,1158.2999999999995,1159.7000000000005,3285.8,842.2820512820513,87.71794871794873,10.4143200706262,0.0,0,0.4564499639740687,0,2001-06-01,156.9,71.4,0.4,228.69999999999956,232.10000000000025,3322.6,156.5,1.2246467991473532e-16,-1.0,0,0.68495107,0,1
