threshold,precision,recall,f1,alert_rate,true_positive,false_positive,false_negative,true_negative,false_positive_rate,model,probability_column
0.01,0.05529473135106938,1.0,0.10479485912011864,1.0,424,7244,0,0,1.0,RAW_XGBOOST,raw_probability
0.015,0.05529473135106938,1.0,0.10479485912011864,1.0,424,7244,0,0,1.0,RAW_XGBOOST,raw_probability
0.02,0.05579681537044348,1.0,0.105696123644522,0.991001564945227,424,7175,0,69,0.9904748757592491,RAW_XGBOOST,raw_probability
0.025,0.05717367853290183,1.0,0.10816326530612246,0.9671361502347418,424,6992,0,252,0.9652125897294312,RAW_XGBOOST,raw_probability
0.03,0.05943369778525372,1.0,0.11219899444297433,0.9303599374021909,424,6710,0,534,0.9262838210933186,RAW_XGBOOST,raw_probability
0.035,0.0620427275387767,1.0,0.11683659410305869,0.8912363067292645,424,6410,0,834,0.8848702374378796,RAW_XGBOOST,raw_probability
0.04,0.06393244873341375,1.0,0.12018140589569161,0.8648930620761607,424,6208,0,1036,0.8569850911098841,RAW_XGBOOST,raw_probability
0.045,0.06598194833488952,1.0,0.12379562043795621,0.8380281690140845,424,6002,0,1242,0.8285477636664826,RAW_XGBOOST,raw_probability
0.05,0.06774245087074612,1.0,0.1268891216519527,0.8162493479394888,424,5835,0,1409,0.8054942020982883,RAW_XGBOOST,raw_probability
0.055,0.06948541461815798,1.0,0.12994177137603433,0.795774647887324,424,5678,0,1566,0.7838210933186085,RAW_XGBOOST,raw_probability
0.06,0.07100889709585362,0.9976415094339622,0.1325811001410437,0.7768648930620762,423,5534,1,1710,0.7639425731639978,RAW_XGBOOST,raw_probability
0.065,0.07279297883324728,0.9976415094339622,0.13568564554931836,0.7578247261345853,423,5388,1,1856,0.7437879624516841,RAW_XGBOOST,raw_probability
0.07,0.0743801652892562,0.9976415094339622,0.13843888070692195,0.7416536254564423,423,5264,1,1980,0.7266703478741027,RAW_XGBOOST,raw_probability
0.075,0.07577929057685417,0.9976415094339622,0.14085914085914086,0.7279603547209181,423,5159,1,2085,0.7121755935946991,RAW_XGBOOST,raw_probability
0.08,0.07742998352553541,0.9976415094339622,0.14370647188720911,0.7124413145539906,423,5040,1,2204,0.6957482054113749,RAW_XGBOOST,raw_probability
0.085,0.07894736842105263,0.9976415094339622,0.1463161535800761,0.6987480438184663,423,4935,1,2309,0.6812534511319713,RAW_XGBOOST,raw_probability
0.09,0.08021288728378635,0.9952830188679245,0.1484608619173263,0.6860980699008868,422,4839,2,2405,0.6680011043622308,RAW_XGBOOST,raw_probability
0.095,0.08168795973674023,0.9952830188679245,0.15098389982110913,0.6737089201877934,422,4744,2,2500,0.6548868028713418,RAW_XGBOOST,raw_probability
0.1,0.08241758241758242,0.9905660377358491,0.15217391304347827,0.6645800730307773,420,4676,4,2568,0.6454997239094423,RAW_XGBOOST,raw_probability
0.105,0.0834658187599364,0.9905660377358491,0.15395894428152493,0.6562336984872196,420,4612,4,2632,0.6366648260629486,RAW_XGBOOST,raw_probability
0.11,0.08450704225352113,0.9905660377358491,0.1557285873192436,0.6481481481481481,420,4550,4,2694,0.628106018774158,RAW_XGBOOST,raw_probability
0.115,0.08541793776693106,0.9905660377358491,0.15727391874180865,0.6412363067292645,420,4497,4,2747,0.6207896189950304,RAW_XGBOOST,raw_probability
0.12,0.0862600123228589,0.9905660377358491,0.15870017003589645,0.6349765258215962,420,4449,4,2795,0.6141634456101601,RAW_XGBOOST,raw_probability
0.125,0.08711885500933417,0.9905660377358491,0.1601525262154433,0.628716744913928,420,4401,4,2843,0.6075372722252899,RAW_XGBOOST,raw_probability
0.13,0.08775595486836607,0.9905660377358491,0.16122840690978887,0.62415232133542,420,4366,4,2878,0.6027056874654887,RAW_XGBOOST,raw_probability
0.135,0.08866371120962635,0.9905660377358491,0.16275915520248013,0.6177621283255086,420,4317,4,2927,0.595941468801767,RAW_XGBOOST,raw_probability
0.14,0.08934269304403318,0.9905660377358491,0.16390243902439025,0.6130672926447575,420,4281,4,2963,0.5909718387631143,RAW_XGBOOST,raw_probability
0.145,0.089606501283148,0.9882075471698113,0.16431372549019607,0.6098069900886802,419,4257,5,2987,0.5876587520706792,RAW_XGBOOST,raw_probability
0.15,0.09020452099031216,0.9882075471698113,0.16531860327480766,0.6057642149191445,419,4226,5,3018,0.5833793484262838,RAW_XGBOOST,raw_probability
0.155,0.0906527868141401,0.9858490566037735,0.1660377358490566,0.6013302034428795,418,4193,6,3051,0.5788238542241856,RAW_XGBOOST,raw_probability
0.16,0.09126637554585153,0.9858490566037735,0.16706634692246203,0.5972874282733438,418,4162,6,3082,0.5745444505797902,RAW_XGBOOST,raw_probability
0.165,0.09152765583845479,0.9834905660377359,0.1674698795180723,0.5941575378195096,417,4139,7,3105,0.5713694091662065,RAW_XGBOOST,raw_probability
0.17,0.09237926451041205,0.9834905660377359,0.16889428918590524,0.5886802295253,417,4097,7,3147,0.5655715074544451,RAW_XGBOOST,raw_probability
0.01,0.0931219294327825,0.9834905660377359,0.1701346389228886,0.5839853938445487,417,4061,7,3183,0.5606018774157924,ISOTONIC,isotonic_probability
0.015,0.0931219294327825,0.9834905660377359,0.1701346389228886,0.5839853938445487,417,4061,7,3183,0.5606018774157924,ISOTONIC,isotonic_probability
0.02,0.09316353887399464,0.9834905660377359,0.17020408163265305,0.5837245696400626,417,4059,7,3185,0.5603257868580894,ISOTONIC,isotonic_probability
0.025,0.11071744906997343,0.8844339622641509,0.19679874048806087,0.4417057902973396,375,3012,49,4232,0.4157923799006074,ISOTONIC,isotonic_probability
0.03,0.11078286558345643,0.8844339622641509,0.19690207403517984,0.44144496609285344,375,3010,49,4234,0.41551628934290447,ISOTONIC,isotonic_probability
0.035,0.11549660304108703,0.8419811320754716,0.20312944523470838,0.4031038080333855,357,2734,67,4510,0.3774157923799006,ISOTONIC,isotonic_probability
0.04,0.12764260071798963,0.7547169811320755,0.2183555100648243,0.32694314032342203,320,2187,104,5057,0.3019050248481502,ISOTONIC,isotonic_probability
0.045,0.12769353551476456,0.7547169811320755,0.21843003412969283,0.3268127282211789,320,2186,104,5058,0.3017669795692987,ISOTONIC,isotonic_probability
0.05,0.13209144792548688,0.7358490566037735,0.22397702799712849,0.3080333854981742,312,2050,112,5194,0.2829928216454997,ISOTONIC,isotonic_probability
0.055,0.13209144792548688,0.7358490566037735,0.22397702799712849,0.3080333854981742,312,2050,112,5194,0.2829928216454997,ISOTONIC,isotonic_probability
0.06,0.13209144792548688,0.7358490566037735,0.22397702799712849,0.3080333854981742,312,2050,112,5194,0.2829928216454997,ISOTONIC,isotonic_probability
0.065,0.1368621840724845,0.6768867924528302,0.22768742562475208,0.2734741784037559,287,1810,137,5434,0.24986195472114853,ISOTONIC,isotonic_probability
0.07,0.1368621840724845,0.6768867924528302,0.22768742562475208,0.2734741784037559,287,1810,137,5434,0.24986195472114853,ISOTONIC,isotonic_probability
0.075,0.1368621840724845,0.6768867924528302,0.22768742562475208,0.2734741784037559,287,1810,137,5434,0.24986195472114853,ISOTONIC,isotonic_probability
0.08,0.1368621840724845,0.6768867924528302,0.22768742562475208,0.2734741784037559,287,1810,137,5434,0.24986195472114853,ISOTONIC,isotonic_probability
0.085,0.1579310344827586,0.5400943396226415,0.24439701173959444,0.18909754825247782,229,1221,195,6023,0.16855328547763668,ISOTONIC,isotonic_probability
0.09,0.158040027605245,0.5400943396226415,0.2445274959957288,0.18896713615023475,229,1220,195,6024,0.1684152401987852,ISOTONIC,isotonic_probability
0.095,0.15712290502793297,0.5306603773584906,0.24245689655172414,0.18675013041210226,225,1207,199,6037,0.16662065157371617,ISOTONIC,isotonic_probability
0.1,0.16757344940152338,0.3632075471698113,0.22933730454207,0.11984872196139802,154,765,270,6479,0.1056046383213694,ISOTONIC,isotonic_probability
0.105,0.1777059773828756,0.25943396226415094,0.2109300095877277,0.08072509128847156,110,509,314,6735,0.07026504693539481,ISOTONIC,isotonic_probability
0.11,0.17828200972447325,0.25943396226415094,0.21133525456292027,0.0804642670839854,110,507,314,6737,0.06998895637769188,ISOTONIC,isotonic_probability
0.115,0.17857142857142858,0.25943396226415094,0.21153846153846154,0.08033385498174231,110,506,314,6738,0.06985091109884042,ISOTONIC,isotonic_probability
0.12,0.16783216783216784,0.11320754716981132,0.1352112676056338,0.03729786124152321,48,238,376,7006,0.03285477636664826,ISOTONIC,isotonic_probability
0.125,0.1702127659574468,0.11320754716981132,0.1359773371104816,0.036776212832550864,48,234,376,7010,0.032302595251242405,ISOTONIC,isotonic_probability
0.13,0.1708185053380783,0.11320754716981132,0.13617021276595745,0.03664580073030777,48,233,376,7011,0.032164549972390946,ISOTONIC,isotonic_probability
0.135,0.16939890710382513,0.07311320754716981,0.10214168039538715,0.023865414710485134,31,152,393,7092,0.020982882385422418,ISOTONIC,isotonic_probability
0.14,0.17032967032967034,0.07311320754716981,0.10231023102310231,0.023735002608242045,31,151,393,7093,0.020844837106570955,ISOTONIC,isotonic_probability
0.145,0.17032967032967034,0.07311320754716981,0.10231023102310231,0.023735002608242045,31,151,393,7093,0.020844837106570955,ISOTONIC,isotonic_probability
0.15,0.17032967032967034,0.07311320754716981,0.10231023102310231,0.023735002608242045,31,151,393,7093,0.020844837106570955,ISOTONIC,isotonic_probability
0.155,0.1712707182320442,0.07311320754716981,0.1024793388429752,0.023604590505998956,31,150,393,7094,0.020706791827719492,ISOTONIC,isotonic_probability
0.16,0.1712707182320442,0.07311320754716981,0.1024793388429752,0.023604590505998956,31,150,393,7094,0.020706791827719492,ISOTONIC,isotonic_probability
0.165,0.1712707182320442,0.07311320754716981,0.1024793388429752,0.023604590505998956,31,150,393,7094,0.020706791827719492,ISOTONIC,isotonic_probability
0.17,0.1696969696969697,0.0660377358490566,0.09507640067911714,0.021517996870109544,28,137,396,7107,0.01891220320265047,ISOTONIC,isotonic_probability
0.01,0.09348952466771795,0.9787735849056604,0.17067653711700595,0.5788993218570684,415,4024,9,3220,0.5554942020982883,SIGMOID,sigmoid_probability
0.015,0.10189155107187894,0.9528301886792453,0.18409660514923673,0.5170839853938446,404,3561,20,3683,0.49157923799006076,SIGMOID,sigmoid_probability
0.02,0.1061269146608315,0.9150943396226415,0.19019607843137254,0.4767866458007303,388,3268,36,3976,0.451131971286582,SIGMOID,sigmoid_probability
0.025,0.10981308411214953,0.8867924528301887,0.19542619542619544,0.44653103808033384,376,3048,48,4196,0.42076200993926005,SIGMOID,sigmoid_probability
0.03,0.11358644493253844,0.8537735849056604,0.20049847687621158,0.41562336984872195,362,2825,62,4419,0.3899779127553838,SIGMOID,sigmoid_probability
0.035,0.11713520749665328,0.8254716981132075,0.205158264947245,0.38967136150234744,350,2638,74,4606,0.3641634456101601,SIGMOID,sigmoid_probability
0.04,0.12052932761087268,0.7948113207547169,0.2093167701863354,0.3646322378716745,337,2459,87,4785,0.33945334069574823,SIGMOID,sigmoid_probability
0.045,0.125,0.7783018867924528,0.2154046997389034,0.3442879499217527,330,2310,94,4934,0.3188845941468802,SIGMOID,sigmoid_probability
0.05,0.12811244979919678,0.7523584905660378,0.2189430336307481,0.32472613458528954,319,2171,105,5073,0.2996963003865268,SIGMOID,sigmoid_probability
0.055,0.13222789115646258,0.7334905660377359,0.22406340057636887,0.30672926447574334,311,2041,113,5203,0.28175041413583657,SIGMOID,sigmoid_probability
0.06,0.13533151680290645,0.7028301886792453,0.22696115765422697,0.2871674491392801,298,1904,126,5340,0.2628382109331861,SIGMOID,sigmoid_probability
0.065,0.1386861313868613,0.6721698113207547,0.2299314239612747,0.26799687010954615,285,1770,139,5474,0.24434014356709,SIGMOID,sigmoid_probability
0.07,0.14541622760800843,0.6509433962264151,0.23772609819121446,0.24752217005738134,276,1622,148,5622,0.22390944229707344,SIGMOID,sigmoid_probability
0.075,0.15102974828375287,0.6226415094339622,0.2430939226519337,0.2279603547209181,264,1484,160,5760,0.2048591938155715,SIGMOID,sigmoid_probability
0.08,0.1531809759110562,0.5849056603773585,0.2427802251590798,0.21113719353155974,248,1371,176,5873,0.18926007730535616,SIGMOID,sigmoid_probability
0.085,0.15570469798657718,0.5471698113207547,0.24242424242424243,0.19431403234220135,232,1258,192,5986,0.17366096079514082,SIGMOID,sigmoid_probability
0.09,0.1608598962194218,0.5117924528301887,0.24478285391990975,0.17592592592592593,217,1132,207,6112,0.15626725565985644,SIGMOID,sigmoid_probability
0.095,0.16071428571428573,0.44575471698113206,0.23625,0.15336463223787167,189,987,235,6257,0.13625069022639424,SIGMOID,sigmoid_probability
0.1,0.16666666666666666,0.4033018867924528,0.23586206896551723,0.13380281690140844,171,855,253,6389,0.1180287134180011,SIGMOID,sigmoid_probability
0.105,0.16989737742303307,0.35141509433962265,0.22905457340507301,0.11437141366718831,149,728,275,6516,0.10049696300386526,SIGMOID,sigmoid_probability
0.11,0.1760752688172043,0.3089622641509434,0.2243150684931507,0.09702660406885759,131,613,293,6631,0.084621755935947,SIGMOID,sigmoid_probability
0.115,0.1791530944625407,0.25943396226415094,0.2119460500963391,0.08007303077725612,110,504,314,6740,0.06957482054113749,SIGMOID,sigmoid_probability
0.12,0.19467213114754098,0.2240566037735849,0.20833333333333334,0.06364110589462701,95,393,329,6851,0.05425179458862507,SIGMOID,sigmoid_probability
0.125,0.17866666666666667,0.1580188679245283,0.1677096370463079,0.04890453834115806,67,308,357,6936,0.04251794588625069,SIGMOID,sigmoid_probability
0.13,0.16666666666666666,0.10613207547169812,0.12968299711815562,0.035211267605633804,45,225,379,7019,0.03106018774157924,SIGMOID,sigmoid_probability
0.135,0.16847826086956522,0.07311320754716981,0.10197368421052631,0.023995826812728223,31,153,393,7091,0.02112092766427388,SIGMOID,sigmoid_probability
0.14,0.1794871794871795,0.049528301886792456,0.07763401109057301,0.015258215962441314,21,96,403,7148,0.013252346769740474,SIGMOID,sigmoid_probability
0.145,0.17105263157894737,0.030660377358490566,0.052,0.0099113197704747,13,63,411,7181,0.008696852567642186,SIGMOID,sigmoid_probability
0.15,0.19444444444444445,0.01650943396226415,0.030434782608695653,0.004694835680751174,7,29,417,7215,0.004003313086692435,SIGMOID,sigmoid_probability
0.155,0.07142857142857142,0.0023584905660377358,0.0045662100456621,0.0018257694314032342,1,13,423,7231,0.0017945886250690225,SIGMOID,sigmoid_probability
0.16,0.125,0.0023584905660377358,0.004629629629629629,0.0010432968179447052,1,7,423,7237,0.000966316951960243,SIGMOID,sigmoid_probability
0.165,0.5,0.0023584905660377358,0.004694835680751174,0.0002608242044861763,1,1,423,7243,0.0001380452788514633,SIGMOID,sigmoid_probability
0.17,0.0,0.0,0.0,0.0,0,0,424,7244,0.0,SIGMOID,sigmoid_probability
