subdivision,year,month,season,actual,raw_probability,isotonic_probability,sigmoid_probability
Andaman & Nicobar Islands,2016,4,PRE_MONSOON,0,0.009152672253549099,0.13861386138613863,0.0902461097171636
Andaman & Nicobar Islands,2016,8,MONSOON,0,0.015472760424017906,0.13861386138613863,0.09130338233872645
Andaman & Nicobar Islands,2016,12,WINTER,0,0.0002599010767880827,0.0,0.0887771365672058
Andaman & Nicobar Islands,2016,2,WINTER,0,0.001871229032985866,0.10215053763440861,0.08904169691579389
Andaman & Nicobar Islands,2016,1,WINTER,0,0.001638934132643044,0.10215053763440861,0.08900351309757298
Andaman & Nicobar Islands,2016,7,MONSOON,0,0.0035538766533136368,0.10215053763440861,0.08931872614780978
Andaman & Nicobar Islands,2016,6,MONSOON,0,0.011178584769368172,0.13861386138613863,0.09058381326458954
Andaman & Nicobar Islands,2016,3,PRE_MONSOON,0,0.0099332295358181,0.13861386138613863,0.09037608791740973
Andaman & Nicobar Islands,2016,5,PRE_MONSOON,0,0.031492795795202255,0.23893805309734514,0.09403339318777107
Andaman & Nicobar Islands,2016,11,POST_MONSOON,0,0.00026794226141646504,0.0,0.08877845506822823
Andaman & Nicobar Islands,2016,10,POST_MONSOON,0,0.0015542086912319064,0.07692307692307693,0.08898958990518886
Andaman & Nicobar Islands,2016,9,MONSOON,0,0.016738660633563995,0.13861386138613863,0.09151648675989252
Andaman & Nicobar Islands,2017,4,PRE_MONSOON,0,0.005369154736399651,0.10215053763440861,0.08961846298759962
Andaman & Nicobar Islands,2017,8,MONSOON,0,0.0032637028489261866,0.10215053763440861,0.08927089684889256
Andaman & Nicobar Islands,2017,2,WINTER,0,0.0005748294643126428,0.018691588785046728,0.0888287881145229
Andaman & Nicobar Islands,2017,1,WINTER,0,0.001190123613923788,0.06896551724137931,0.08892978105086163
Andaman & Nicobar Islands,2017,7,MONSOON,0,0.005885025952011347,0.10215053763440861,0.08970380843726423
Andaman & Nicobar Islands,2017,6,MONSOON,0,0.005734646692872047,0.10215053763440861,0.08967892221240797
Andaman & Nicobar Islands,2017,3,PRE_MONSOON,0,0.004196993075311184,0.10215053763440861,0.0894248133034939
Andaman & Nicobar Islands,2017,5,PRE_MONSOON,0,0.012165923602879047,0.13861386138613863,0.09074880687184297
Andaman & Nicobar Islands,2017,9,MONSOON,0,0.0009693354368209839,0.018691588785046728,0.08889352948420194
Arunachal Pradesh,2016,4,PRE_MONSOON,0,0.002879147417843342,0.10215053763440861,0.08920754623749996
Arunachal Pradesh,2016,8,MONSOON,0,0.0005860575474798679,0.018691588785046728,0.08883063013815179
Arunachal Pradesh,2016,12,WINTER,0,0.0238228440284729,0.23893805309734514,0.09271732709390242
Arunachal Pradesh,2016,2,WINTER,0,0.023620178923010826,0.23170050445356313,0.0926827776051853
Arunachal Pradesh,2016,1,WINTER,0,0.02128872275352478,0.2222222222222222,0.0922861515042913
Arunachal Pradesh,2016,7,MONSOON,0,0.000818297266960144,0.018691588785046728,0.08886873796605123
Arunachal Pradesh,2016,6,MONSOON,0,0.0011984771117568016,0.06896551724137931,0.0889311528870207
Arunachal Pradesh,2016,3,PRE_MONSOON,0,0.005039371084421873,0.10215053763440861,0.08956394212634046
Arunachal Pradesh,2016,5,PRE_MONSOON,0,0.0015164504293352365,0.07692307692307693,0.08898338560698325
Arunachal Pradesh,2016,11,POST_MONSOON,0,0.004643954802304506,0.10215053763440861,0.08949861010094125
Arunachal Pradesh,2016,10,POST_MONSOON,0,0.0032934427727013826,0.10215053763440861,0.08927579781277162
Arunachal Pradesh,2016,9,MONSOON,0,0.0024841073900461197,0.10215053763440861,0.08914251065174104
Arunachal Pradesh,2017,4,PRE_MONSOON,0,0.001647377503104508,0.10215053763440861,0.0890049007303065
Arunachal Pradesh,2017,8,MONSOON,0,0.000985949533060193,0.018691588785046728,0.08889625691537749
Arunachal Pradesh,2017,2,WINTER,0,0.035079944878816605,0.23893805309734514,0.09465463029893317
Arunachal Pradesh,2017,1,WINTER,0,0.19958080351352692,0.38461538461538464,0.12734333635478604
Arunachal Pradesh,2017,7,MONSOON,0,0.0004585536662489176,0.018691588785046728,0.08880971451076959
Arunachal Pradesh,2017,6,MONSOON,0,0.0007969368598423898,0.018691588785046728,0.08886523235651728
Arunachal Pradesh,2017,3,PRE_MONSOON,0,0.005816189106553793,0.10215053763440861,0.08969241587290544
Arunachal Pradesh,2017,5,PRE_MONSOON,0,0.0011347985127940774,0.06896551724137931,0.0889206958809116
Arunachal Pradesh,2017,9,MONSOON,0,0.0017146619502454996,0.10215053763440861,0.08901595934628127
Assam & Meghalaya,2016,4,PRE_MONSOON,0,0.5964198112487793,0.38461538461538464,0.24595502303681374
Assam & Meghalaya,2016,8,MONSOON,0,0.04363216832280159,0.23893805309734514,0.09615058465006492
Assam & Meghalaya,2016,12,WINTER,0,0.0068772900849580765,0.10215053763440861,0.08986817408857167
Assam & Meghalaya,2016,2,WINTER,0,0.3592601418495178,0.38461538461538464,0.16784166418761406
Assam & Meghalaya,2016,1,WINTER,0,0.0952090322971344,0.23893805309734514,0.10562725430746954
Assam & Meghalaya,2016,7,MONSOON,1,0.37556999921798706,0.38461538461538464,0.1725097937974673
Assam & Meghalaya,2016,6,MONSOON,1,0.4701487421989441,0.38461538461538464,0.20161325426791926
Assam & Meghalaya,2016,3,PRE_MONSOON,0,0.7404512763023376,0.38461538461538464,0.3039906147990429
Assam & Meghalaya,2016,5,PRE_MONSOON,1,0.40594321489334106,0.38461538461538464,0.1814759165381781
Assam & Meghalaya,2016,11,POST_MONSOON,0,0.004952669609338045,0.10215053763440861,0.08954961333372648
Assam & Meghalaya,2016,10,POST_MONSOON,0,0.0069590783677995205,0.10215053763440861,0.08988173418014174
Assam & Meghalaya,2016,9,MONSOON,0,0.18901431560516357,0.38461538461538464,0.1249822430317967
Assam & Meghalaya,2017,4,PRE_MONSOON,0,0.7395620942115784,0.38461538461538464,0.3036094223822148
Assam & Meghalaya,2017,8,MONSOON,0,0.23035652935504913,0.38461538461538464,0.1344379769236503
Assam & Meghalaya,2017,2,WINTER,0,0.15422466397285461,0.23893805309734514,0.11747230511400002
Assam & Meghalaya,2017,1,WINTER,0,0.15198096632957458,0.23893805309734514,0.11700164830657805
Assam & Meghalaya,2017,7,MONSOON,0,0.3373348116874695,0.38461538461538464,0.1617259191735514
Assam & Meghalaya,2017,6,MONSOON,0,0.321475088596344,0.38461538461538464,0.15741510841565534
Assam & Meghalaya,2017,3,PRE_MONSOON,0,0.7982704043388367,0.5,0.3293397304761753
Assam & Meghalaya,2017,5,PRE_MONSOON,0,0.29036635160446167,0.38461538461538464,0.14923136622123412
Assam & Meghalaya,2017,9,MONSOON,0,0.020502746105194092,0.15789473684210525,0.09215278559230619
Bihar,2016,4,PRE_MONSOON,0,0.05006495863199234,0.23893805309734514,0.09728969522390209
Bihar,2016,8,MONSOON,0,0.009893634356558323,0.13861386138613863,0.09036949048076852
Bihar,2016,12,WINTER,0,0.0001991831377381459,0.0,0.08876718130807347
Bihar,2016,2,WINTER,0,0.008734816685318947,0.13861386138613863,0.09017659773510799
Bihar,2016,1,WINTER,0,0.0038448278792202473,0.10215053763440861,0.08936670679322216
Bihar,2016,7,MONSOON,1,0.07454217225313187,0.23893805309734514,0.10173481020694063
Bihar,2016,6,MONSOON,1,0.1193634420633316,0.23893805309734514,0.11034247086049977
Bihar,2016,3,PRE_MONSOON,0,0.021152528002858162,0.2222222222222222,0.09226302932465985
Bihar,2016,5,PRE_MONSOON,1,0.14484775066375732,0.23893805309734514,0.11551618059692183
Bihar,2016,11,POST_MONSOON,0,0.00010583904077066109,0.0,0.08875187865840119
Bihar,2016,10,POST_MONSOON,0,0.00026088146842084825,0.0,0.08877729731961014
Bihar,2016,9,MONSOON,0,0.00121399259660393,0.06896551724137931,0.08893370093657654
Bihar,2017,4,PRE_MONSOON,0,0.05504405125975609,0.23893805309734514,0.09817963821591977
Bihar,2017,8,MONSOON,0,0.010682911612093449,0.13861386138613863,0.09050108349286842
Bihar,2017,2,WINTER,0,0.008812233805656433,0.13861386138613863,0.09018947274810203
Bihar,2017,1,WINTER,0,0.0012538478476926684,0.06896551724137931,0.08894024651610737
Bihar,2017,7,MONSOON,0,0.051634546369314194,0.23893805309734514,0.09756945741746571
Bihar,2017,6,MONSOON,0,0.07416116446256638,0.23893805309734514,0.10166425871290802
Bihar,2017,3,PRE_MONSOON,0,0.018846780061721802,0.15789473684210525,0.09187236498435138
Bihar,2017,5,PRE_MONSOON,0,0.13497228920459747,0.23893805309734514,0.1134867324648804
Bihar,2017,9,MONSOON,0,0.001991272671148181,0.10215053763440861,0.08906143505862048
Chhattisgarh,2016,4,PRE_MONSOON,0,0.02156272530555725,0.2222222222222222,0.09233268548750184
Chhattisgarh,2016,8,MONSOON,0,0.005474957637488842,0.10215053763440861,0.08963596099173636
Chhattisgarh,2016,12,WINTER,0,0.00010178016236750409,0.0,0.08875121330779433
Chhattisgarh,2016,2,WINTER,0,0.0009056346025317907,0.018691588785046728,0.08888307282066304
Chhattisgarh,2016,1,WINTER,0,0.00043158233165740967,0.018691588785046728,0.08880529072574396
Chhattisgarh,2016,7,MONSOON,0,0.02154482528567314,0.2222222222222222,0.09232964487526654
Chhattisgarh,2016,6,MONSOON,0,0.03721518814563751,0.23893805309734514,0.09502616310545962
Chhattisgarh,2016,3,PRE_MONSOON,0,0.008623098023235798,0.13861386138613863,0.0901580210526562
Chhattisgarh,2016,5,PRE_MONSOON,0,0.026918990537524223,0.23893805309734514,0.0932465843578402
Chhattisgarh,2016,11,POST_MONSOON,0,5.5831813369877636e-05,0.0,0.08874368155036585
Chhattisgarh,2016,10,POST_MONSOON,0,0.00011501088738441467,0.0,0.0887533821675992
Chhattisgarh,2016,9,MONSOON,0,0.0003426551993470639,0.0,0.08879070648199246
Chhattisgarh,2017,4,PRE_MONSOON,0,0.0399295873939991,0.23893805309734514,0.0955003530688949
Chhattisgarh,2017,8,MONSOON,0,0.011481854133307934,0.13861386138613863,0.09063446366721387
Chhattisgarh,2017,2,WINTER,0,0.0009241636143997312,0.018691588785046728,0.08888611429338536
Chhattisgarh,2017,1,WINTER,0,0.0002908405149355531,0.0,0.08878220975745138
Chhattisgarh,2017,7,MONSOON,0,0.024952514097094536,0.23893805309734514,0.09291012039258562
Chhattisgarh,2017,6,MONSOON,0,0.047309208661317825,0.23893805309734514,0.09680024344265137
Chhattisgarh,2017,3,PRE_MONSOON,0,0.0170294176787138,0.13861386138613863,0.09156549656448479
Chhattisgarh,2017,5,PRE_MONSOON,0,0.051677435636520386,0.23893805309734514,0.09757711203119493
Chhattisgarh,2017,9,MONSOON,0,0.00033623562194406986,0.0,0.088789653740954
Coastal Andhra Pradesh,2016,4,PRE_MONSOON,0,0.0014599972637370229,0.07692307692307693,0.0889741101592415
Coastal Andhra Pradesh,2016,8,MONSOON,0,0.00401364266872406,0.10215053763440861,0.08939455662501733
Coastal Andhra Pradesh,2016,12,WINTER,0,4.20962787757162e-05,0.0,0.08874143016222621
Coastal Andhra Pradesh,2016,2,WINTER,0,0.00021409281180240214,0.0,0.088769625791597
Coastal Andhra Pradesh,2016,1,WINTER,0,0.00017980601114686579,0.0,0.08876400446377765
Coastal Andhra Pradesh,2016,7,MONSOON,0,0.002107201609760523,0.10215053763440861,0.08908050038998155
Coastal Andhra Pradesh,2016,6,MONSOON,0,0.001785113476216793,0.10215053763440861,0.08902753981992866
Coastal Andhra Pradesh,2016,3,PRE_MONSOON,0,0.0020404274109750986,0.10215053763440861,0.08906951845257423
Coastal Andhra Pradesh,2016,5,PRE_MONSOON,0,0.0014416365884244442,0.07692307692307693,0.08897109362565617
Coastal Andhra Pradesh,2016,11,POST_MONSOON,0,9.962556941900402e-05,0.0,0.08875086011852412
Coastal Andhra Pradesh,2016,10,POST_MONSOON,0,0.0001977828796952963,0.0,0.08876695173490061
Coastal Andhra Pradesh,2016,9,MONSOON,0,0.001078162807971239,0.018691588785046728,0.08891139635872951
Coastal Andhra Pradesh,2017,4,PRE_MONSOON,0,0.0024483429733663797,0.10215053763440861,0.08913662485457399
Coastal Andhra Pradesh,2017,8,MONSOON,0,0.001959152752533555,0.10215053763440861,0.08905615336287871
Coastal Andhra Pradesh,2017,2,WINTER,0,0.0007083922973833978,0.018691588785046728,0.08885070200449152
Coastal Andhra Pradesh,2017,1,WINTER,0,0.00022007798543199897,0.0,0.08877060709494906
Coastal Andhra Pradesh,2017,7,MONSOON,0,0.0020069717429578304,0.10215053763440861,0.08906401666613922
Coastal Andhra Pradesh,2017,6,MONSOON,0,0.002791407285258174,0.10215053763440861,0.0891930978506456
Coastal Andhra Pradesh,2017,3,PRE_MONSOON,0,0.0015230972785502672,0.07692307692307693,0.08898447776440109
Coastal Andhra Pradesh,2017,5,PRE_MONSOON,0,0.003507447661831975,0.10215053763440861,0.08931107171213647
Coastal Andhra Pradesh,2017,9,MONSOON,0,0.0011376467300578952,0.06896551724137931,0.08892116357832114
Coastal Karnataka,2016,4,PRE_MONSOON,0,0.021883374080061913,0.2222222222222222,0.09238716818482896
Coastal Karnataka,2016,8,MONSOON,0,0.003657447872683406,0.10215053763440861,0.08933580337057048
Coastal Karnataka,2016,12,WINTER,0,0.00030076198163442314,0.0,0.08878383665197016
Coastal Karnataka,2016,2,WINTER,0,0.0006092070834711194,0.018691588785046728,0.08883442804500548
Coastal Karnataka,2016,1,WINTER,0,0.0003776692319661379,0.0,0.08879644860171729
Coastal Karnataka,2016,7,MONSOON,0,0.007733957376331091,0.13861386138613863,0.09001029679546613
Coastal Karnataka,2016,6,MONSOON,0,0.019865667447447777,0.15789473684210525,0.09204481204914221
Coastal Karnataka,2016,3,PRE_MONSOON,0,0.01155287679284811,0.13861386138613863,0.09064632917065231
Coastal Karnataka,2016,5,PRE_MONSOON,0,0.055438440293073654,0.23893805309734514,0.09825043892028795
Coastal Karnataka,2016,11,POST_MONSOON,0,0.00017136438691522926,0.0,0.08876262050708919
Coastal Karnataka,2016,10,POST_MONSOON,0,0.00019386163330636919,0.0,0.08876630884697963
Coastal Karnataka,2016,9,MONSOON,0,0.0031264517456293106,0.10215053763440861,0.08924828182146304
Coastal Karnataka,2017,4,PRE_MONSOON,0,0.042180851101875305,0.23893805309734514,0.09589524033139844
Coastal Karnataka,2017,8,MONSOON,0,0.003661653259769082,0.10215053763440861,0.08933649683324724
Coastal Karnataka,2017,2,WINTER,0,0.0012490941444411874,0.06896551724137931,0.08893946577450204
Coastal Karnataka,2017,1,WINTER,0,0.0010206422302871943,0.018691588785046728,0.08890195243970801
Coastal Karnataka,2017,7,MONSOON,0,0.0076842219568789005,0.13861386138613863,0.09000204006148706
Coastal Karnataka,2017,6,MONSOON,0,0.021834537386894226,0.2222222222222222,0.09237886828608495
Coastal Karnataka,2017,3,PRE_MONSOON,0,0.03346412256360054,0.23893805309734514,0.09437434199052852
Coastal Karnataka,2017,5,PRE_MONSOON,0,0.09728264063596725,0.23893805309734514,0.10602497014249207
Coastal Karnataka,2017,9,MONSOON,0,0.0023223005700856447,0.10215053763440861,0.08911588468513192
East Madhya Pradesh,2016,4,PRE_MONSOON,0,0.017399054020643234,0.14361240636749292,0.09162783628071199
East Madhya Pradesh,2016,8,MONSOON,0,0.0007579091470688581,0.018691588785046728,0.08885882756112158
East Madhya Pradesh,2016,12,WINTER,0,0.0001705747126834467,0.0,0.08876249104544821
East Madhya Pradesh,2016,2,WINTER,0,0.0005207582144066691,0.018691588785046728,0.08881991793621041
East Madhya Pradesh,2016,1,WINTER,0,0.00029357822495512664,0.0,0.08878265867683914
East Madhya Pradesh,2016,7,MONSOON,0,0.015073739923536777,0.13861386138613863,0.09123630293105732
East Madhya Pradesh,2016,6,MONSOON,0,0.03725919499993324,0.23893805309734514,0.09503383401773435
East Madhya Pradesh,2016,3,PRE_MONSOON,0,0.00247017340734601,0.10215053763440861,0.0891402174761635
East Madhya Pradesh,2016,5,PRE_MONSOON,0,0.021780017763376236,0.2222222222222222,0.0923696033525726
East Madhya Pradesh,2016,11,POST_MONSOON,0,6.11779760220088e-05,0.0,0.0887445578525262
East Madhya Pradesh,2016,10,POST_MONSOON,0,3.874207686749287e-05,0.0,0.08874088038363802
East Madhya Pradesh,2016,9,MONSOON,0,0.0001103138129110448,0.0,0.08875261218950066
East Madhya Pradesh,2017,4,PRE_MONSOON,0,0.050145260989665985,0.23893805309734514,0.09730399087009535
East Madhya Pradesh,2017,8,MONSOON,0,0.0009258902282454073,0.018691588785046728,0.08888639771581444
East Madhya Pradesh,2017,2,WINTER,0,0.0009551110561005771,0.018691588785046728,0.08889119441752416
East Madhya Pradesh,2017,1,WINTER,0,0.0004747705825138837,0.018691588785046728,0.08881237447308671
East Madhya Pradesh,2017,7,MONSOON,1,0.014253713190555573,0.13861386138613863,0.09109858725445473
East Madhya Pradesh,2017,6,MONSOON,1,0.042084045708179474,0.23893805309734514,0.09587823000244076
East Madhya Pradesh,2017,3,PRE_MONSOON,0,0.004760334268212318,0.10215053763440861,0.08951783424901062
East Madhya Pradesh,2017,5,PRE_MONSOON,1,0.053256724029779434,0.23893805309734514,0.09785934693953963
East Madhya Pradesh,2017,9,MONSOON,0,0.00015406165039166808,0.0,0.08875978388188172
East Rajasthan,2016,4,PRE_MONSOON,0,0.0039026872254908085,0.10215053763440861,0.08937625112439929
East Rajasthan,2016,8,MONSOON,0,0.00014403801469597965,0.0,0.08875814063602815
East Rajasthan,2016,12,WINTER,0,5.3900097555015236e-05,0.0,0.08874336492018033
East Rajasthan,2016,2,WINTER,0,0.00017652584938332438,0.0,0.08876346669744052
East Rajasthan,2016,1,WINTER,0,0.00011919940152438357,0.0,0.08875406878392995
East Rajasthan,2016,7,MONSOON,0,0.0016063115326687694,0.07692307692307693,0.08899815189268583
East Rajasthan,2016,6,MONSOON,0,0.006598923821002245,0.10215053763440861,0.0898220361584032
East Rajasthan,2016,3,PRE_MONSOON,0,0.00032816349994391203,0.0,0.08878833001652135
East Rajasthan,2016,5,PRE_MONSOON,0,0.00598096800968051,0.10215053763440861,0.08971968911646061
East Rajasthan,2016,11,POST_MONSOON,0,1.6419522580690682e-05,0.0,0.08873722162962015
East Rajasthan,2016,10,POST_MONSOON,0,1.0366209608037025e-05,0.0,0.08873622949139945
East Rajasthan,2016,9,MONSOON,0,4.4547265133587644e-05,0.0,0.0887418318990259
East Rajasthan,2017,4,PRE_MONSOON,0,0.004306736867874861,0.10215053763440861,0.0894429277582669
East Rajasthan,2017,8,MONSOON,0,0.000468727812403813,0.018691588785046728,0.08881138330578849
East Rajasthan,2017,2,WINTER,0,0.00022471140255220234,0.0,0.08877136677683566
East Rajasthan,2017,1,WINTER,0,8.245980279752985e-05,0.0,0.08874804628449967
East Rajasthan,2017,7,MONSOON,0,0.0025929801631718874,0.10215053763440861,0.08916043014569221
East Rajasthan,2017,6,MONSOON,0,0.0044115521013736725,0.10215053763440861,0.0894602317879005
East Rajasthan,2017,3,PRE_MONSOON,0,0.0004902305663563311,0.018691588785046728,0.08881491034732199
East Rajasthan,2017,5,PRE_MONSOON,0,0.0068987593986094,0.10215053763440861,0.08987173341579338
East Rajasthan,2017,9,MONSOON,0,6.147190288174897e-05,0.0,0.08874460603099922
East Uttar Pradesh,2016,4,PRE_MONSOON,0,0.001805070205591619,0.10215053763440861,0.08903082045552665
East Uttar Pradesh,2016,8,MONSOON,0,0.011064128018915653,0.13861386138613863,0.09056470394490353
East Uttar Pradesh,2016,12,WINTER,0,5.3074167226441205e-05,0.0,0.08874322954111989
East Uttar Pradesh,2016,2,WINTER,0,0.000387197156669572,0.0,0.0887980111899543
East Uttar Pradesh,2016,1,WINTER,0,0.000397260271711275,0.0,0.08879966157683705
East Uttar Pradesh,2016,7,MONSOON,0,0.009441938251256943,0.13861386138613863,0.090294258567249
East Uttar Pradesh,2016,6,MONSOON,0,0.00794323068112135,0.13861386138613863,0.0900450463960275
East Uttar Pradesh,2016,3,PRE_MONSOON,0,0.0017580086132511497,0.10215053763440861,0.08902308429563854
East Uttar Pradesh,2016,5,PRE_MONSOON,0,0.0029906369745731354,0.10215053763440861,0.08922590854715468
East Uttar Pradesh,2016,11,POST_MONSOON,0,4.9435231630923226e-05,0.0,0.08874263308179238
East Uttar Pradesh,2016,10,POST_MONSOON,0,0.00016913298168219626,0.0,0.08876225468403917
East Uttar Pradesh,2016,9,MONSOON,0,0.0007966422708705068,0.018691588785046728,0.08886518401028178
East Uttar Pradesh,2017,4,PRE_MONSOON,0,0.017356429249048233,0.1413182026459319,0.09162064560380064
East Uttar Pradesh,2017,8,MONSOON,0,0.05129413306713104,0.23893805309734514,0.09750872152857874
East Uttar Pradesh,2017,2,WINTER,0,0.0001681455032667145,0.0,0.08876209279439615
East Uttar Pradesh,2017,1,WINTER,0,0.00043202791130170226,0.018691588785046728,0.08880536380722143
East Uttar Pradesh,2017,7,MONSOON,0,0.01586158014833927,0.13861386138613863,0.09136878956527027
East Uttar Pradesh,2017,6,MONSOON,0,0.01945827715098858,0.15789473684210525,0.09197582621864674
East Uttar Pradesh,2017,3,PRE_MONSOON,0,0.005350176244974136,0.10215053763440861,0.08961532459298525
East Uttar Pradesh,2017,5,PRE_MONSOON,0,0.024619251489639282,0.23893805309734514,0.0928532072858843
East Uttar Pradesh,2017,9,MONSOON,0,0.0009000787395052612,0.018691588785046728,0.08888216086341301
Gangetic West Bengal,2016,4,PRE_MONSOON,0,0.02667335234582424,0.23893805309734514,0.09320449601195648
Gangetic West Bengal,2016,8,MONSOON,0,0.0018841908313333988,0.10215053763440861,0.08904382796590136
Gangetic West Bengal,2016,12,WINTER,0,7.403401104966179e-05,0.0,0.08874666514759681
Gangetic West Bengal,2016,2,WINTER,0,0.007862458936870098,0.13861386138613863,0.090031632905152
Gangetic West Bengal,2016,1,WINTER,0,0.00125303422100842,0.06896551724137931,0.08894011288675453
Gangetic West Bengal,2016,7,MONSOON,0,0.012729484587907791,0.13861386138613863,0.09084310444853295
Gangetic West Bengal,2016,6,MONSOON,0,0.015628552064299583,0.13861386138613863,0.09132958453895244
Gangetic West Bengal,2016,3,PRE_MONSOON,0,0.02113712765276432,0.2222222222222222,0.09226041508989802
Gangetic West Bengal,2016,5,PRE_MONSOON,0,0.020229913294315338,0.15789473684210525,0.09210653134009467
Gangetic West Bengal,2016,11,POST_MONSOON,0,0.00011101895506726578,0.0,0.08875272778107007
Gangetic West Bengal,2016,10,POST_MONSOON,0,0.00010504292004043236,0.0,0.08875174815415866
Gangetic West Bengal,2016,9,MONSOON,0,0.00039929134072735906,0.0,0.08879999468278259
Gangetic West Bengal,2017,4,PRE_MONSOON,0,0.015069585293531418,0.13861386138613863,0.09123560472873059
Gangetic West Bengal,2017,8,MONSOON,0,0.001154714496806264,0.06896551724137931,0.08892396627278619
Gangetic West Bengal,2017,2,WINTER,0,0.0006695307092741132,0.018691588785046728,0.08884432541185885
Gangetic West Bengal,2017,1,WINTER,0,0.0006778269889764488,0.018691588785046728,0.08884568666987962
Gangetic West Bengal,2017,7,MONSOON,0,0.004096332937479019,0.10215053763440861,0.08940820111771698
Gangetic West Bengal,2017,6,MONSOON,0,0.01291980966925621,0.13861386138613863,0.09087497041998026
Gangetic West Bengal,2017,3,PRE_MONSOON,0,0.015259954147040844,0.13861386138613863,0.09126760191849878
Gangetic West Bengal,2017,5,PRE_MONSOON,0,0.025093140080571175,0.23893805309734514,0.09293414526530107
Gangetic West Bengal,2017,9,MONSOON,0,0.0003903077740687877,0.0,0.08879852133938453
Gujarat Region,2016,4,PRE_MONSOON,0,0.0010023672366514802,0.018691588785046728,0.08889895218019737
Gujarat Region,2016,8,MONSOON,0,0.00019495120795909315,0.0,0.08876648748220435
Gujarat Region,2016,12,WINTER,0,5.228830923442729e-05,0.0,0.08874310073052905
Gujarat Region,2016,2,WINTER,0,0.00028256859513930976,0.0,0.08878085337161504
Gujarat Region,2016,1,WINTER,0,0.00013076668255962431,0.0,0.08875596501445583
Gujarat Region,2016,7,MONSOON,0,0.00022795156110078096,0.0,0.08877189802749785
Gujarat Region,2016,6,MONSOON,0,0.0013716029934585094,0.06896551724137931,0.08895958843150138
Gujarat Region,2016,3,PRE_MONSOON,0,0.00018323620315641165,0.0,0.08876456682997885
Gujarat Region,2016,5,PRE_MONSOON,0,0.000989911612123251,0.018691588785046728,0.08889690735600819
Gujarat Region,2016,11,POST_MONSOON,0,2.927460809587501e-05,0.0,0.08873932861182249
Gujarat Region,2016,10,POST_MONSOON,0,2.5969662601710297e-05,0.0,0.08873878691828314
Gujarat Region,2016,9,MONSOON,0,7.630900654476136e-05,0.0,0.08874703805784862
Gujarat Region,2017,4,PRE_MONSOON,0,0.0013785449555143714,0.06896551724137931,0.0889607288045353
Gujarat Region,2017,8,MONSOON,0,3.8624548324150965e-05,0.0,0.08874086111989317
Gujarat Region,2017,2,WINTER,0,0.00012755965872202069,0.0,0.08875543928167057
Gujarat Region,2017,1,WINTER,0,6.059318548068404e-05,0.0,0.0887444619977455
Gujarat Region,2017,7,MONSOON,0,0.0005304010701365769,0.018691588785046728,0.08882149975062872
Gujarat Region,2017,6,MONSOON,0,0.0019284153822809458,0.10215053763440861,0.08905109927354794
Gujarat Region,2017,3,PRE_MONSOON,0,0.00028550924616865814,0.0,0.08878133556193847
Gujarat Region,2017,5,PRE_MONSOON,0,0.0011683355551213026,0.06896551724137931,0.08892620304116267
Gujarat Region,2017,9,MONSOON,0,3.917504727724008e-05,0.0,0.08874095135052892
Haryana Delhi & Chandigarh,2016,4,PRE_MONSOON,0,0.0024041084107011557,0.10215053763440861,0.08912934559929417
Haryana Delhi & Chandigarh,2016,8,MONSOON,0,0.0013731655199080706,0.06896551724137931,0.08895984511038085
Haryana Delhi & Chandigarh,2016,12,WINTER,0,0.0003593886794988066,0.0,0.08879345064412585
Haryana Delhi & Chandigarh,2016,2,WINTER,0,0.0009812363423407078,0.018691588785046728,0.08889548317297237
Haryana Delhi & Chandigarh,2016,1,WINTER,0,0.0008027778821997344,0.018691588785046728,0.08886619095617027
Haryana Delhi & Chandigarh,2016,7,MONSOON,0,0.008586098439991474,0.13861386138613863,0.09015186948775603
Haryana Delhi & Chandigarh,2016,6,MONSOON,0,0.0068510351702570915,0.10215053763440861,0.08986382154490113
Haryana Delhi & Chandigarh,2016,3,PRE_MONSOON,0,0.0028940371703356504,0.10215053763440861,0.08920999837977965
Haryana Delhi & Chandigarh,2016,5,PRE_MONSOON,0,0.01007839571684599,0.13861386138613863,0.0904002795393935
Haryana Delhi & Chandigarh,2016,11,POST_MONSOON,0,0.00010619701788527891,0.0,0.08875193733992442
Haryana Delhi & Chandigarh,2016,10,POST_MONSOON,0,4.482088115764782e-05,0.0,0.08874187674704198
Haryana Delhi & Chandigarh,2016,9,MONSOON,0,0.00013832371041644365,0.0,0.08875720386179589
Haryana Delhi & Chandigarh,2017,4,PRE_MONSOON,0,0.011544364504516125,0.13861386138613863,0.09064490697911712
Haryana Delhi & Chandigarh,2017,8,MONSOON,0,0.0008513700449839234,0.018691588785046728,0.0888741660229474
Haryana Delhi & Chandigarh,2017,2,WINTER,0,0.0009292932809330523,0.018691588785046728,0.08888695632686933
Haryana Delhi & Chandigarh,2017,1,WINTER,0,0.000827746232971549,0.018691588785046728,0.0888702887434125
Haryana Delhi & Chandigarh,2017,7,MONSOON,0,0.00680500129237771,0.10215053763440861,0.08985619050036166
Haryana Delhi & Chandigarh,2017,6,MONSOON,0,0.010972071439027786,0.13861386138613863,0.09054933711727231
Haryana Delhi & Chandigarh,2017,3,PRE_MONSOON,0,0.002952382666990161,0.10215053763440861,0.08921960768548853
Haryana Delhi & Chandigarh,2017,5,PRE_MONSOON,0,0.023487770929932594,0.22577362862825284,0.09266021149478312
Haryana Delhi & Chandigarh,2017,9,MONSOON,0,0.00019027375674340874,0.0,0.08876572061868726
Himachal Pradesh,2016,4,PRE_MONSOON,0,0.005193658173084259,0.10215053763440861,0.08958944562500999
Himachal Pradesh,2016,8,MONSOON,0,0.004309264477342367,0.10215053763440861,0.0894433450077915
Himachal Pradesh,2016,12,WINTER,0,0.004009366035461426,0.10215053763440861,0.08939385100065687
Himachal Pradesh,2016,2,WINTER,0,0.03392700478434563,0.23893805309734514,0.09445455969250359
Himachal Pradesh,2016,1,WINTER,0,0.03646178916096687,0.23893805309734514,0.09489492273258168
Himachal Pradesh,2016,7,MONSOON,0,0.009940867312252522,0.13861386138613863,0.09037736059057769
Himachal Pradesh,2016,6,MONSOON,0,0.0054013486951589584,0.10215053763440861,0.08962378699598889
Himachal Pradesh,2016,3,PRE_MONSOON,0,0.007398856338113546,0.110383734192805,0.0899546788051688
Himachal Pradesh,2016,5,PRE_MONSOON,0,0.0069805895909667015,0.10215053763440861,0.08988530094049553
Himachal Pradesh,2016,11,POST_MONSOON,0,0.006317465100437403,0.10215053763440861,0.08977540737533642
Himachal Pradesh,2016,10,POST_MONSOON,0,0.0036106605548411608,0.10215053763440861,0.08932808853222182
Himachal Pradesh,2016,9,MONSOON,0,0.002696843119338155,0.10215053763440861,0.08917752809681079
Himachal Pradesh,2017,4,PRE_MONSOON,0,0.004013421945273876,0.10215053763440861,0.08939452020656397
Himachal Pradesh,2017,8,MONSOON,0,0.004180647432804108,0.10215053763440861,0.08942211555333053
Himachal Pradesh,2017,2,WINTER,0,0.019444143399596214,0.15789473684210525,0.09197343370036454
Himachal Pradesh,2017,1,WINTER,0,0.019512299448251724,0.15789473684210525,0.09198497146365735
Himachal Pradesh,2017,7,MONSOON,0,0.009826023131608963,0.13861386138613863,0.09035822595113309
Himachal Pradesh,2017,6,MONSOON,0,0.004835783038288355,0.10215053763440861,0.08953029924726194
Himachal Pradesh,2017,3,PRE_MONSOON,0,0.0126897431910038,0.13861386138613863,0.09083645184864371
Himachal Pradesh,2017,5,PRE_MONSOON,0,0.006705400068312883,0.10215053763440861,0.08983968158567689
Himachal Pradesh,2017,9,MONSOON,0,0.0026815123856067657,0.10215053763440861,0.0891750041607492
Jammu & Kashmir,2016,4,PRE_MONSOON,0,0.009039425291121006,0.13861386138613863,0.09022726585535808
Jammu & Kashmir,2016,8,MONSOON,0,0.003754159901291132,0.10215053763440861,0.08935175228209137
Jammu & Kashmir,2016,12,WINTER,0,0.09108229726552963,0.23893805309734514,0.10483966441174425
Jammu & Kashmir,2016,2,WINTER,0,0.12843452394008636,0.23893805309734514,0.11216035721274745
Jammu & Kashmir,2016,1,WINTER,0,0.10700500756502151,0.23893805309734514,0.10790735358493064
Jammu & Kashmir,2016,7,MONSOON,0,0.009424405172467232,0.13861386138613863,0.09029133949584725
Jammu & Kashmir,2016,6,MONSOON,0,0.00436707166954875,0.10215053763440861,0.08945288810961355
Jammu & Kashmir,2016,3,PRE_MONSOON,0,0.025882624089717865,0.23893805309734514,0.0930691261109101
Jammu & Kashmir,2016,5,PRE_MONSOON,0,0.007508466951549053,0.13861386138613863,0.08997286788528368
Jammu & Kashmir,2016,11,POST_MONSOON,0,0.014968323521316051,0.13861386138613863,0.09121858876579139
Jammu & Kashmir,2016,10,POST_MONSOON,0,0.00541486544534564,0.10215053763440861,0.08962602238518559
Jammu & Kashmir,2016,9,MONSOON,0,0.0025936856400221586,0.10215053763440861,0.08916054627152781
Jammu & Kashmir,2017,4,PRE_MONSOON,0,0.005991420708596706,0.10215053763440861,0.08972141943838413
Jammu & Kashmir,2017,8,MONSOON,0,0.003926900681108236,0.10215053763440861,0.08938024558754108
Jammu & Kashmir,2017,2,WINTER,0,0.06212901696562767,0.23893805309734514,0.09945847989071477
Jammu & Kashmir,2017,1,WINTER,0,0.05717399716377258,0.23893805309734514,0.09856254687335662
Jammu & Kashmir,2017,7,MONSOON,0,0.008693872950971127,0.13861386138613863,0.09016978917282711
Jammu & Kashmir,2017,6,MONSOON,0,0.01744636707007885,0.1461589484375581,0.09163581845087347
Jammu & Kashmir,2017,3,PRE_MONSOON,0,0.01698308065533638,0.13861386138613863,0.09155768444758869
Jammu & Kashmir,2017,5,PRE_MONSOON,0,0.005666605196893215,0.10215053763440861,0.0896676640880576
Jammu & Kashmir,2017,9,MONSOON,0,0.004283192101866007,0.10215053763440861,0.0894390411494347
Jharkhand,2016,4,PRE_MONSOON,0,0.12909992039203644,0.23893805309734514,0.11229473062473895
Jharkhand,2016,8,MONSOON,0,0.009575665928423405,0.13861386138613863,0.09031652560201682
Jharkhand,2016,12,WINTER,0,0.0002565417962614447,0.0,0.08877658575623384
Jharkhand,2016,2,WINTER,0,0.007085815537720919,0.10215053763440861,0.08990275021682743
Jharkhand,2016,1,WINTER,0,0.002068985952064395,0.10215053763440861,0.08907421514880798
Jharkhand,2016,7,MONSOON,0,0.0819612592458725,0.23893805309734514,0.10311728421779658
Jharkhand,2016,6,MONSOON,0,0.15486304461956024,0.23893805309734514,0.11760651678527247
Jharkhand,2016,3,PRE_MONSOON,0,0.060086801648139954,0.23893805309734514,0.09908834604828665
Jharkhand,2016,5,PRE_MONSOON,0,0.23282067477703094,0.38461538461538464,0.13502022900167385
Jharkhand,2016,11,POST_MONSOON,0,0.00012647506082430482,0.0,0.08875526148235797
Jharkhand,2016,10,POST_MONSOON,0,0.000308205810142681,0.0,0.08878505728793566
Jharkhand,2016,9,MONSOON,0,0.0020450835581868887,0.10215053763440861,0.0890702841805446
Jharkhand,2017,4,PRE_MONSOON,0,0.3435383439064026,0.38461538461538464,0.16343783311682977
Jharkhand,2017,8,MONSOON,0,0.004555955994874239,0.10215053763440861,0.0894840764850816
Jharkhand,2017,2,WINTER,0,0.003133471356704831,0.10215053763440861,0.0892494383257234
Jharkhand,2017,1,WINTER,0,0.001502852886915207,0.07692307692307693,0.08898115140459982
Jharkhand,2017,7,MONSOON,0,0.061997052282094955,0.23893805309734514,0.09943452531211976
Jharkhand,2017,6,MONSOON,0,0.2185177057981491,0.38461538461538464,0.1316700998782037
Jharkhand,2017,3,PRE_MONSOON,0,0.08365865051746368,0.23893805309734514,0.10343590482046354
Jharkhand,2017,5,PRE_MONSOON,0,0.5061131119728088,0.38461538461538464,0.21360247062164325
Jharkhand,2017,9,MONSOON,0,0.0008973936783149838,0.018691588785046728,0.08888172013184846
Kerala,2016,4,PRE_MONSOON,0,0.02494550682604313,0.23893805309734514,0.09290892339979294
Kerala,2016,8,MONSOON,1,0.0031897681765258312,0.10215053763440861,0.0892587139028797
Kerala,2016,12,WINTER,0,0.0022320037242025137,0.10215053763440861,0.08910102909332396
Kerala,2016,2,WINTER,1,0.004237774293869734,0.10215053763440861,0.08943154431877269
Kerala,2016,1,WINTER,1,0.0020367952529340982,0.10215053763440861,0.08906892112914819
Kerala,2016,7,MONSOON,1,0.005168079398572445,0.10215053763440861,0.08958521702690599
Kerala,2016,6,MONSOON,0,0.005313868168741465,0.10215053763440861,0.08960932075273216
Kerala,2016,3,PRE_MONSOON,1,0.006584360729902983,0.10215053763440861,0.08981962298069104
Kerala,2016,5,PRE_MONSOON,0,0.006541300565004349,0.10215053763440861,0.08981248803581839
Kerala,2016,11,POST_MONSOON,0,0.0031513283029198647,0.10215053763440861,0.08925238037790716
Kerala,2016,10,POST_MONSOON,0,0.0015107148792594671,0.07692307692307693,0.0889824431967164
Kerala,2016,9,MONSOON,1,0.003396697575226426,0.10215053763440861,0.08929281547875038
Kerala,2017,4,PRE_MONSOON,0,0.022924697026610374,0.2222222222222222,0.0925643026794355
Kerala,2017,8,MONSOON,0,0.008728044107556343,0.13861386138613863,0.09017547148643709
Kerala,2017,2,WINTER,0,0.014064869843423367,0.13861386138613863,0.09106689932065515
Kerala,2017,1,WINTER,0,0.00487257307395339,0.10215053763440861,0.08953637794880849
Kerala,2017,7,MONSOON,0,0.008432910777628422,0.13861386138613863,0.09012640447185633
Kerala,2017,6,MONSOON,0,0.005269628018140793,0.10215053763440861,0.08960200576860797
Kerala,2017,3,PRE_MONSOON,0,0.01265111193060875,0.13861386138613863,0.09082998550284141
Kerala,2017,5,PRE_MONSOON,0,0.011250420473515987,0.13861386138613863,0.09059580856990919
Kerala,2017,9,MONSOON,0,0.004992437548935413,0.10215053763440861,0.08955618535928479
Konkan & Goa,2016,4,PRE_MONSOON,0,0.03147204592823982,0.23893805309734514,0.09402981029356565
Konkan & Goa,2016,8,MONSOON,0,0.0034626666456460953,0.10215053763440861,0.08930368952758731
Konkan & Goa,2016,12,WINTER,0,0.00010454716539243236,0.0,0.08875166688757093
Konkan & Goa,2016,2,WINTER,0,0.0009836461395025253,0.018691588785046728,0.08889587877730583
Konkan & Goa,2016,1,WINTER,0,0.0009662293596193194,0.018691588785046728,0.08889301958751748
Konkan & Goa,2016,7,MONSOON,0,0.022542519494891167,0.2222222222222222,0.09249925687927087
Konkan & Goa,2016,6,MONSOON,0,0.02996056154370308,0.23893805309734514,0.09376915006933557
Konkan & Goa,2016,3,PRE_MONSOON,0,0.04396122694015503,0.23893805309734514,0.09620856355966075
Konkan & Goa,2016,5,PRE_MONSOON,0,0.07613151520490646,0.23893805309734514,0.10202957847505549
Konkan & Goa,2016,11,POST_MONSOON,0,7.690789789194241e-05,0.0,0.08874713622650812
Konkan & Goa,2016,10,POST_MONSOON,0,7.878474571043625e-05,0.0,0.08874744387499141
Konkan & Goa,2016,9,MONSOON,0,0.00012324441922828555,0.0,0.08875473188167352
Konkan & Goa,2017,4,PRE_MONSOON,0,0.023117417469620705,0.2222222222222222,0.09259711886387444
Konkan & Goa,2017,8,MONSOON,0,0.004463582299649715,0.10215053763440861,0.08946882261555805
Konkan & Goa,2017,2,WINTER,0,0.0002461326075717807,0.0,0.08877487901293078
Konkan & Goa,2017,1,WINTER,0,0.00026133653591386974,0.0,0.0887773719359968
Konkan & Goa,2017,7,MONSOON,0,0.014534239657223225,0.13861386138613863,0.09114567794088477
Konkan & Goa,2017,6,MONSOON,0,0.038818761706352234,0.23893805309734514,0.09530604289331006
Konkan & Goa,2017,3,PRE_MONSOON,0,0.011155990883708,0.13861386138613863,0.09058004077675477
Konkan & Goa,2017,5,PRE_MONSOON,0,0.02762393094599247,0.23893805309734514,0.09336746554850625
Konkan & Goa,2017,9,MONSOON,0,0.00016481647617183626,0.0,0.08876154702746049
Lakshadweep,2016,4,PRE_MONSOON,0,0.0704888105392456,0.23893805309734514,0.10098646815850772
Lakshadweep,2016,8,MONSOON,0,0.014912337064743042,0.13861386138613863,0.09120918206338491
Lakshadweep,2016,12,WINTER,0,0.0010391873074695468,0.018691588785046728,0.08890499713304084
Lakshadweep,2016,2,WINTER,0,0.001510236645117402,0.07692307692307693,0.08898236461830171
Lakshadweep,2016,1,WINTER,0,0.0014604581519961357,0.07692307692307693,0.08897418588122281
Lakshadweep,2016,7,MONSOON,0,0.018230153247714043,0.15789473684210525,0.0917681417735945
Lakshadweep,2016,6,MONSOON,0,0.08668410778045654,0.23893805309734514,0.1040059792059453
Lakshadweep,2016,3,PRE_MONSOON,0,0.03977557644248009,0.23893805309734514,0.09547339170056929
Lakshadweep,2016,5,PRE_MONSOON,0,0.0985807478427887,0.23893805309734514,0.10627461697814546
Lakshadweep,2016,11,POST_MONSOON,0,0.0006143861683085561,0.018691588785046728,0.08883527774437701
Lakshadweep,2016,10,POST_MONSOON,0,0.0012420635903254151,0.06896551724137931,0.08893831109741705
Lakshadweep,2016,9,MONSOON,0,0.004758965689688921,0.10215053763440861,0.08951760815866326
Lakshadweep,2017,4,PRE_MONSOON,0,0.04281248897314072,0.23893805309734514,0.09600629592551174
Lakshadweep,2017,8,MONSOON,0,0.019932350143790245,0.15789473684210525,0.09205610825540426
Lakshadweep,2017,2,WINTER,0,0.0016126910923048854,0.08352911461698946,0.0889992002879274
Lakshadweep,2017,1,WINTER,0,0.0022570632863789797,0.10215053763440861,0.08910515165593093
Lakshadweep,2017,7,MONSOON,0,0.012321468442678452,0.13861386138613863,0.09077482453171318
Lakshadweep,2017,6,MONSOON,0,0.022069301456212997,0.2222222222222222,0.09241877306302412
Lakshadweep,2017,3,PRE_MONSOON,0,0.03324032947421074,0.23893805309734514,0.09433558043439876
Lakshadweep,2017,5,PRE_MONSOON,0,0.0452209934592247,0.23893805309734514,0.09643081857648686
Lakshadweep,2017,9,MONSOON,0,0.012955151498317719,0.13861386138613863,0.09088088878071102
Madhya Maharashtra,2016,4,PRE_MONSOON,0,0.002107928739860654,0.10215053763440861,0.0890806199832728
Madhya Maharashtra,2016,8,MONSOON,0,0.0009477495332248509,0.018691588785046728,0.0888899859756303
Madhya Maharashtra,2016,12,WINTER,0,3.4915738069685176e-05,0.0,0.08874025322206326
Madhya Maharashtra,2016,2,WINTER,0,0.0002389755827607587,0.0,0.08877370552807227
Madhya Maharashtra,2016,1,WINTER,0,0.00015840373816899955,0.0,0.08876049571972103
Madhya Maharashtra,2016,7,MONSOON,0,0.00312879029661417,0.10215053763440861,0.08924866710401042
Madhya Maharashtra,2016,6,MONSOON,0,0.003487715497612953,0.10215053763440861,0.0893078187820427
Madhya Maharashtra,2016,3,PRE_MONSOON,0,0.0017007426358759403,0.10215053763440861,0.08901367151897911
Madhya Maharashtra,2016,5,PRE_MONSOON,0,0.003995981067419052,0.10215053763440861,0.08939164257638772
Madhya Maharashtra,2016,11,POST_MONSOON,0,2.028611743298825e-05,0.0,0.08873785536990031
Madhya Maharashtra,2016,10,POST_MONSOON,0,3.869799184030853e-05,0.0,0.0887408731577953
Madhya Maharashtra,2016,9,MONSOON,0,0.00014533403737004846,0.0,0.08875835310069236
Madhya Maharashtra,2017,4,PRE_MONSOON,0,0.0031501557677984238,0.10215053763440861,0.0892521871921636
Madhya Maharashtra,2017,8,MONSOON,0,0.0016892480198293924,0.10215053763440861,0.08901178226358969
Madhya Maharashtra,2017,2,WINTER,0,0.00021765747806057334,0.0,0.08877021023778141
Madhya Maharashtra,2017,1,WINTER,0,8.391181472688913e-05,0.0,0.08874828429700121
Madhya Maharashtra,2017,7,MONSOON,0,0.0024060190189629793,0.10215053763440861,0.08912965999858377
Madhya Maharashtra,2017,6,MONSOON,0,0.007245364133268595,0.10215053763440861,0.08992921346481965
Madhya Maharashtra,2017,3,PRE_MONSOON,0,0.0014019288355484605,0.06896551724137931,0.08896457022858098
Madhya Maharashtra,2017,5,PRE_MONSOON,0,0.006400578655302525,0.10215053763440861,0.08978917438463818
Madhya Maharashtra,2017,9,MONSOON,0,0.00014705240027979016,0.0,0.08875863480279776
Matathwada,2016,4,PRE_MONSOON,0,0.0015535088023170829,0.07692307692307693,0.08898947489847565
Matathwada,2016,8,MONSOON,0,0.0017136296955868602,0.10215053763440861,0.08901578967946575
Matathwada,2016,12,WINTER,0,3.4587814297992736e-05,0.0,0.08874019947343102
Matathwada,2016,2,WINTER,0,0.0006640469073317945,0.018691588785046728,0.08884342563702956
Matathwada,2016,1,WINTER,0,0.00020842331286985427,0.0,0.08876869625394192
Matathwada,2016,7,MONSOON,0,0.0009730189340189099,0.018691588785046728,0.08889413417414119
Matathwada,2016,6,MONSOON,0,0.003178822109475732,0.10215053763440861,0.0892569103387837
Matathwada,2016,3,PRE_MONSOON,0,0.0020399487111717463,0.10215053763440861,0.08906943972820308
Matathwada,2016,5,PRE_MONSOON,0,0.00370744988322258,0.10215053763440861,0.08934404894920131
Matathwada,2016,11,POST_MONSOON,0,5.7245433708885685e-05,0.0,0.0887439132594583
Matathwada,2016,10,POST_MONSOON,0,8.113071817206219e-05,0.0,0.0887478284226373
Matathwada,2016,9,MONSOON,0,0.00016073683218564838,0.0,0.08876087820711637
Matathwada,2017,4,PRE_MONSOON,0,0.0022705583833158016,0.10215053763440861,0.08910737181317317
Matathwada,2017,8,MONSOON,0,0.0012242501834407449,0.06896551724137931,0.08893538553754811
Matathwada,2017,2,WINTER,0,0.00021741211821790785,0.0,0.0887701700096057
Matathwada,2017,1,WINTER,0,0.00014477249351330101,0.0,0.08875826104342947
Matathwada,2017,7,MONSOON,0,0.0031686422880738974,0.10215053763440861,0.08925523305712743
Matathwada,2017,6,MONSOON,0,0.0035680942237377167,0.10215053763440861,0.08932107022138998
Matathwada,2017,3,PRE_MONSOON,0,0.0012969058007001877,0.06896551724137931,0.08894731857609037
Matathwada,2017,5,PRE_MONSOON,0,0.007380182854831219,0.10300257132251094,0.08995158040747674
Matathwada,2017,9,MONSOON,0,0.00033125272602774203,0.0,0.08878883660785654
Naga Mani Mizo Tripura,2016,4,PRE_MONSOON,0,0.7897926568984985,0.5,0.3255555086590561
Naga Mani Mizo Tripura,2016,8,MONSOON,0,0.1808600276708603,0.34808093169662996,0.12318589855811574
Naga Mani Mizo Tripura,2016,12,WINTER,0,0.0015984298661351204,0.07692307692307693,0.088996856661668
Naga Mani Mizo Tripura,2016,2,WINTER,0,0.3182772696018219,0.38461538461538464,0.15655731849749935
Naga Mani Mizo Tripura,2016,1,WINTER,0,0.04162892326712608,0.23893805309734514,0.0957982935140949
Naga Mani Mizo Tripura,2016,7,MONSOON,0,0.25791317224502563,0.38461538461538464,0.14107116550429716
Naga Mani Mizo Tripura,2016,6,MONSOON,0,0.46531400084495544,0.38461538461538464,0.20004048172649336
Naga Mani Mizo Tripura,2016,3,PRE_MONSOON,0,0.5973588228225708,0.38461538461538464,0.24630817822200357
Naga Mani Mizo Tripura,2016,5,PRE_MONSOON,0,0.4087412357330322,0.38461538461538464,0.18231986759913596
Naga Mani Mizo Tripura,2016,11,POST_MONSOON,0,0.002125391038134694,0.10215053763440861,0.08908349210390373
Naga Mani Mizo Tripura,2016,10,POST_MONSOON,0,0.0019394673872739077,0.10215053763440861,0.08905291650463079
Naga Mani Mizo Tripura,2016,9,MONSOON,0,0.06824787706136703,0.23893805309734514,0.10057484194474049
Naga Mani Mizo Tripura,2017,4,PRE_MONSOON,0,0.8503879904747009,0.5,0.35307819851444755
Naga Mani Mizo Tripura,2017,8,MONSOON,0,0.07429757714271545,0.23893805309734514,0.10168951336186684
Naga Mani Mizo Tripura,2017,2,WINTER,0,0.05651888623833656,0.23893805309734514,0.09844463361462323
Naga Mani Mizo Tripura,2017,1,WINTER,0,0.020398402586579323,0.15789473684210525,0.09213509342511624
Naga Mani Mizo Tripura,2017,7,MONSOON,0,0.11525285243988037,0.23893805309734514,0.10952721993415265
Naga Mani Mizo Tripura,2017,6,MONSOON,0,0.23862841725349426,0.38461538461538464,0.13640095921100648
Naga Mani Mizo Tripura,2017,3,PRE_MONSOON,0,0.7984205484390259,0.5,0.32940695214880933
Naga Mani Mizo Tripura,2017,5,PRE_MONSOON,0,0.5202620029449463,0.38461538461538464,0.2184593168600697
Naga Mani Mizo Tripura,2017,9,MONSOON,0,0.00440350454300642,0.10215053763440861,0.08945890310315266
North Interior Karnataka,2016,4,PRE_MONSOON,0,0.009178976528346539,0.13861386138613863,0.09025048715529681
North Interior Karnataka,2016,8,MONSOON,0,0.0016163012478500605,0.09491970871907016,0.08899979357360988
North Interior Karnataka,2016,12,WINTER,0,0.0001758578873705119,0.0,0.0887633571887246
North Interior Karnataka,2016,2,WINTER,0,0.010924959555268288,0.13861386138613863,0.09054147372948504
North Interior Karnataka,2016,1,WINTER,0,0.0009312019683420658,0.018691588785046728,0.08888726963926975
North Interior Karnataka,2016,7,MONSOON,0,0.002126228529959917,0.10215053763440861,0.08908362985290873
North Interior Karnataka,2016,6,MONSOON,0,0.005202729720622301,0.10215053763440861,0.08959094534636736
North Interior Karnataka,2016,3,PRE_MONSOON,0,0.010460183955729008,0.13861386138613863,0.09046393154312722
North Interior Karnataka,2016,5,PRE_MONSOON,0,0.02122098207473755,0.2222222222222222,0.09227465032128326
North Interior Karnataka,2016,11,POST_MONSOON,0,7.90322374086827e-05,0.0,0.08874748444332078
North Interior Karnataka,2016,10,POST_MONSOON,0,0.00016279879491776228,0.0,0.08876121624649172
North Interior Karnataka,2016,9,MONSOON,0,0.0012194535229355097,0.06896551724137931,0.08893459777958496
North Interior Karnataka,2017,4,PRE_MONSOON,0,0.006134082097560167,0.10215053763440861,0.08974503836819611
North Interior Karnataka,2017,8,MONSOON,0,0.004878212697803974,0.10215053763440861,0.08953730979896216
North Interior Karnataka,2017,2,WINTER,0,0.027737945318222046,0.23893805309734514,0.09338702961211753
North Interior Karnataka,2017,1,WINTER,0,0.0027308291755616665,0.10215053763440861,0.08918312353386174
North Interior Karnataka,2017,7,MONSOON,0,0.004893707111477852,0.10215053763440861,0.08953987002744837
North Interior Karnataka,2017,6,MONSOON,0,0.0031235534697771072,0.10215053763440861,0.08924780432482426
North Interior Karnataka,2017,3,PRE_MONSOON,0,0.006561771500855684,0.10215053763440861,0.0898158799470209
North Interior Karnataka,2017,5,PRE_MONSOON,0,0.00840200949460268,0.13861386138613863,0.0901212684098845
North Interior Karnataka,2017,9,MONSOON,0,0.00021445381571538746,0.0,0.08876968497997001
Orissa,2016,4,PRE_MONSOON,0,0.13037198781967163,0.23893805309734514,0.11255200954673636
Orissa,2016,8,MONSOON,0,0.024383272975683212,0.23893805309734514,0.09281292685093928
Orissa,2016,12,WINTER,0,0.000109148706542328,0.0,0.08875242119785087
Orissa,2016,2,WINTER,0,0.0028084111399948597,0.10215053763440861,0.08919589775297194
Orissa,2016,1,WINTER,0,0.001897685695439577,0.10215053763440861,0.08904604670627976
Orissa,2016,7,MONSOON,0,0.07141807675361633,0.23893805309734514,0.10115759878281838
Orissa,2016,6,MONSOON,0,0.1795516312122345,0.3011755254511992,0.12289974072655425
Orissa,2016,3,PRE_MONSOON,0,0.05262134224176407,0.23893805309734514,0.09774571034967633
Orissa,2016,5,PRE_MONSOON,0,0.15965048968791962,0.23893805309734514,0.11861725886187646
Orissa,2016,11,POST_MONSOON,0,0.0002343470841879025,0.0,0.0887729466345682
Orissa,2016,10,POST_MONSOON,0,0.0005913026980124414,0.018691588785046728,0.0888314906433438
Orissa,2016,9,MONSOON,0,0.0016540688229724765,0.10215053763440861,0.08900600043469441
Orissa,2017,4,PRE_MONSOON,0,0.0975680872797966,0.23893805309734514,0.10607982173826982
Orissa,2017,8,MONSOON,0,0.027275748550891876,0.23893805309734514,0.0933077426561293
Orissa,2017,2,WINTER,0,0.0005335425375960767,0.018691588785046728,0.08882201508256014
Orissa,2017,1,WINTER,0,0.0010661121923476458,0.018691588785046728,0.08890941777376885
Orissa,2017,7,MONSOON,0,0.1252492219209671,0.23893805309734514,0.11151904619832882
Orissa,2017,6,MONSOON,0,0.22875458002090454,0.38461538461538464,0.13406059147459895
Orissa,2017,3,PRE_MONSOON,0,0.02290216088294983,0.2222222222222222,0.09256046593653157
Orissa,2017,5,PRE_MONSOON,0,0.2724091410636902,0.38461538461538464,0.14466905052614581
Orissa,2017,9,MONSOON,0,0.001848524552769959,0.10215053763440861,0.08903796418162543
Punjab,2016,4,PRE_MONSOON,0,0.0059972647577524185,0.10215053763440861,0.08972238686540941
Punjab,2016,8,MONSOON,0,0.00189425318967551,0.10215053763440861,0.08904548235061742
Punjab,2016,12,WINTER,0,0.00019091981812380254,0.0,0.08876582653945794
Punjab,2016,2,WINTER,0,0.0008044737041927874,0.018691588785046728,0.08886646926782267
Punjab,2016,1,WINTER,0,0.00027098070131614804,0.0,0.08877895328127722
Punjab,2016,7,MONSOON,0,0.005808457266539335,0.10215053763440861,0.08969113632740304
Punjab,2016,6,MONSOON,0,0.018080202862620354,0.15789473684210525,0.09174281300043167
Punjab,2016,3,PRE_MONSOON,0,0.0021773194894194603,0.10215053763440861,0.08909203355669168
Punjab,2016,5,PRE_MONSOON,0,0.017800087109208107,0.15789473684210525,0.09169551426309515
Punjab,2016,11,POST_MONSOON,0,5.5952328693820164e-05,0.0,0.08874370130423148
Punjab,2016,10,POST_MONSOON,0,6.388784822775051e-05,0.0,0.08874500203706925
Punjab,2016,9,MONSOON,0,0.00012813422654289752,0.0,0.0887555334713284
Punjab,2017,4,PRE_MONSOON,0,0.010439857840538025,0.13861386138613863,0.0904605417419653
Punjab,2017,8,MONSOON,0,0.0017631170339882374,0.10215053763440861,0.08902392400752573
Punjab,2017,2,WINTER,0,0.0004701678117271513,0.018691588785046728,0.08881161950123158
Punjab,2017,1,WINTER,0,0.00030167752993293107,0.0,0.08878398678239013
Punjab,2017,7,MONSOON,0,0.003055785084143281,0.10215053763440861,0.08923664000705388
Punjab,2017,6,MONSOON,0,0.008917930535972118,0.13861386138613863,0.09020705353351673
Punjab,2017,3,PRE_MONSOON,0,0.0021606783848255873,0.10215053763440861,0.08908929626368174
Punjab,2017,5,PRE_MONSOON,0,0.025532402098178864,0.23893805309734514,0.09300922573220465
Punjab,2017,9,MONSOON,0,0.00021375218057073653,0.0,0.08876956994345833
Rayalseema,2016,4,PRE_MONSOON,0,0.0010381062747910619,0.018691588785046728,0.08890481964869537
Rayalseema,2016,8,MONSOON,1,0.004377155099064112,0.10215053763440861,0.08945455282688054
Rayalseema,2016,12,WINTER,0,9.688388672657311e-05,0.0,0.08875041069305015
Rayalseema,2016,2,WINTER,0,0.00010385371570009738,0.0,0.08875155321393294
Rayalseema,2016,1,WINTER,0,0.00015695617184974253,0.0,0.08876025840646991
Rayalseema,2016,7,MONSOON,1,0.009688430465757847,0.13861386138613863,0.09033530590184875
Rayalseema,2016,6,MONSOON,0,0.007688757497817278,0.13861386138613863,0.09000279299267296
Rayalseema,2016,3,PRE_MONSOON,0,0.0013611101312562823,0.06896551724137931,0.08895786476847951
Rayalseema,2016,5,PRE_MONSOON,0,0.004262993112206459,0.10215053763440861,0.08943570695983719
Rayalseema,2016,11,POST_MONSOON,0,7.342534809140489e-05,0.0,0.08874656537767991
Rayalseema,2016,10,POST_MONSOON,0,0.0002741026983130723,0.0,0.08877946519781359
Rayalseema,2016,9,MONSOON,1,0.0024869272019714117,0.10215053763440861,0.08914297472681551
Rayalseema,2017,4,PRE_MONSOON,0,0.0012190017150714993,0.06896551724137931,0.08893452357927707
Rayalseema,2017,8,MONSOON,0,0.003388542914763093,0.10215053763440861,0.08929147138364522
Rayalseema,2017,2,WINTER,0,0.00021762926189694554,0.0,0.08877020561157614
Rayalseema,2017,1,WINTER,0,0.00022924142831470817,0.0,0.08877210951264236
Rayalseema,2017,7,MONSOON,0,0.00382436765357852,0.10215053763440861,0.08936333194623614
Rayalseema,2017,6,MONSOON,0,0.0032026751432567835,0.10215053763440861,0.08926084060317824
Rayalseema,2017,3,PRE_MONSOON,0,0.00104972452390939,0.018691588785046728,0.08890672715388599
Rayalseema,2017,5,PRE_MONSOON,0,0.0026966596487909555,0.10215053763440861,0.08917749789122643
Rayalseema,2017,9,MONSOON,0,0.0009375817026011646,0.018691588785046728,0.0888883168844345
Saurashtra & Kutch,2016,4,PRE_MONSOON,0,0.0015552709810435772,0.07692307692307693,0.08898976446237433
Saurashtra & Kutch,2016,8,MONSOON,0,8.256153523689136e-05,0.0,0.08874806296037173
Saurashtra & Kutch,2016,12,WINTER,0,5.255465293885209e-05,0.0,0.08874314438711259
Saurashtra & Kutch,2016,2,WINTER,0,0.00017610169015824795,0.0,0.08876339715884307
Saurashtra & Kutch,2016,1,WINTER,0,0.00010041164932772517,0.0,0.08875098897565827
Saurashtra & Kutch,2016,7,MONSOON,0,0.00021221168572083116,0.0,0.08876931737226948
Saurashtra & Kutch,2016,6,MONSOON,0,0.0012263077078387141,0.06896551724137931,0.08893572344774277
Saurashtra & Kutch,2016,3,PRE_MONSOON,0,0.0004259615088813007,0.018691588785046728,0.08880436883453706
Saurashtra & Kutch,2016,5,PRE_MONSOON,0,0.0014239575248211622,0.07692307692307693,0.08896818916342891
Saurashtra & Kutch,2016,11,POST_MONSOON,0,1.781942592060659e-05,0.0,0.08873745107525502
Saurashtra & Kutch,2016,10,POST_MONSOON,0,1.8042303054244258e-05,0.0,0.08873748760510188
Saurashtra & Kutch,2016,9,MONSOON,0,6.068437869544141e-05,0.0,0.0887444769454941
Saurashtra & Kutch,2017,4,PRE_MONSOON,0,0.003817262127995491,0.10215053763440861,0.08936215994003066
Saurashtra & Kutch,2017,8,MONSOON,0,9.236906043952331e-05,0.0,0.08874967061263296
Saurashtra & Kutch,2017,2,WINTER,0,0.0003097667940892279,0.0,0.08878531325936827
Saurashtra & Kutch,2017,1,WINTER,0,6.713576294714585e-05,0.0,0.08874553441666899
Saurashtra & Kutch,2017,7,MONSOON,0,0.00046125706285238266,0.018691588785046728,0.08881015792750722
Saurashtra & Kutch,2017,6,MONSOON,0,0.002386226085945964,0.10215053763440861,0.08912640302983127
Saurashtra & Kutch,2017,3,PRE_MONSOON,0,0.0005702248890884221,0.018691588785046728,0.08882803272071947
Saurashtra & Kutch,2017,5,PRE_MONSOON,0,0.0062986258417367935,0.10215053763440861,0.0897722870868995
Saurashtra & Kutch,2017,9,MONSOON,0,5.104185765958391e-05,0.0,0.08874289642403412
South Interior Karnataka,2016,4,PRE_MONSOON,0,0.03439045697450638,0.23893805309734514,0.09453493735038897
South Interior Karnataka,2016,8,MONSOON,1,0.005628970451653004,0.10215053763440861,0.08966143760231998
South Interior Karnataka,2016,12,WINTER,0,0.0003599592891987413,0.0,0.08879354422108057
South Interior Karnataka,2016,2,WINTER,0,0.0019457993330433965,0.10215053763440861,0.08905395765284693
South Interior Karnataka,2016,1,WINTER,0,0.0018679890781641006,0.10215053763440861,0.0890411642418002
South Interior Karnataka,2016,7,MONSOON,1,0.010561325587332249,0.13861386138613863,0.09048080070814168
South Interior Karnataka,2016,6,MONSOON,1,0.013684540055692196,0.13861386138613863,0.09100311004251929
South Interior Karnataka,2016,3,PRE_MONSOON,0,0.02767915092408657,0.23893805309734514,0.09337694044884733
South Interior Karnataka,2016,5,PRE_MONSOON,1,0.031210141256451607,0.23893805309734514,0.09398459754568102
South Interior Karnataka,2016,11,POST_MONSOON,0,0.0012396069942042232,0.06896551724137931,0.08893790763664002
South Interior Karnataka,2016,10,POST_MONSOON,0,0.00021087723143864423,0.0,0.0887690985829
South Interior Karnataka,2016,9,MONSOON,1,0.007055886555463076,0.10215053763440861,0.08989778688045323
South Interior Karnataka,2017,4,PRE_MONSOON,0,0.025948449969291687,0.23893805309734514,0.09308038853451255
South Interior Karnataka,2017,8,MONSOON,0,0.006815870758146048,0.10215053763440861,0.08985799228106153
South Interior Karnataka,2017,2,WINTER,0,0.01534237340092659,0.13861386138613863,0.09128145807465461
South Interior Karnataka,2017,1,WINTER,0,0.0036652316339313984,0.10215053763440861,0.08933708690615895
South Interior Karnataka,2017,7,MONSOON,0,0.01963144540786743,0.15789473684210525,0.09200514415353657
South Interior Karnataka,2017,6,MONSOON,0,0.02094515971839428,0.15789473684210525,0.09222783380147385
South Interior Karnataka,2017,3,PRE_MONSOON,0,0.011215112172067165,0.13861386138613863,0.09058991252282193
South Interior Karnataka,2017,5,PRE_MONSOON,0,0.031591154634952545,0.23893805309734514,0.09405037854283713
South Interior Karnataka,2017,9,MONSOON,0,0.0025064751971513033,0.10215053763440861,0.08914619192943081
Sub Himalayan West Bengal & Sikkim,2016,4,PRE_MONSOON,0,0.037175167351961136,0.23893805309734514,0.09501918749157919
Sub Himalayan West Bengal & Sikkim,2016,8,MONSOON,0,0.002742085140198469,0.10215053763440861,0.0891849767766705
Sub Himalayan West Bengal & Sikkim,2016,12,WINTER,0,0.00024523804313503206,0.0,0.08877473233699648
Sub Himalayan West Bengal & Sikkim,2016,2,WINTER,0,0.045155249536037445,0.23893805309734514,0.09641920833349436
Sub Himalayan West Bengal & Sikkim,2016,1,WINTER,0,0.012276836670935154,0.13861386138613863,0.09076735838181067
Sub Himalayan West Bengal & Sikkim,2016,7,MONSOON,1,0.009710805490612984,0.13861386138613863,0.09033903275464346
Sub Himalayan West Bengal & Sikkim,2016,6,MONSOON,1,0.014615202322602272,0.13861386138613863,0.09115927284276247
Sub Himalayan West Bengal & Sikkim,2016,3,PRE_MONSOON,0,0.05023613199591637,0.23893805309734514,0.09732017023647954
Sub Himalayan West Bengal & Sikkim,2016,5,PRE_MONSOON,1,0.03517584130167961,0.23893805309734514,0.09467128836414805
Sub Himalayan West Bengal & Sikkim,2016,11,POST_MONSOON,0,0.00026449267170391977,0.0,0.08877788944199526
Sub Himalayan West Bengal & Sikkim,2016,10,POST_MONSOON,0,0.00041638631955720484,0.018691588785046728,0.08880279839344757
Sub Himalayan West Bengal & Sikkim,2016,9,MONSOON,0,0.0018470047507435083,0.10215053763440861,0.0890377143233407
Sub Himalayan West Bengal & Sikkim,2017,4,PRE_MONSOON,0,0.04304557666182518,0.23893805309734514,0.0960473068096261
Sub Himalayan West Bengal & Sikkim,2017,8,MONSOON,0,0.019743310287594795,0.15789473684210525,0.09202408769701859
Sub Himalayan West Bengal & Sikkim,2017,2,WINTER,0,0.05556023493409157,0.23893805309734514,0.0982723126819663
Sub Himalayan West Bengal & Sikkim,2017,1,WINTER,0,0.011623024940490723,0.13861386138613863,0.09065804994529132
Sub Himalayan West Bengal & Sikkim,2017,7,MONSOON,0,0.042827628552913666,0.23893805309734514,0.09600895920110944
Sub Himalayan West Bengal & Sikkim,2017,6,MONSOON,0,0.03315950930118561,0.23893805309734514,0.09432158567189716
Sub Himalayan West Bengal & Sikkim,2017,3,PRE_MONSOON,0,0.0993938222527504,0.23893805309734514,0.10643124790260212
Sub Himalayan West Bengal & Sikkim,2017,5,PRE_MONSOON,0,0.04934760928153992,0.23893805309734514,0.09716207384300514
Sub Himalayan West Bengal & Sikkim,2017,9,MONSOON,0,0.0018170453840866685,0.10215053763440861,0.08903278907679289
Tamil Nadu,2016,4,PRE_MONSOON,0,0.022819960489869118,0.2222222222222222,0.09254647265970051
Tamil Nadu,2016,8,MONSOON,1,0.04075875133275986,0.23893805309734514,0.09564562469826933
Tamil Nadu,2016,12,WINTER,0,0.0026936824433505535,0.10215053763440861,0.08917700774174582
Tamil Nadu,2016,2,WINTER,0,0.0005351425497792661,0.018691588785046728,0.08882227755245282
Tamil Nadu,2016,1,WINTER,0,0.0010833946289494634,0.018691588785046728,0.08891225538134671
Tamil Nadu,2016,7,MONSOON,1,0.012825241312384605,0.13861386138613863,0.09085913566062546
Tamil Nadu,2016,6,MONSOON,1,0.010168462060391903,0.13861386138613863,0.09041529182723493
Tamil Nadu,2016,3,PRE_MONSOON,0,0.018798062577843666,0.15789473684210525,0.09186412681110476
Tamil Nadu,2016,5,PRE_MONSOON,0,0.017682630568742752,0.15789473684210525,0.09167568775079753
Tamil Nadu,2016,11,POST_MONSOON,0,0.0046800472773611546,0.10215053763440861,0.08950457164003395
Tamil Nadu,2016,10,POST_MONSOON,1,0.021274292841553688,0.2222222222222222,0.09228370144956739
Tamil Nadu,2016,9,MONSOON,1,0.036922045052051544,0.23893805309734514,0.09497507895587946
Tamil Nadu,2017,4,PRE_MONSOON,0,0.02969231829047203,0.23893805309734514,0.09372295841755687
Tamil Nadu,2017,8,MONSOON,0,0.03268514573574066,0.23893805309734514,0.09423948271066522
Tamil Nadu,2017,2,WINTER,0,0.006474989000707865,0.10215053763440861,0.0898015014003539
Tamil Nadu,2017,1,WINTER,0,0.004652680363506079,0.10215053763440861,0.08950005130411924
Tamil Nadu,2017,7,MONSOON,0,0.03148298338055611,0.23893805309734514,0.09403169885594473
Tamil Nadu,2017,6,MONSOON,0,0.031459443271160126,0.23893805309734514,0.09402763424357477
Tamil Nadu,2017,3,PRE_MONSOON,0,0.0078336326405406,0.13861386138613863,0.09002684625539033
Tamil Nadu,2017,5,PRE_MONSOON,0,0.03950647637248039,0.23893805309734514,0.09542629901376176
Tamil Nadu,2017,9,MONSOON,0,0.0045390501618385315,0.10215053763440861,0.08948128461273443
Telangana,2016,4,PRE_MONSOON,0,0.0029493214096874,0.10215053763440861,0.0892191034835699
Telangana,2016,8,MONSOON,0,0.0008431708556599915,0.018691588785046728,0.08887282030627922
Telangana,2016,12,WINTER,0,3.1805735488887876e-05,0.0,0.0887397434755558
Telangana,2016,2,WINTER,0,0.0002741813659667969,0.0,0.08877947809705093
Telangana,2016,1,WINTER,0,0.00015477104170713574,0.0,0.08875990017848327
Telangana,2016,7,MONSOON,0,0.003095925785601139,0.10215053763440861,0.08924325272527447
Telangana,2016,6,MONSOON,0,0.005042545031756163,0.10215053763440861,0.08956446671065216
Telangana,2016,3,PRE_MONSOON,0,0.0018059940775856376,0.10215053763440861,0.0890309723311177
Telangana,2016,5,PRE_MONSOON,0,0.00259987055324018,0.10215053763440861,0.08916156435218692
Telangana,2016,11,POST_MONSOON,0,2.7106681955046952e-05,0.0,0.08873897327988149
Telangana,2016,10,POST_MONSOON,0,0.00010609680612105876,0.0,0.08875192091267256
Telangana,2016,9,MONSOON,0,6.452245725085959e-05,0.0,0.08874510605832318
Telangana,2017,4,PRE_MONSOON,0,0.0014124473091214895,0.06896551724137931,0.08896629821634555
Telangana,2017,8,MONSOON,0,0.003031408414244652,0.10215053763440861,0.08923262444716486
Telangana,2017,2,WINTER,0,0.00018853391520678997,0.0,0.08876543537490773
Telangana,2017,1,WINTER,0,7.926265971036628e-05,0.0,0.08874752221368486
Telangana,2017,7,MONSOON,0,0.0056792329996824265,0.10215053763440861,0.08966975338401015
Telangana,2017,6,MONSOON,0,0.005121806636452675,0.10215053763440861,0.08957756782467034
Telangana,2017,3,PRE_MONSOON,0,0.0006497536087408662,0.018691588785046728,0.0888410804505203
Telangana,2017,5,PRE_MONSOON,0,0.007791156880557537,0.13861386138613863,0.09001979350959535
Telangana,2017,9,MONSOON,0,0.00020521714759524912,0.0,0.0887681705938547
Uttarakhand,2016,4,PRE_MONSOON,0,0.0236359816044569,0.2324078675700971,0.0926854711638082
Uttarakhand,2016,8,MONSOON,0,0.0015820785192772746,0.07692307692307693,0.08899416962282929
Uttarakhand,2016,12,WINTER,0,0.0001712270313873887,0.0,0.08876259798858599
Uttarakhand,2016,2,WINTER,0,0.0006085328059270978,0.018691588785046728,0.08883431742113494
Uttarakhand,2016,1,WINTER,0,0.0005981486174277961,0.018691588785046728,0.08883261377766112
Uttarakhand,2016,7,MONSOON,0,0.0033322700764983892,0.10215053763440861,0.08928219668848388
Uttarakhand,2016,6,MONSOON,0,0.023711493238806725,0.23578793602180462,0.09269834305194857
Uttarakhand,2016,3,PRE_MONSOON,0,0.0020092958584427834,0.10215053763440861,0.08906439885714737
Uttarakhand,2016,5,PRE_MONSOON,0,0.013722525909543037,0.13861386138613863,0.09100947925864589
Uttarakhand,2016,11,POST_MONSOON,0,6.988363020354882e-05,0.0,0.08874598483360047
Uttarakhand,2016,10,POST_MONSOON,0,7.738350541330874e-05,0.0,0.08874721418688417
Uttarakhand,2016,9,MONSOON,0,0.0003304622950963676,0.0,0.08878870698761597
Uttarakhand,2017,4,PRE_MONSOON,0,0.01829666830599308,0.15789473684210525,0.09177937913459784
Uttarakhand,2017,8,MONSOON,0,0.0019935937598347664,0.10215053763440861,0.0890618167419014
Uttarakhand,2017,2,WINTER,0,0.0011693270644173026,0.06896551724137931,0.08892636586284577
Uttarakhand,2017,1,WINTER,0,0.00039975938852876425,0.0019939239653250763,0.08880007144523083
Uttarakhand,2017,7,MONSOON,0,0.006308251991868019,0.10215053763440861,0.08977388142430567
Uttarakhand,2017,6,MONSOON,0,0.020591214299201965,0.15789473684210525,0.09216778837922836
Uttarakhand,2017,3,PRE_MONSOON,0,0.005039323586970568,0.10215053763440861,0.08956393427606812
Uttarakhand,2017,5,PRE_MONSOON,0,0.02484116330742836,0.23893805309734514,0.09289110091743226
Uttarakhand,2017,9,MONSOON,0,0.0003222603991162032,0.0,0.08878736199500545
Vidarbha,2016,4,PRE_MONSOON,0,0.0034717281814664602,0.10215053763440861,0.08930518328423703
Vidarbha,2016,8,MONSOON,0,0.002181349089369178,0.10215053763440861,0.08909269639644547
Vidarbha,2016,12,WINTER,0,3.0197952582966536e-05,0.0,0.08873947995214171
Vidarbha,2016,2,WINTER,0,0.00027161388425156474,0.0,0.08877905710461306
Vidarbha,2016,1,WINTER,0,9.572732960805297e-05,0.0,0.08875022110709124
Vidarbha,2016,7,MONSOON,0,0.001392423757351935,0.06896551724137931,0.08896300874870329
Vidarbha,2016,6,MONSOON,0,0.003373199375346303,0.10215053763440861,0.08928894242822104
Vidarbha,2016,3,PRE_MONSOON,0,0.002147073857486248,0.10215053763440861,0.08908705851321895
Vidarbha,2016,5,PRE_MONSOON,0,0.004565673880279064,0.10215053763440861,0.08948568135699275
Vidarbha,2016,11,POST_MONSOON,0,4.4033506128471345e-05,0.0,0.08874174768956827
Vidarbha,2016,10,POST_MONSOON,0,5.3264917369233444e-05,0.0,0.08874326080714869
Vidarbha,2016,9,MONSOON,0,0.0003089889942202717,0.0,0.08878518571502217
Vidarbha,2017,4,PRE_MONSOON,0,0.0020242445170879364,0.10215053763440861,0.08906685713650213
Vidarbha,2017,8,MONSOON,0,0.002313228091225028,0.10215053763440861,0.0891143919844882
Vidarbha,2017,2,WINTER,0,0.00013350514927878976,0.0,0.08875641393811326
Vidarbha,2017,1,WINTER,0,8.54217360028997e-05,0.0,0.08874853180256234
Vidarbha,2017,7,MONSOON,0,0.0037195291370153427,0.10215053763440861,0.0893460409807765
Vidarbha,2017,6,MONSOON,0,0.006019015796482563,0.10215053763440861,0.08972598762663178
Vidarbha,2017,3,PRE_MONSOON,0,0.0019906472880393267,0.10215053763440861,0.08906133221994293
Vidarbha,2017,5,PRE_MONSOON,0,0.004245131276547909,0.10215053763440861,0.08943275865096664
Vidarbha,2017,9,MONSOON,0,0.00031382672023028135,0.0,0.08878597901251827
West Madhya Pradesh,2016,4,PRE_MONSOON,0,0.01973872072994709,0.15789473684210525,0.09202331041823394
West Madhya Pradesh,2016,8,MONSOON,0,0.0007349558873102069,0.018691588785046728,0.08885506092124278
West Madhya Pradesh,2016,12,WINTER,0,0.00013636244693771005,0.0,0.08875688234420685
West Madhya Pradesh,2016,2,WINTER,0,0.0007144514238461852,0.018691588785046728,0.08885169625175292
West Madhya Pradesh,2016,1,WINTER,0,0.0007182011613622308,0.018691588785046728,0.08885231155442967
West Madhya Pradesh,2016,7,MONSOON,0,0.008928029797971249,0.13861386138613863,0.09020873352906231
West Madhya Pradesh,2016,6,MONSOON,0,0.044682469218969345,0.23893805309734514,0.09633575306410928
West Madhya Pradesh,2016,3,PRE_MONSOON,0,0.006475893780589104,0.10215053763440861,0.0898016512979815
West Madhya Pradesh,2016,5,PRE_MONSOON,0,0.03421535715460777,0.23893805309734514,0.09450456215875883
West Madhya Pradesh,2016,11,POST_MONSOON,0,6.755332287866622e-05,0.0,0.08874560286091328
West Madhya Pradesh,2016,10,POST_MONSOON,0,3.8653655792586505e-05,0.0,0.08874086589080915
West Madhya Pradesh,2016,9,MONSOON,0,0.00018742552492767572,0.0,0.08876525365681726
West Madhya Pradesh,2017,4,PRE_MONSOON,0,0.014803714118897915,0.13861386138613863,0.09119093400063126
West Madhya Pradesh,2017,8,MONSOON,0,0.0013683965662494302,0.06896551724137931,0.08895906170833884
West Madhya Pradesh,2017,2,WINTER,0,0.0009608897380530834,0.018691588785046728,0.08889214303616508
West Madhya Pradesh,2017,1,WINTER,0,0.0003068781807087362,0.0,0.08878483958269225
West Madhya Pradesh,2017,7,MONSOON,0,0.015895213931798935,0.13861386138613863,0.0913744494179743
West Madhya Pradesh,2017,6,MONSOON,0,0.02908012643456459,0.23893805309734514,0.093617615010786
West Madhya Pradesh,2017,3,PRE_MONSOON,0,0.004469913896173239,0.10215053763440861,0.08946986809103044
West Madhya Pradesh,2017,5,PRE_MONSOON,0,0.034818537533283234,0.23893805309734514,0.09460923483626915
West Madhya Pradesh,2017,9,MONSOON,0,0.0002357760677114129,0.0,0.08877318093158795
West Rajasthan,2016,4,PRE_MONSOON,0,0.0014681805623695254,0.07692307692307693,0.08897545464906212
West Rajasthan,2016,8,MONSOON,0,8.379491191590205e-05,0.0,0.0887482651343753
West Rajasthan,2016,12,WINTER,0,7.171253673732281e-05,0.0,0.08874628462013848
West Rajasthan,2016,2,WINTER,0,0.00021040663705207407,0.0,0.08876902142709515
West Rajasthan,2016,1,WINTER,0,9.443092130823061e-05,0.0,0.08875000859678446
West Rajasthan,2016,7,MONSOON,0,0.0005429192679002881,0.018691588785046728,0.08882355327418992
West Rajasthan,2016,6,MONSOON,0,0.0035823395010083914,0.10215053763440861,0.0893234189186884
West Rajasthan,2016,3,PRE_MONSOON,0,0.00016635621432214975,0.0,0.0887617994546396
West Rajasthan,2016,5,PRE_MONSOON,0,0.0033210560213774443,0.10215053763440861,0.089280348530423
West Rajasthan,2016,11,POST_MONSOON,0,2.7534928449313156e-05,0.0,0.08873904347112761
West Rajasthan,2016,10,POST_MONSOON,0,1.222780701937154e-05,0.0,0.08873653460621807
West Rajasthan,2016,9,MONSOON,0,7.51763436710462e-05,0.0,0.08874685239506352
West Rajasthan,2017,4,PRE_MONSOON,0,0.001547567080706358,0.07692307692307693,0.08898849855197535
West Rajasthan,2017,8,MONSOON,0,0.0001871016138466075,0.0,0.08876520055238825
West Rajasthan,2017,2,WINTER,0,0.00017547362949699163,0.0,0.08876329419180469
West Rajasthan,2017,1,WINTER,0,9.38497469178401e-05,0.0,0.08874991332945648
West Rajasthan,2017,7,MONSOON,0,0.00019605978741310537,0.0,0.08876666923358989
West Rajasthan,2017,6,MONSOON,0,0.00029801015625707805,0.0,0.08878338541260078
West Rajasthan,2017,3,PRE_MONSOON,0,0.0004487204714678228,0.018691588785046728,0.08880810166654717
West Rajasthan,2017,5,PRE_MONSOON,0,0.0011476196814328432,0.06896551724137931,0.08892280122493292
West Rajasthan,2017,9,MONSOON,0,4.199832255835645e-05,0.0,0.08874141410643156
West Uttar Pradesh,2016,4,PRE_MONSOON,0,0.006065772846341133,0.10215053763440861,0.08973372843229732
West Uttar Pradesh,2016,8,MONSOON,0,0.0005225168424658477,0.018691588785046728,0.0888202064197281
West Uttar Pradesh,2016,12,WINTER,0,0.00017163061420433223,0.0,0.0887626641532545
West Uttar Pradesh,2016,2,WINTER,0,0.0004121131787542254,0.018691588785046728,0.08880209755733702
West Uttar Pradesh,2016,1,WINTER,0,0.00025611676392145455,0.0,0.08877651606519847
West Uttar Pradesh,2016,7,MONSOON,0,0.008950136601924896,0.13861386138613863,0.09021241105774526
West Uttar Pradesh,2016,6,MONSOON,0,0.014869424514472485,0.13861386138613863,0.09120197259635662
West Uttar Pradesh,2016,3,PRE_MONSOON,0,0.0014262184267863631,0.07692307692307693,0.08896856059826026
West Uttar Pradesh,2016,5,PRE_MONSOON,0,0.017706790938973427,0.15789473684210525,0.09167976567519305
West Uttar Pradesh,2016,11,POST_MONSOON,0,8.42861772980541e-05,0.0,0.08874834566227371
West Uttar Pradesh,2016,10,POST_MONSOON,0,5.9636367950588465e-05,0.0,0.08874430516310099
West Uttar Pradesh,2016,9,MONSOON,0,0.00017867598216980696,0.0,0.0887638192007703
West Uttar Pradesh,2017,4,PRE_MONSOON,0,0.03014039434492588,0.23893805309734514,0.09380012881457862
West Uttar Pradesh,2017,8,MONSOON,0,0.0013122782111167908,0.06896551724137931,0.08894984354287401
West Uttar Pradesh,2017,2,WINTER,0,0.0006376398960128427,0.018691588785046728,0.08883909292536661
West Uttar Pradesh,2017,1,WINTER,0,0.0005058248061686754,0.018691588785046728,0.08881746830953337
West Uttar Pradesh,2017,7,MONSOON,0,0.02175360918045044,0.2222222222222222,0.09236511584166124
West Uttar Pradesh,2017,6,MONSOON,0,0.05897769331932068,0.23893805309734514,0.09888784386161294
West Uttar Pradesh,2017,3,PRE_MONSOON,0,0.004272108897566795,0.10215053763440861,0.0894372116626421
West Uttar Pradesh,2017,5,PRE_MONSOON,0,0.07602714747190475,0.23893805309734514,0.10201019866139599
West Uttar Pradesh,2017,9,MONSOON,0,0.00017709771054796875,0.0,0.08876356045104532
