subdivision,month,historical_mean_mm,historical_std_mm,historical_min_mm,historical_max_mm,observations,coefficient_of_variation
Andaman & Nicobar Islands,APR,71.91636363636364,65.75433780963796,0.0,323.1,110,0.9143167769454638
Andaman & Nicobar Islands,AUG,398.6136363636364,139.53979372396645,101.3,924.9,110,0.35006277004701086
Andaman & Nicobar Islands,DEC,157.46697247706425,131.2184579771359,0.4,617.5,109,0.8333078099678867
Andaman & Nicobar Islands,FEB,27.685714285714287,38.125120840790004,0.0,173.8,112,1.3770683482225492
Andaman & Nicobar Islands,JAN,54.38214285714286,74.5418139073099,0.0,583.7,112,1.370703874305298
Andaman & Nicobar Islands,JUL,399.0472727272727,149.61514402883475,45.3,918.5,110,0.37493087725245183
Andaman & Nicobar Islands,JUN,470.08363636363634,146.56193889141093,148.8,965.6,110,0.31177843165346214
Andaman & Nicobar Islands,MAR,31.594545454545454,48.4038588126673,0.0,272.8,110,1.5320321313786625
Andaman & Nicobar Islands,MAY,354.8297297297297,149.5189915541863,62.0,973.1,111,0.4213823674472639
Andaman & Nicobar Islands,NOV,233.01818181818183,116.6866046428891,22.8,648.9,110,0.5007618020723237
Andaman & Nicobar Islands,OCT,289.9890909090909,98.6924017091958,82.3,618.6,110,0.34033142901963515
Andaman & Nicobar Islands,SEP,440.3825688073394,152.3253096865977,126.2,868.9,109,0.3458931403645944
Arunachal Pradesh,APR,265.3878787878788,113.84073216804518,86.7,595.1,99,0.4289598028666436
Arunachal Pradesh,AUG,491.30707070707075,270.4712664404542,145.7,1664.6,99,0.5505136859748468
Arunachal Pradesh,DEC,24.079381443298967,24.920999922021632,0.0,127.6,97,1.0349518313294082
Arunachal Pradesh,FEB,90.88367346938776,46.17464090445279,6.1,208.5,98,0.5080631002443551
Arunachal Pradesh,JAN,46.71632653061224,34.17645145109692,0.6,164.5,98,0.7315740339451091
Arunachal Pradesh,JUL,691.1653061224489,350.08934679976886,233.0,2362.8,98,0.5065204281792264
Arunachal Pradesh,JUN,641.8173469387755,306.8225844943219,239.4,1609.9,98,0.47805280732555594
Arunachal Pradesh,MAR,153.9721649484536,85.60153418391037,28.5,605.6,97,0.5559546052532796
Arunachal Pradesh,MAY,356.6939393939394,176.13669136363075,101.8,1168.6,99,0.49380343176815833
Arunachal Pradesh,NOV,35.149484536082475,35.07315308665393,0.0,231.4,97,0.9978283764204228
Arunachal Pradesh,OCT,194.79381443298968,144.78071839742177,8.7,948.3,97,0.7432511079412496
Arunachal Pradesh,SEP,432.0050505050505,200.429770067558,152.5,1222.0,99,0.4639523770225339
Assam & Meghalaya,APR,205.10256410256412,75.24028916782788,45.9,457.1,117,0.3668422649762829
Assam & Meghalaya,AUG,403.3897435897436,101.8121151457474,185.3,773.4,117,0.25239143226529975
Assam & Meghalaya,DEC,8.955555555555556,9.665245634751173,0.0,45.6,117,1.0792457904809003
Assam & Meghalaya,FEB,31.363247863247864,20.840199045522567,0.5,96.9,117,0.664478345367527
Assam & Meghalaya,JAN,16.86068376068376,15.598153942854664,0.1,83.9,117,0.9251198921853276
Assam & Meghalaya,JUL,494.5658119658119,122.76312076964427,287.8,995.2,117,0.24822403368660384
Assam & Meghalaya,JUN,508.74188034188035,106.15692778676056,273.1,780.5,117,0.20866559622616856
Assam & Meghalaya,MAR,79.22136752136751,48.403656226000095,4.4,253.8,117,0.6109924347486769
Assam & Meghalaya,MAY,340.8495726495727,105.07493928713502,159.7,681.2,117,0.3082736424468472
Assam & Meghalaya,NOV,26.892307692307693,26.2632861412846,1.0,126.9,117,0.9766096105168758
Assam & Meghalaya,OCT,152.4974358974359,68.62597208850917,28.1,346.3,117,0.4500139407895648
Assam & Meghalaya,SEP,310.69316239316237,85.92695848348993,137.4,549.8,117,0.276565334819808
Bihar,APR,16.848717948717947,15.892297068101762,0.1,91.4,117,0.9432347978328546
Bihar,AUG,298.7401709401709,83.23108883251729,150.8,539.8,117,0.27860695322821544
Bihar,DEC,3.6316239316239316,7.262131937051715,0.0,44.4,117,1.9996927197812442
Bihar,FEB,14.152991452991454,15.05676942870669,0.0,66.3,117,1.0638577348624207
Bihar,JAN,13.242735042735044,14.715305873063365,0.0,81.2,117,1.1111983910858485
Bihar,JUL,325.18888888888887,96.3958539115713,115.0,580.1,117,0.29643034311823613
Bihar,JUN,173.15897435897435,76.07563517910653,48.1,446.0,117,0.4393398347428115
Bihar,MAR,10.194017094017095,11.66101884262182,0.0,65.5,117,1.1439081115005891
Bihar,MAY,53.57350427350428,27.953234940677056,1.3,118.7,117,0.5217735020276025
Bihar,NOV,7.055555555555555,14.102967677691375,0.0,78.7,117,1.9988458125861792
Bihar,OCT,62.94444444444444,56.813828520098085,1.0,236.0,117,0.9026027478921144
Bihar,SEP,217.83504273504275,79.79678534299329,79.2,449.2,117,0.36631748657653657
Chhattisgarh,APR,16.53076923076923,17.078406720983107,0.0,112.8,117,1.033128373070174
Chhattisgarh,AUG,388.8282051282051,85.44347480801505,208.3,590.0,117,0.21974608241149193
Chhattisgarh,DEC,5.158974358974359,10.515900553744006,0.0,57.6,117,2.0383703856660844
Chhattisgarh,FEB,18.966666666666665,22.947244594564268,0.0,116.5,117,1.2098722984831776
Chhattisgarh,JAN,14.023931623931624,18.21380988744458,0.0,99.5,117,1.2987663071861384
Chhattisgarh,JUL,398.08290598290597,91.68031817003215,138.4,630.6,117,0.2303045842766456
Chhattisgarh,JUN,197.85982905982905,89.39204822677138,37.2,431.2,117,0.45179483198553116
Chhattisgarh,MAR,15.245299145299146,20.522126392676316,0.0,102.9,117,1.3461281538056449
Chhattisgarh,MAY,20.98974358974359,20.45834027976494,0.0,122.3,117,0.9746827155030939
Chhattisgarh,NOV,11.572649572649572,19.567895169576136,0.0,124.5,117,1.6908742502514091
Chhattisgarh,OCT,63.78034188034188,49.06549851687737,0.1,223.3,117,0.7692887349040715
Chhattisgarh,SEP,218.10256410256412,75.00764037122056,72.8,401.2,117,0.3439099429200096
Coastal Andhra Pradesh,APR,26.384615384615383,21.303256248528083,1.1,112.2,117,0.8074120444048545
Coastal Andhra Pradesh,AUG,175.89572649572648,55.27078387851252,45.5,336.2,117,0.31422471130846585
Coastal Andhra Pradesh,DEC,11.550427350427348,23.724080680315986,0.0,138.2,117,2.0539569628510956
Coastal Andhra Pradesh,FEB,12.71025641025641,19.890399627646502,0.0,127.1,117,1.5649093917252646
Coastal Andhra Pradesh,JAN,7.377777777777778,11.453354508698125,0.0,54.1,117,1.552412508709083
Coastal Andhra Pradesh,JUL,173.2863247863248,53.51492847792149,64.6,329.6,117,0.30882372595707974
Coastal Andhra Pradesh,JUN,124.47435897435898,50.58058806097617,44.3,300.1,117,0.4063534729381132
Coastal Andhra Pradesh,MAR,13.132478632478632,19.882763411366742,0.0,96.6,117,1.5140145259550335
Coastal Andhra Pradesh,MAY,62.77606837606838,63.46723652401516,10.5,507.7,117,1.011010057906243
Coastal Andhra Pradesh,NOV,77.08290598290598,75.72266923656383,0.0,345.9,117,0.9823535876210505
Coastal Andhra Pradesh,OCT,183.9017094017094,100.55803349559412,13.4,527.2,117,0.5468031473048364
Coastal Andhra Pradesh,SEP,181.73162393162391,63.03085950489902,71.7,398.1,117,0.34683484437807166
Coastal Karnataka,APR,30.5017094017094,24.134983133324525,0.0,110.1,117,0.7912665751110963
Coastal Karnataka,AUG,710.7914529914531,239.73472177152524,278.3,1579.1,117,0.33727856569261244
Coastal Karnataka,DEC,12.508547008547009,23.604812384304225,0.0,159.8,117,1.8870946696027293
Coastal Karnataka,FEB,1.4923076923076923,4.692476624345243,0.0,29.8,117,3.1444430987880496
Coastal Karnataka,JAN,1.918103448275862,4.184351783738428,0.0,23.0,116,2.1815047501737426
Coastal Karnataka,JUL,1121.2948717948718,295.2761500715238,360.6,1904.9,117,0.26333496879270596
Coastal Karnataka,JUN,842.2820512820513,192.17429212664385,405.4,1361.6,117,0.22815907312061584
Coastal Karnataka,MAR,6.271794871794872,16.4434603191635,0.0,161.4,117,2.621810925786494
Coastal Karnataka,MAY,122.5974358974359,124.33695213323551,8.4,699.5,117,1.0141888467981899
Coastal Karnataka,NOV,62.809401709401705,55.03297598102994,0.0,255.2,117,0.8761901002599785
Coastal Karnataka,OCT,183.64615384615382,81.27568404495977,25.1,361.1,117,0.44256676408832923
Coastal Karnataka,SEP,299.165811965812,147.8216948768843,54.7,716.5,117,0.494112926559192
East Madhya Pradesh,APR,7.066666666666666,10.424101714379235,0.0,72.4,117,1.4751087331668729
East Madhya Pradesh,AUG,368.53675213675217,108.16735963016035,162.6,713.0,117,0.2935049462584478
East Madhya Pradesh,DEC,8.260683760683762,16.190178787882896,0.0,102.6,117,1.959907830504189
East Madhya Pradesh,FEB,18.449572649572648,20.701480972891037,0.0,103.1,117,1.1220574788419584
East Madhya Pradesh,JAN,19.28205128205128,22.167550124327878,0.0,120.7,117,1.1496468814478555
East Madhya Pradesh,JUL,372.7735042735043,109.64114143592644,84.7,624.4,117,0.2941226781919635
East Madhya Pradesh,JUN,140.4820512820513,78.79416617581644,26.3,356.6,117,0.560884222978908
East Madhya Pradesh,MAR,13.571794871794873,17.24242885399693,0.0,87.3,117,1.270460467231967
East Madhya Pradesh,MAY,9.364957264957265,12.068099272100037,0.0,74.2,117,1.2886443504934784
East Madhya Pradesh,NOV,12.494017094017094,23.206016203437166,0.0,108.9,117,1.8573702940225396
East Madhya Pradesh,OCT,39.41623931623931,41.33014879635012,0.0,177.9,117,1.0485563694891178
East Madhya Pradesh,SEP,193.34017094017094,99.50268239308329,20.1,538.7,117,0.5146508452393702
East Rajasthan,APR,3.0965811965811967,5.89858153059629,0.0,43.2,117,1.9048690010482083
East Rajasthan,AUG,219.01538461538462,95.1878257712945,30.9,435.8,117,0.43461707467927385
East Rajasthan,DEC,3.617948717948718,6.7006254904198865,0.0,37.7,117,1.8520509860125838
East Rajasthan,FEB,5.328205128205128,7.436592264557996,0.0,35.7,117,1.3957030717890369
East Rajasthan,JAN,6.38974358974359,8.172529518257516,0.0,39.2,117,1.2790074286197557
East Rajasthan,JUL,224.82478632478632,84.29140536420613,13.5,440.6,117,0.3749204291133501
East Rajasthan,JUN,63.611111111111114,42.70327003908075,5.1,209.1,117,0.6713177822737585
East Rajasthan,MAR,4.51880341880342,9.067352687678296,0.0,57.4,117,2.0065826829172697
East Rajasthan,MAY,9.862393162393163,12.160235694855407,0.0,90.9,117,1.2329903599082093
East Rajasthan,NOV,4.794017094017094,10.547325944802889,0.0,58.1,117,2.200101864043391
East Rajasthan,OCT,14.394017094017093,24.904764433386305,0.0,161.9,117,1.7302163996830342
East Rajasthan,SEP,97.04358974358975,70.36038925885661,3.3,337.2,117,0.7250390205552376
East Uttar Pradesh,APR,6.337606837606837,9.032753871287714,0.0,66.6,117,1.4252625798255731
East Uttar Pradesh,AUG,274.4025641025641,81.40342433441421,41.5,460.7,117,0.296656937593294
East Uttar Pradesh,DEC,5.677777777777777,8.44317834327799,0.0,43.0,117,1.4870568510665738
East Uttar Pradesh,FEB,15.614529914529916,17.227935738799875,0.0,84.3,117,1.1033272108159096
East Uttar Pradesh,JAN,15.866666666666667,14.57760445766512,0.0,62.6,117,0.918756583466289
East Uttar Pradesh,JUL,291.30256410256413,100.3523623603338,85.9,598.8,117,0.3444952936459596
East Uttar Pradesh,JUN,109.9128205128205,64.21520061005741,17.3,309.7,117,0.5842375831176781
East Uttar Pradesh,MAR,8.873504273504274,11.811576679202844,0.0,63.7,117,1.3311062140885501
East Uttar Pradesh,MAY,17.473504273504275,14.142942636075038,0.2,68.7,117,0.8093936061537758
East Uttar Pradesh,NOV,4.511965811965812,10.401899382201396,0.0,72.9,117,2.3054029697244998
East Uttar Pradesh,OCT,42.43418803418803,49.999460621906515,0.0,324.7,117,1.1782824872629436
East Uttar Pradesh,SEP,183.45213675213677,82.01694799446005,21.9,387.4,117,0.4470754576452474
Gangetic West Bengal,APR,44.38803418803418,31.791131821336275,0.9,174.2,117,0.7162095011160983
Gangetic West Bengal,AUG,311.88205128205124,81.2081230175395,167.1,573.4,117,0.260380880155552
Gangetic West Bengal,DEC,5.712820512820513,12.125582378203946,0.0,72.8,117,2.1225211523786083
Gangetic West Bengal,FEB,22.392307692307693,24.089875373083938,0.0,123.6,117,1.0758103052218866
Gangetic West Bengal,JAN,12.476923076923077,14.652758858831545,0.0,60.0,117,1.174388811127066
Gangetic West Bengal,JUL,327.8410256410257,92.69986529939081,148.9,633.1,117,0.2827585873919693
Gangetic West Bengal,JUN,246.10256410256412,99.17337088840283,69.7,597.1,117,0.40297577252007816
Gangetic West Bengal,MAR,29.01965811965812,30.522589823559905,0.1,152.5,117,1.0517901243944596
Gangetic West Bengal,MAY,107.8102564102564,50.56148933965486,16.4,250.9,117,0.46898589265246154
Gangetic West Bengal,NOV,21.56153846153846,30.88506738325018,0.0,160.5,117,1.4324148269077859
Gangetic West Bengal,OCT,116.28888888888888,76.97076222532742,4.1,358.3,117,0.6618926619796931
Gangetic West Bengal,SEP,245.14358974358973,89.33635625584702,101.1,591.8,117,0.36442460661235004
Gujarat Region,APR,1.0974358974358975,3.9486021432833223,0.0,40.4,117,3.598025317477793
Gujarat Region,AUG,258.8957264957265,138.06281703303378,32.0,624.8,117,0.533275766663969
Gujarat Region,DEC,1.4102564102564104,3.6063015875802122,0.0,21.1,117,2.557195671193241
Gujarat Region,FEB,1.170940170940171,2.850077428744332,0.0,14.6,117,2.434007731117422
Gujarat Region,JAN,1.7555555555555555,4.727076162084295,0.0,44.1,117,2.6926383201745985
Gujarat Region,JUL,350.382905982906,155.89287894344488,45.8,903.3,117,0.44492147385480724
Gujarat Region,JUN,120.65982905982906,83.98088766543239,2.6,367.3,117,0.6960136469594246
Gujarat Region,MAR,1.205128205128205,4.7443586491793,0.0,42.1,117,3.936808240808355
Gujarat Region,MAY,5.715384615384615,13.878851533678828,0.0,98.3,117,2.4283320314646675
Gujarat Region,NOV,6.81025641025641,16.050198111439173,0.0,96.6,117,2.356768547989939
Gujarat Region,OCT,20.91794871794872,34.55177428296261,0.0,233.7,117,1.6517764121543783
Gujarat Region,SEP,147.77179487179487,112.82792043039352,5.7,522.0,117,0.7635281179895104
Haryana Delhi & Chandigarh,APR,7.545299145299145,12.756475676180395,0.0,82.5,117,1.6906520776088654
Haryana Delhi & Chandigarh,AUG,150.05299145299145,78.22542532769127,23.1,405.3,117,0.5213186659607363
Haryana Delhi & Chandigarh,DEC,7.107692307692308,10.74432611970515,0.0,68.9,117,1.511647614244231
Haryana Delhi & Chandigarh,FEB,17.14786324786325,18.85616883551776,0.0,91.0,117,1.0996220673655872
Haryana Delhi & Chandigarh,JAN,16.89316239316239,15.543208554041717,0.0,66.5,117,0.9200887431433752
Haryana Delhi & Chandigarh,JUL,149.408547008547,69.00581506312194,19.4,370.7,117,0.4618598898440156
Haryana Delhi & Chandigarh,JUN,49.136752136752136,34.56763634476468,2.1,193.5,117,0.7034986001630662
Haryana Delhi & Chandigarh,MAR,12.952991452991453,15.146318391003486,0.0,71.8,117,1.1693297603084183
Haryana Delhi & Chandigarh,MAY,14.601709401709403,15.807843878506596,0.0,72.9,117,1.082602279199995
Haryana Delhi & Chandigarh,NOV,3.223931623931624,7.328247774438326,0.0,42.1,117,2.273077915188982
Haryana Delhi & Chandigarh,OCT,12.64871794871795,23.7914343300295,0.0,131.3,117,1.880936425848673
Haryana Delhi & Chandigarh,SEP,87.71452991452992,73.54003866644075,0.1,361.5,117,0.8384020154710861
Himachal Pradesh,APR,62.51965811965812,35.68088264167532,4.5,181.7,117,0.5707146154475874
Himachal Pradesh,AUG,273.9153846153846,94.29278285852126,89.1,542.4,117,0.34424055074862436
Himachal Pradesh,DEC,39.64017094017094,36.50089290317633,0.0,176.0,117,0.9208056382568901
Himachal Pradesh,FEB,90.06495726495727,52.192127356262226,0.7,271.8,117,0.5794942776991611
Himachal Pradesh,JAN,84.25726495726497,52.27400837008525,0.3,246.3,117,0.6204095088607311
Himachal Pradesh,JUL,278.99829059829057,94.8822237110993,81.8,548.7,117,0.34008173852116297
Himachal Pradesh,JUN,91.57948717948717,48.68741701504421,23.7,252.7,117,0.5316410750326812
Himachal Pradesh,MAR,100.88547008547009,66.06903947172813,5.9,382.0,117,0.6548915261608484
Himachal Pradesh,MAY,58.29230769230769,33.698521797740405,8.8,214.2,117,0.5780955177759637
Himachal Pradesh,NOV,16.46923076923077,23.126427119201416,0.0,93.1,117,1.4042202361028417
Himachal Pradesh,OCT,30.791452991452992,49.79666858516703,0.0,413.6,117,1.6172237340988571
Himachal Pradesh,SEP,129.36239316239315,86.47718627445931,16.3,438.1,117,0.668487836073823
Jammu & Kashmir,APR,94.14102564102564,48.32810304332851,5.7,233.2,117,0.5133585778809239
Jammu & Kashmir,AUG,180.8128205128205,70.67494256546162,49.1,441.5,117,0.3908735141955845
Jammu & Kashmir,DEC,55.225,48.62356178715794,0.0,259.7,116,0.880462866222869
Jammu & Kashmir,FEB,114.76581196581196,66.68333835528722,9.7,403.5,117,0.5810383529125536
Jammu & Kashmir,JAN,102.76495726495726,67.46984296481232,0.0,367.8,117,0.6565452344893784
Jammu & Kashmir,JUL,179.9586206896552,79.9104314559261,67.2,454.6,116,0.4440489216336814
Jammu & Kashmir,JUN,65.02905982905983,33.996698774391824,4.0,182.0,117,0.5227924079443567
Jammu & Kashmir,MAR,131.49487179487178,71.43699399754888,9.9,341.4,117,0.5432682888880148
Jammu & Kashmir,MAY,67.15128205128205,37.22055331210724,4.7,234.4,117,0.5542791168705115
Jammu & Kashmir,NOV,23.814655172413794,28.734909095899802,0.0,164.1,116,1.2066061376015844
Jammu & Kashmir,OCT,33.61367521367521,34.61650469910646,0.3,170.6,117,1.0298339731986006
Jammu & Kashmir,SEP,88.51880341880343,73.76673618590813,11.2,371.1,117,0.8333453835441067
Jharkhand,APR,19.096581196581198,16.145138756059108,0.1,95.6,117,0.845446553488303
Jharkhand,AUG,325.44358974358977,75.09928185594393,152.8,552.5,117,0.2307597513753861
Jharkhand,DEC,4.856410256410257,9.053779784264847,0.0,52.5,117,1.8642946757461933
Jharkhand,FEB,23.838461538461537,25.697902927167267,0.1,128.5,117,1.078001736215471
Jharkhand,JAN,17.471794871794874,20.35162810632725,0.0,102.9,117,1.164827555249138
Jharkhand,JUL,337.9940170940171,89.97547203179619,149.7,660.2,117,0.2662043334535369
Jharkhand,JUN,193.30427350427348,86.93865196630124,41.5,479.6,117,0.4497502843069801
Jharkhand,MAR,18.296581196581194,19.738034051318852,0.0,95.0,117,1.0787826337199542
Jharkhand,MAY,48.59145299145299,28.502563625320494,3.2,150.1,117,0.5865756603395655
Jharkhand,NOV,11.739316239316238,20.764903070528423,0.0,121.1,117,1.768834116674063
Jharkhand,OCT,79.92136752136751,64.89882952700945,1.6,281.1,117,0.8120335216944119
Jharkhand,SEP,227.13675213675214,73.2701774002015,85.1,395.9,117,0.3225817782059671
Kerala,APR,109.41965811965812,45.16924731861697,13.1,238.0,117,0.4128074250535604
Kerala,AUG,420.6923076923077,159.34048025286876,178.6,1199.2,117,0.3787577698459122
Kerala,DEC,39.98034188034188,36.81995626277217,0.1,202.3,117,0.920951510944341
Kerala,FEB,15.374358974358975,16.127841390108884,0.0,79.0,117,1.0490090297102175
Kerala,JAN,12.171794871794871,15.428164159642263,0.0,83.5,117,1.2675340261766344
Kerala,JUL,695.9794871794873,226.5700966887022,167.5,1526.5,117,0.3255413426147022
Kerala,JUN,653.1649572649573,186.22272136094392,196.8,1098.2,117,0.2851082552571822
Kerala,MAR,37.12735042735042,30.460281158651064,0.1,217.2,117,0.8204270115707486
Kerala,MAY,229.98376068376066,148.01093677976974,53.4,738.8,117,0.6435712518993559
Kerala,NOV,162.55897435897438,83.73355850331839,31.5,365.6,117,0.5150964985692635
Kerala,OCT,291.94188034188033,95.05624581713519,68.5,567.9,117,0.32559989579370724
Kerala,SEP,245.86153846153846,123.2658151328719,41.3,526.7,117,0.5013627422336946
Konkan & Goa,APR,4.195726495726496,9.040239479990838,0.0,67.3,117,2.1546303099591118
Konkan & Goa,AUG,684.3179487179486,248.04725968479332,224.1,1414.7,117,0.36247370122251393
Konkan & Goa,DEC,4.653846153846154,14.19323866750218,0.0,96.2,117,3.0497868211161707
Konkan & Goa,FEB,0.5384615384615384,2.031342606540287,0.0,18.4,117,3.7724934121462472
Konkan & Goa,JAN,1.2410256410256408,3.8541100731859497,0.0,31.8,117,3.1055845631043812
Konkan & Goa,JUL,1075.394017094017,273.74286679120735,407.8,1867.2,117,0.25455122721523865
Konkan & Goa,JUN,690.8752136752137,196.32954434773728,238.2,1118.1,117,0.28417511652116306
Konkan & Goa,MAR,1.3683760683760684,4.710272149188658,0.0,36.8,117,3.442235112149113
Konkan & Goa,MAY,33.36239316239316,57.909110900253715,0.0,345.4,117,1.7357601002535443
Konkan & Goa,NOV,24.272649572649573,33.55223057473132,0.0,170.4,117,1.3823060591019276
Konkan & Goa,OCT,113.6982905982906,88.19931873114987,5.8,458.9,117,0.7757312644459046
Konkan & Goa,SEP,353.6051282051282,163.1177482711829,65.0,782.3,117,0.4612991590341344
Lakshadweep,APR,44.40964912280702,50.69276880113529,0.0,315.4,114,1.1414809574593443
Lakshadweep,AUG,206.90964912280702,102.88060953150946,0.0,504.6,114,0.4972248030368403
Lakshadweep,DEC,61.82142857142857,61.54069396876358,0.0,320.6,112,0.9954589434577586
Lakshadweep,FEB,15.672173913043478,24.589291449827844,0.0,114.9,115,1.5689777044499817
Lakshadweep,JAN,27.721929824561403,37.93009116403289,0.0,262.8,114,1.3682341526752995
Lakshadweep,JUL,280.7159292035398,116.28249589313862,0.0,537.0,113,0.41423547364433744
Lakshadweep,JUN,329.2745614035088,102.904314014167,125.6,604.3,114,0.31251826310403347
Lakshadweep,MAR,15.006140350877194,22.63931221432421,0.0,120.7,114,1.508669896786672
Lakshadweep,MAY,162.97543859649124,108.61043607787958,13.5,660.8,114,0.6664221125171306
Lakshadweep,NOV,123.43909090909091,76.9108075051392,8.3,378.1,110,0.623066865923224
Lakshadweep,OCT,165.50884955752213,81.74937806395371,28.9,452.4,113,0.4939275348871418
Lakshadweep,SEP,162.86283185840708,94.89316943908392,25.8,457.5,113,0.5826570025601915
Madhya Maharashtra,APR,9.00940170940171,9.379360897516369,0.0,54.5,117,1.0410636799254485
Madhya Maharashtra,AUG,184.8752136752137,67.0652627412193,59.5,421.7,117,0.3627596226016466
Madhya Maharashtra,DEC,5.8,11.696440661069975,0.0,62.9,117,2.0166277001844786
Madhya Maharashtra,FEB,1.4487179487179487,2.8940669208183607,0.0,20.0,117,1.9976745117153287
Madhya Maharashtra,JAN,3.0025641025641026,6.620884688495598,0.0,41.5,117,2.205076881736365
Madhya Maharashtra,JUL,249.85641025641027,73.48518896585541,68.4,421.7,117,0.29410968039780394
Madhya Maharashtra,JUN,147.3837606837607,54.92076103471154,30.7,293.8,117,0.3726378047345003
Madhya Maharashtra,MAR,3.5991452991452992,6.371346089118597,0.0,41.2,117,1.7702386426665302
Madhya Maharashtra,MAY,22.770940170940168,22.22361690288936,0.3,104.2,117,0.9759639582756758
Madhya Maharashtra,NOV,25.553846153846155,33.880417338708995,0.0,152.8,117,1.325844146307095
Madhya Maharashtra,OCT,70.49230769230769,47.2795431337803,3.4,196.0,117,0.6707049986241204
Madhya Maharashtra,SEP,157.62820512820514,63.685091155966546,29.9,324.8,117,0.40402091176619687
Matathwada,APR,7.490598290598291,9.97530556878769,0.0,61.3,117,1.3317101227158372
Matathwada,AUG,166.37008547008546,84.25624428405708,35.8,456.1,117,0.5064386668191437
Matathwada,DEC,7.202564102564103,16.260924505774373,0.0,112.4,117,2.2576577277508028
Matathwada,FEB,4.394017094017094,8.661720090763716,0.0,63.5,117,1.9712531620683809
Matathwada,JAN,4.915384615384616,10.572692667373188,0.0,70.4,117,2.150939040310664
Matathwada,JUL,180.62564102564104,75.14839819093372,24.3,413.5,117,0.4160450186597034
Matathwada,JUN,137.51880341880343,57.12683096231778,20.5,297.0,117,0.41541105319497446
Matathwada,MAR,7.116239316239317,12.440409387770863,0.0,79.0,117,1.7481718692880026
Matathwada,MAY,15.461538461538462,21.684719099871188,0.0,142.1,117,1.4024942701409226
Matathwada,NOV,22.073504273504273,34.47411420972611,0.0,176.1,117,1.5617870992557712
Matathwada,OCT,59.29829059829059,49.561057750300456,0.0,238.1,117,0.8357923516892942
Matathwada,SEP,179.26495726495727,89.96327346070393,34.6,467.9,117,0.5018452843950777
Naga Mani Mizo Tripura,APR,171.34444444444443,78.57451377233834,26.3,383.8,117,0.45857637244734134
Naga Mani Mizo Tripura,AUG,411.6213675213675,126.4852273158737,241.6,1347.2,117,0.307285377524304
Naga Mani Mizo Tripura,DEC,12.783760683760685,19.73667143994754,0.0,105.4,117,1.5438861793634164
Naga Mani Mizo Tripura,FEB,36.41367521367521,37.52062399760253,0.0,306.3,117,1.0303992600975251
Naga Mani Mizo Tripura,JAN,13.864957264957265,16.536632877880947,0.0,91.4,117,1.1926926684207069
Naga Mani Mizo Tripura,JUL,437.6615384615385,114.56462025797545,255.3,976.7,117,0.26176533734422114
Naga Mani Mizo Tripura,JUN,444.7726495726496,123.7429445038018,206.6,861.1,117,0.2782161731902751
Naga Mani Mizo Tripura,MAR,77.44273504273504,60.324092110920155,3.1,306.5,117,0.7789509510173118
Naga Mani Mizo Tripura,MAY,289.9905982905983,112.03918263415092,73.5,743.0,117,0.38635453457658975
Naga Mani Mizo Tripura,NOV,46.87008547008547,50.42729533345809,0.0,230.7,117,1.0758951008451432
Naga Mani Mizo Tripura,OCT,175.45299145299145,80.88219463563976,32.8,425.6,117,0.4609906845464659
Naga Mani Mizo Tripura,SEP,314.517094017094,76.45099544986687,129.6,533.9,117,0.24307421410205374
North Interior Karnataka,APR,24.064102564102566,15.665707450365094,0.2,96.9,117,0.6509990309688212
North Interior Karnataka,AUG,118.91965811965812,53.25614622019638,28.0,290.1,117,0.4478329913008119
North Interior Karnataka,DEC,6.235897435897436,12.930940317959525,0.0,85.1,117,2.0736294095412067
North Interior Karnataka,FEB,3.1213675213675214,5.501533157155454,0.0,28.4,117,1.7625393740065394
North Interior Karnataka,JAN,2.9641025641025642,6.155323761596914,0.0,28.5,117,2.07662306835882
North Interior Karnataka,JUL,138.2094017094017,50.083077503535755,37.0,314.1,117,0.36237098839947335
North Interior Karnataka,JUN,101.55811965811965,34.039564301164965,38.2,235.7,117,0.3351732428264142
North Interior Karnataka,MAR,7.145299145299146,12.566372036500457,0.0,109.2,117,1.7586908232901357
North Interior Karnataka,MAY,47.041880341880336,26.348559599825535,3.5,127.3,117,0.5601085545121801
North Interior Karnataka,NOV,28.776923076923076,34.59709073032951,0.0,201.8,117,1.2022512149005178
North Interior Karnataka,OCT,95.56239316239315,55.19953261686147,3.8,323.1,117,0.5776281944201481
North Interior Karnataka,SEP,143.5880341880342,59.534270284800236,33.1,313.9,117,0.41461860399062056
Orissa,APR,33.72393162393162,23.28024784192581,1.1,148.4,117,0.6903183205781788
Orissa,AUG,354.62820512820514,80.87371151897328,187.3,624.9,117,0.22805211302844855
Orissa,DEC,5.517948717948718,11.277576281739393,0.0,61.3,117,2.0437986755940347
Orissa,FEB,19.524786324786326,22.121490198848317,0.0,116.2,117,1.1329952518233466
Orissa,JAN,12.152136752136752,15.544466796295639,0.0,70.9,117,1.279155025437185
Orissa,JUL,350.55470085470085,87.24290455856517,170.2,586.0,117,0.24887101598082953
Orissa,JUN,210.45042735042736,77.01540444201746,71.7,477.6,117,0.36595508696105794
Orissa,MAR,21.15811965811966,22.08833847155178,0.1,89.8,117,1.0439650984332693
Orissa,MAY,64.88888888888889,39.52716171710236,16.2,293.0,117,0.6091514648183584
Orissa,NOV,27.82905982905983,36.7581003501247,0.0,152.3,117,1.3208531145468643
Orissa,OCT,113.82649572649574,75.45682985147798,7.5,391.0,117,0.6629109450297666
Orissa,SEP,241.1948717948718,68.11422941894644,113.2,483.2,117,0.28240330696945876
Punjab,APR,12.555555555555555,16.642910080232287,0.0,113.2,117,1.3255415108149609
Punjab,AUG,157.74615384615385,73.10716925368177,17.4,399.1,117,0.4634481885687146
Punjab,DEC,12.638461538461538,15.377843701997918,0.0,77.6,117,1.2167496538403708
Punjab,FEB,26.405982905982906,23.45136673687253,0.0,96.0,117,0.8881080783991215
Punjab,JAN,25.23247863247863,22.23901444828446,0.0,112.1,117,0.8813646400817295
Punjab,JUL,168.19059829059827,67.51078328031545,26.4,359.3,117,0.4013945129303298
Punjab,JUN,47.06923076923077,33.59515939459152,1.6,162.9,117,0.713739290945726
Punjab,MAR,23.666666666666668,22.730561987682172,0.0,108.5,117,0.9604462811696692
Punjab,MAY,14.211965811965811,15.08705292394295,0.1,98.3,117,1.0615739668639195
Punjab,NOV,4.117948717948718,8.151852078374109,0.0,50.7,117,1.9795904798044222
Punjab,OCT,13.616239316239316,39.486608287002824,0.0,370.3,117,2.8999643271479068
Punjab,SEP,85.99059829059829,86.7932223467283,0.5,434.1,117,1.0093338582599183
Rayalseema,APR,19.54871794871795,17.544075605725613,0.4,93.5,117,0.897454024951861
Rayalseema,AUG,107.4948717948718,56.14688839929667,13.6,290.1,117,0.5223215532219951
Rayalseema,DEC,34.202564102564104,37.47763577153544,0.0,198.7,117,1.0957551503785008
Rayalseema,FEB,5.5829059829059835,11.574818763743062,0.0,81.0,117,2.0732605562736346
Rayalseema,JAN,9.799999999999999,18.965031341737962,0.0,115.3,117,1.93520727976918
Rayalseema,JUL,96.0051282051282,45.582908257360444,24.4,245.2,117,0.47479659794804163
Rayalseema,JUN,65.4948717948718,34.372871335104215,23.5,270.7,117,0.5248177512700405
Rayalseema,MAR,8.054700854700855,13.616689149757365,0.0,86.9,117,1.6905269848489088
Rayalseema,MAY,50.641880341880345,37.36071429049374,4.1,239.8,117,0.7377434257629014
Rayalseema,NOV,101.22991452991452,72.358789072421,0.0,383.8,117,0.7147965046541476
Rayalseema,OCT,135.02478632478633,70.08415988330584,4.4,352.5,117,0.5190466268520996
Rayalseema,SEP,131.90769230769232,51.466423862027646,34.8,272.5,117,0.3901699966213899
Saurashtra & Kutch,APR,1.1632478632478633,6.107465729442129,0.0,64.4,117,5.250356284678391
Saurashtra & Kutch,AUG,119.8982905982906,99.4838082328025,4.0,634.0,117,0.8297350006941705
Saurashtra & Kutch,DEC,1.100854700854701,3.612036767257015,0.0,25.6,117,3.281120355349928
Saurashtra & Kutch,FEB,1.588034188034188,4.238822266351544,0.0,28.2,117,2.6692260773042555
Saurashtra & Kutch,JAN,1.1205128205128205,2.358423584454991,0.0,12.5,117,2.1047716199941564
Saurashtra & Kutch,JUL,195.72820512820513,120.04682265119398,8.0,549.1,117,0.6133343049488518
Saurashtra & Kutch,JUN,74.06666666666666,62.64755685029021,1.2,321.8,117,0.8458266001389317
Saurashtra & Kutch,MAR,1.276923076923077,5.644273640929098,0.0,46.2,117,4.420214297113149
Saurashtra & Kutch,MAY,4.593162393162393,16.452249225204095,0.0,131.9,117,3.5819001848695184
Saurashtra & Kutch,NOV,5.992307692307692,17.08076228738935,0.0,106.7,117,2.8504481352511113
Saurashtra & Kutch,OCT,14.856410256410257,30.28461366657476,0.0,208.5,117,2.038487975485702
Saurashtra & Kutch,SEP,74.9957264957265,73.79488160126851,2.1,396.6,117,0.9839878223657662
South Interior Karnataka,APR,41.924786324786325,22.100019137075915,4.8,127.7,117,0.5271349260046241
South Interior Karnataka,AUG,173.54529914529914,57.280028257624195,67.5,305.4,117,0.33005808016538113
South Interior Karnataka,DEC,11.651282051282053,15.832973098419592,0.0,84.9,117,1.3589039411055546
South Interior Karnataka,FEB,4.095726495726495,7.512763773123539,0.0,44.3,117,1.834293325240931
South Interior Karnataka,JAN,2.952136752136752,4.771333188421317,0.0,24.4,117,1.6162304083534862
South Interior Karnataka,JUL,230.15982905982906,71.59675760794289,47.5,492.7,117,0.31107408230361355
South Interior Karnataka,JUN,141.39145299145298,45.858618136108014,64.0,269.4,117,0.32433797917671964
South Interior Karnataka,MAR,9.494017094017094,13.864108279258916,0.0,108.9,117,1.4602994856619493
South Interior Karnataka,MAY,92.51623931623931,38.15600679710671,9.6,190.5,117,0.4124249653802045
South Interior Karnataka,NOV,53.6965811965812,44.58835075099529,0.5,186.6,117,0.830375971009383
South Interior Karnataka,OCT,138.47606837606838,61.28120689813344,17.7,307.4,117,0.44254005487582243
South Interior Karnataka,SEP,137.64273504273504,51.74070683880529,27.7,275.6,117,0.3759058320276834
Sub Himalayan West Bengal & Sikkim,APR,110.91111111111111,55.31452820599069,4.8,281.8,117,0.49872846509108015
Sub Himalayan West Bengal & Sikkim,AUG,520.3042735042735,166.49296060150886,209.9,1036.6,117,0.31999153011020076
Sub Himalayan West Bengal & Sikkim,DEC,5.967521367521368,9.509349564941148,0.0,56.5,117,1.5935174722115646
Sub Himalayan West Bengal & Sikkim,FEB,22.68632478632479,19.538555632491093,0.1,109.9,117,0.8612481667488444
Sub Himalayan West Bengal & Sikkim,JAN,14.045299145299145,16.960682198617462,0.0,103.0,117,1.2075700220521166
Sub Himalayan West Bengal & Sikkim,JUL,645.7008547008547,164.3648976157279,340.9,1064.6,117,0.2545527025697932
Sub Himalayan West Bengal & Sikkim,JUN,536.9897435897436,133.6008868341252,261.7,896.0,117,0.24879597502367815
Sub Himalayan West Bengal & Sikkim,MAR,43.96666666666667,31.246213563709848,0.0,132.1,117,0.7106796110017403
Sub Himalayan West Bengal & Sikkim,MAY,268.4786324786325,69.37315245015455,142.0,503.1,117,0.25839357050388645
Sub Himalayan West Bengal & Sikkim,NOV,15.846153846153847,22.70276657325216,0.0,132.1,117,1.4326988614188256
Sub Himalayan West Bengal & Sikkim,OCT,143.94358974358977,88.58636384577734,11.7,513.5,117,0.6154241672281371
Sub Himalayan West Bengal & Sikkim,SEP,421.69829059829055,112.82872431936609,174.6,799.9,117,0.26755793617111584
Tamil Nadu,APR,44.42820512820513,28.023105756382925,5.5,132.1,117,0.6307503459911895
Tamil Nadu,AUG,96.08205128205128,37.35174744419969,18.7,206.6,117,0.38874843892073757
Tamil Nadu,DEC,81.14615384615385,65.45274096426176,0.6,295.8,117,0.8066031211824845
Tamil Nadu,FEB,13.209401709401709,19.40044872795109,0.0,131.3,117,1.4686848923780509
Tamil Nadu,JAN,23.752136752136753,32.06005302093675,0.1,141.2,117,1.3497755320077724
Tamil Nadu,JUL,71.19658119658119,30.944418837272416,11.8,174.7,117,0.4346334938728539
Tamil Nadu,JUN,52.11452991452991,19.001915806122724,21.2,128.1,117,0.3646183864132842
Tamil Nadu,MAR,19.47179487179487,22.297231334830318,0.0,164.7,117,1.1451040585440908
Tamil Nadu,MAY,70.22991452991452,31.64527873746638,19.8,204.4,117,0.45059543286197556
Tamil Nadu,NOV,175.3777777777778,90.65937872162797,23.6,416.7,117,0.516937663770053
Tamil Nadu,OCT,181.95641025641027,67.49453922306371,62.1,436.1,117,0.3709379577666509
Tamil Nadu,SEP,111.52136752136752,39.31298554671882,26.1,210.4,117,0.3525152750587141
Telangana,APR,17.93846153846154,15.904937674832874,0.1,105.6,117,0.8866388926793626
Telangana,AUG,214.27094017094018,86.85435694690385,50.0,471.1,117,0.40534827950824104
Telangana,DEC,5.057264957264958,10.309623193215598,0.0,53.1,117,2.0385768355690805
Telangana,FEB,9.524786324786325,15.143536836818773,0.0,79.1,117,1.5899083003479868
Telangana,JAN,7.581196581196581,13.792288772728515,0.0,98.7,117,1.8192759711490827
Telangana,JUL,246.5076923076923,95.714733447568,82.4,656.2,117,0.38828294789314854
Telangana,JUN,143.082905982906,57.690286773721176,28.5,332.0,117,0.40319482175329446
Telangana,MAR,12.571794871794873,18.622987492074778,0.0,108.6,117,1.4813308427308103
Telangana,MAY,25.602564102564102,23.600516729945223,0.2,159.8,117,0.9218028567529932
Telangana,NOV,19.92478632478632,26.182624226313965,0.0,123.0,117,1.314073024398908
Telangana,OCT,74.53931623931624,59.483712574093815,0.1,332.7,117,0.7980179531445548
Telangana,SEP,176.36324786324786,77.0141641677938,52.4,401.2,117,0.4366792123691814
Uttarakhand,APR,35.100854700854704,24.07819336692255,1.1,132.9,117,0.6859717112910145
Uttarakhand,AUG,381.11282051282046,102.70382554945733,73.3,685.2,117,0.2694840478241073
Uttarakhand,DEC,21.845299145299148,24.37392082748626,0.0,135.5,117,1.1157512957533127
Uttarakhand,FEB,62.733333333333334,44.01331499162183,0.0,188.3,117,0.7015937565083182
Uttarakhand,JAN,53.23675213675214,40.809058321463205,0.0,211.4,117,0.7665580014467216
Uttarakhand,JUL,392.3042735042735,98.32139013176021,149.3,617.5,117,0.25062533541503507
Uttarakhand,JUN,162.7641025641026,85.53995382431098,33.6,488.9,117,0.5255455747106286
Uttarakhand,MAR,57.064957264957265,42.100981469924385,0.0,190.3,117,0.7377729431119362
Uttarakhand,MAY,56.16581196581196,36.82897838236185,3.6,270.2,117,0.6557187921502781
Uttarakhand,NOV,8.04957264957265,12.648324299068944,0.0,75.7,117,1.5713038256435194
Uttarakhand,OCT,38.53846153846154,57.37494924669657,0.0,370.4,117,1.4887711381378352
Uttarakhand,SEP,195.52051282051283,105.31362401504863,28.2,651.5,117,0.5386320979616404
Vidarbha,APR,9.317948717948719,13.09845749924076,0.0,112.7,117,1.405723286930076
Vidarbha,AUG,284.13931623931626,86.38467492326055,111.7,565.5,117,0.3040222524168499
Vidarbha,DEC,7.792307692307693,17.84011922918134,0.0,121.8,117,2.289452615788326
Vidarbha,FEB,11.822222222222223,17.18605645278949,0.0,84.9,117,1.4537077826607652
Vidarbha,JAN,10.390598290598291,15.032762971922264,0.0,74.9,117,1.4467658696346999
Vidarbha,JUL,330.142735042735,93.29673028627653,88.1,591.0,117,0.2825951335085409
Vidarbha,JUN,173.2888888888889,76.88653617145492,21.4,377.5,117,0.4436899368704118
Vidarbha,MAR,11.893162393162394,15.433677498248848,0.0,66.3,117,1.2976933289939743
Vidarbha,MAY,11.522222222222222,14.483481144173862,0.0,83.1,117,1.2570041494461404
Vidarbha,NOV,15.311111111111112,24.576449260166687,0.0,126.5,117,1.6051381955116122
Vidarbha,OCT,52.389743589743595,46.93675565940022,0.2,225.1,117,0.8959149719638843
Vidarbha,SEP,175.53675213675214,80.4168274531911,23.0,469.9,117,0.45811960443783456
West Madhya Pradesh,APR,2.3367521367521364,3.4657088216279868,0.0,24.8,117,1.48313069542968
West Madhya Pradesh,AUG,288.04273504273505,98.51778529809356,128.3,545.1,117,0.34202489183932067
West Madhya Pradesh,DEC,6.205982905982906,13.410792685295716,0.0,93.9,117,2.1609457983467824
West Madhya Pradesh,FEB,6.217241379310345,8.942368870690263,0.0,40.5,116,1.4383177884083063
West Madhya Pradesh,JAN,9.167521367521367,11.174816430335428,0.0,54.1,117,1.2189572276237601
West Madhya Pradesh,JUL,304.0059829059829,96.14503886513863,46.9,561.6,117,0.3162603510170802
West Madhya Pradesh,JUN,111.84615384615384,60.298635454426176,12.1,306.3,117,0.5391212248332464
West Madhya Pradesh,MAR,5.1179487179487175,8.87905920172246,0.0,53.5,117,1.7348863169698197
West Madhya Pradesh,MAY,7.670940170940171,10.314143786058688,0.0,62.7,117,1.344573618906815
West Madhya Pradesh,NOV,12.133333333333333,23.369933528006623,0.0,117.9,117,1.9260934226379085
West Madhya Pradesh,OCT,28.069230769230767,33.76083851900943,0.0,157.8,117,1.2027703500880313
West Madhya Pradesh,SEP,160.56923076923076,95.81334535721582,17.3,559.4,117,0.5967104961405604
West Rajasthan,APR,3.5418803418803417,5.872939687393819,0.0,36.1,117,1.658141755369394
West Rajasthan,AUG,94.94786324786324,66.57975719894743,0.6,325.3,117,0.7012243869579212
West Rajasthan,DEC,1.8854700854700854,3.8002101792433782,0.0,21.7,117,2.0155239844581834
West Rajasthan,FEB,4.862393162393162,7.808436269959677,0.0,39.1,117,1.6058833601428764
West Rajasthan,JAN,3.3230769230769233,4.529241860426392,0.0,21.4,117,1.3629663005912753
West Rajasthan,JUL,96.1059829059829,53.445688337108095,2.4,234.6,117,0.5561119788909722
West Rajasthan,JUN,29.13162393162393,23.144890884690945,0.4,143.2,117,0.7944936725468961
West Rajasthan,MAR,4.011111111111111,7.750392401387102,0.0,59.0,117,1.9322307925895823
West Rajasthan,MAY,9.53931623931624,10.881096842412454,0.0,56.8,117,1.140657943340433
West Rajasthan,NOV,1.6435897435897437,4.502573681937167,0.0,34.8,117,2.7394754071068563
West Rajasthan,OCT,5.194871794871794,11.70838077495572,0.0,78.3,117,2.2538344038661062
West Rajasthan,SEP,39.92820512820513,38.935587493638785,0.2,203.0,117,0.975139938512659
West Uttar Pradesh,APR,6.162393162393163,9.95298193486831,0.0,69.0,117,1.6151163472671182
West Uttar Pradesh,AUG,249.67606837606837,95.989269918994,34.6,509.6,117,0.38445522850196656
West Uttar Pradesh,DEC,7.006837606837607,9.75236245910425,0.0,61.6,117,1.391835091138323
West Uttar Pradesh,FEB,17.614529914529914,19.913932330273216,0.0,89.9,117,1.1305400954155789
West Uttar Pradesh,JAN,17.57008547008547,15.726231462976585,0.0,68.6,117,0.8950571976301311
West Uttar Pradesh,JUL,246.86581196581196,84.49289315389822,29.6,440.6,117,0.34226243188991884
West Uttar Pradesh,JUN,77.5111111111111,55.228215829906986,3.7,291.2,117,0.7125199863376762
West Uttar Pradesh,MAR,11.427350427350428,14.165710322949861,0.0,66.8,117,1.2396320925842437
West Uttar Pradesh,MAY,12.452991452991453,11.524356311215708,0.0,52.0,117,0.9254287497681797
West Uttar Pradesh,NOV,3.898290598290598,7.160860848196845,0.0,42.0,117,1.8369233046240536
West Uttar Pradesh,OCT,28.37264957264957,44.48075256730408,0.0,206.5,117,1.5677334770377689
West Uttar Pradesh,SEP,145.33931623931625,88.10771322967656,0.5,356.6,117,0.60622077707176
