subdivision,season,years_observed,observations,average_rainfall_mm,rainfall_std_mm,average_zscore,minimum_zscore,dry_months,dry_month_pct
Andaman & Nicobar Islands,MONSOON,112,448,427.0013667425968,149.64101136130023,1.7475264465056565e-16,-2.364381460335969,55,12.276785714285714
Andaman & Nicobar Islands,POST_MONSOON,112,336,227.0355623100304,127.98620607268977,-1.3599388417140975e-16,-2.104408113616098,48,14.285714285714285
Andaman & Nicobar Islands,PRE_MONSOON,112,336,153.39063444108763,174.5287289103165,5.702051788105034e-17,-1.9584784961822528,27,8.035714285714286
Andaman & Nicobar Islands,WINTER,112,224,41.033928571428575,60.56616002811248,-1.9329775875170135e-17,-0.7295521802671066,0,0.0
Arunachal Pradesh,MONSOON,99,396,563.553807106599,304.9727517936875,-2.564220691393128e-17,-1.3945286192307609,35,8.83838383838384
Arunachal Pradesh,POST_MONSOON,99,297,84.67422680412372,116.860319460826,4.501935288858023e-17,-1.285349433908484,6,2.0202020202020203
Arunachal Pradesh,PRE_MONSOON,99,297,259.3945762711864,154.6635698360435,4.026910631691246e-17,-1.5696304423280585,37,12.457912457912458
Arunachal Pradesh,WINTER,99,198,68.8,46.17132643335456,7.93016446160826e-18,-1.836152308034772,27,13.636363636363635
Assam & Meghalaya,MONSOON,117,468,429.3476495726496,131.50070962766432,-1.7815758365245568e-16,-2.2197503757382533,78,16.666666666666664
Assam & Meghalaya,POST_MONSOON,117,351,62.78176638176639,76.87757546542693,-5.693451408334136e-17,-1.8126874142780292,19,5.413105413105413
Assam & Meghalaya,PRE_MONSOON,117,351,208.3911680911681,133.25995028644562,5.598560551528567e-17,-2.115921747023771,50,14.245014245014245
Assam & Meghalaya,WINTER,117,234,24.11196581196581,19.75248846122542,4.2700885562506023e-17,-1.4809478448757287,25,10.683760683760683
Bihar,MONSOON,117,468,253.73076923076923,103.84686424715989,1.432851937764091e-16,-2.1804764454050645,80,17.094017094017094
Bihar,POST_MONSOON,117,351,24.54387464387464,43.526484690538396,6.326057120371263e-19,-1.090305759319342,6,1.7094017094017095
Bihar,PRE_MONSOON,117,351,26.872079772079772,27.434485409101256,-1.0058430821390307e-16,-1.870034161857839,25,7.122507122507122
Bihar,WINTER,117,234,13.697863247863248,14.862036339952198,-5.361333409514645e-17,-0.939975306124292,0,0.0
Chhattisgarh,MONSOON,117,468,300.7183760683761,126.34993351854573,-3.914247843229719e-17,-2.832482600041733,78,16.666666666666664
Chhattisgarh,POST_MONSOON,117,351,26.837321937321935,40.65295705577785,2.22993513493087e-17,-1.2978639533935918,21,5.982905982905983
Chhattisgarh,PRE_MONSOON,117,351,17.58860398860399,19.52040064108422,-1.818741422106738e-17,-1.025974898389204,2,0.5698005698005698
Chhattisgarh,WINTER,117,234,16.495299145299146,20.819496560546114,2.7518348473614992e-17,-0.8265335120522261,0,0.0
Coastal Andhra Pradesh,MONSOON,117,468,163.84700854700853,60.16406131310696,8.184336399480321e-17,-2.359216159885514,64,13.675213675213676
Coastal Andhra Pradesh,POST_MONSOON,117,351,90.84501424501424,102.46093874217807,-1.012169139259402e-17,-1.6955553273541275,29,8.262108262108262
Coastal Andhra Pradesh,PRE_MONSOON,117,351,34.0977207977208,45.36749869286973,-2.846725704167068e-18,-1.186889698440462,8,2.2792022792022792
Coastal Andhra Pradesh,WINTER,117,234,10.044017094017095,16.41379047323553,-6.1679056923619804e-18,-0.6441586848791597,0,0.0
Coastal Karnataka,MONSOON,117,468,743.383547008547,372.11461521867227,-1.3590149898122576e-16,-2.5762150841190903,67,14.316239316239315
Coastal Karnataka,POST_MONSOON,117,351,86.32136752136752,92.4676219741435,1.739665708102097e-17,-1.950720633227152,31,8.831908831908832
Coastal Karnataka,PRE_MONSOON,117,351,53.12364672364673,89.02120989215662,1.1465978530672913e-17,-1.263796590750212,16,4.5584045584045585
Coastal Karnataka,WINTER,117,234,1.7042918454935623,4.442310145825082,2.1203830298634964e-17,-0.4583991852047797,0,0.0
East Madhya Pradesh,MONSOON,117,468,268.78311965811963,143.68740470615043,-9.726312822570815e-18,-2.627421609267471,73,15.598290598290598
East Madhya Pradesh,POST_MONSOON,117,351,20.056980056980056,31.975250268153168,0.0,-0.9536921705861404,0,0.0
East Madhya Pradesh,PRE_MONSOON,117,351,10.0011396011396,13.787408286876374,5.559022694526246e-17,-0.7871161880217834,0,0.0
East Madhya Pradesh,WINTER,117,234,18.865811965811968,21.405037962971495,6.500023691181472e-17,-0.8912199409178837,0,0.0
East Rajasthan,MONSOON,117,468,151.12371794871794,104.23645832209971,-1.8313935363474804e-16,-2.507073946764734,77,16.45299145299145
East Rajasthan,POST_MONSOON,117,351,7.601994301994303,16.753545347945963,2.9099862753707806e-17,-0.5779623867761248,0,0.0
East Rajasthan,PRE_MONSOON,117,351,5.825925925925926,9.8131128123946,-7.227520260024167e-17,-0.811036349119912,0,0.0
East Rajasthan,WINTER,117,234,5.858974358974359,7.814569356177962,9.489085680556894e-18,-0.7818562876363844,0,0.0
East Uttar Pradesh,MONSOON,117,468,214.76752136752137,110.45976087052439,-1.7032908796599625e-16,-2.861090500883289,65,13.88888888888889
East Uttar Pradesh,POST_MONSOON,117,351,17.54131054131054,34.62630011987795,4.776173125880303e-17,-0.8486929160111004,0,0.0
East Uttar Pradesh,PRE_MONSOON,117,351,10.894871794871795,12.741638240624521,-4.238458270648746e-17,-1.2213515049862378,18,5.128205128205128
East Uttar Pradesh,WINTER,117,234,15.74059829059829,15.924107067795248,-5.0292154106951536e-17,-1.0884275748285748,16,6.837606837606838
Gangetic West Bengal,MONSOON,117,468,282.7423076923077,98.03516655131732,1.1410625530869663e-16,-1.930326706118759,58,12.393162393162394
Gangetic West Bengal,POST_MONSOON,117,351,47.854415954415956,68.69305331182169,5.0292154106951536e-17,-1.457552006052148,14,3.9886039886039883
Gangetic West Bengal,PRE_MONSOON,117,351,60.4059829059829,51.5489115150677,1.0099945571242743e-16,-1.807902765604736,28,7.977207977207977
Gangetic West Bengal,WINTER,117,234,17.434615384615384,20.505873712631434,5.0292154106951536e-17,-0.929531902739814,0,0.0
Gujarat Region,MONSOON,117,468,219.4275641025641,155.24963729745585,3.368625416597697e-17,-1.9537961454506407,72,15.384615384615385
Gujarat Region,POST_MONSOON,117,351,9.712820512820512,23.519943653218,1.2652114240742525e-18,-0.6054088148018293,0,0.0
Gujarat Region,PRE_MONSOON,117,351,2.672649572649573,9.006245045347692,4.839433697084016e-17,-0.4118052997047698,0,0.0
Gujarat Region,WINTER,117,234,1.4632478632478632,3.905703945729976,1.731758136701633e-17,-0.4108450384999035,0,0.0
Haryana Delhi & Chandigarh,MONSOON,117,468,109.07820512820513,78.64852855781224,2.1884203850784335e-17,-1.8840230622538665,64,13.675213675213676
Haryana Delhi & Chandigarh,POST_MONSOON,117,351,7.660113960113961,16.08285170124126,-3.542591987407907e-17,-0.6615298370976253,0,0.0
Haryana Delhi & Chandigarh,PRE_MONSOON,117,351,11.7,14.89616441523503,1.7554808509030252e-17,-0.923700253743198,0,0.0
Haryana Delhi & Chandigarh,WINTER,117,234,17.02051282051282,17.242623793157676,6.1679056923619804e-18,-1.0868516840925773,17,7.264957264957266
Himachal Pradesh,MONSOON,117,468,193.4638888888889,118.21894796009973,2.9843174465351433e-16,-2.078348112906025,63,13.461538461538462
Himachal Pradesh,POST_MONSOON,117,351,28.966951566951565,39.141778798844186,8.777404254515126e-18,-1.086005513490368,16,4.5584045584045585
Himachal Pradesh,PRE_MONSOON,117,351,73.89914529914529,51.11946986489003,1.215789102821352e-16,-1.6260712690972243,48,13.675213675213676
Himachal Pradesh,WINTER,117,234,87.16111111111111,52.20205117042451,-1.4802973661668753e-16,-1.7122305947591323,36,15.384615384615385
Jammu & Kashmir,MONSOON,117,468,128.46980728051392,84.97376752850572,-9.224122774187597e-17,-1.863642413162536,54,11.538461538461538
Jammu & Kashmir,POST_MONSOON,117,351,37.53982808022923,40.32138334857538,3.817385758023461e-18,-1.1357662411021807,18,5.128205128205128
Jammu & Kashmir,PRE_MONSOON,117,351,97.5957264957265,60.18779476627999,7.654529115649228e-17,-1.8300123545452205,50,14.245014245014245
Jammu & Kashmir,WINTER,117,234,108.7653846153846,67.20321783679464,4.471731626962436e-17,-1.5755931625082094,32,13.675213675213676
Jharkhand,MONSOON,117,468,270.9696581196581,102.39259133590895,1.2335811384723961e-17,-2.298871380351628,67,14.316239316239315
Jharkhand,POST_MONSOON,117,351,32.17236467236467,52.12640794774953,3.0997679889819184e-17,-1.2068224972959165,6,1.7094017094017095
Jharkhand,PRE_MONSOON,117,351,28.661538461538463,26.15415240286116,-8.983001110927193e-17,-1.5925393093808975,29,8.262108262108262
Jharkhand,WINTER,117,234,20.655128205128207,23.348589837683686,-1.2810265668751807e-17,-0.9237509226235636,0,0.0
Kerala,MONSOON,117,468,503.92457264957267,254.3371496045788,-8.635067969306773e-17,-2.450640576669554,71,15.17094017094017
Kerala,POST_MONSOON,117,351,164.82706552706554,127.9895867737181,-8.160613685278929e-17,-2.35062807731464,48,13.675213675213676
Kerala,PRE_MONSOON,117,351,125.5102564102564,120.79263793882384,1.500461673238059e-16,-2.1324167179548947,38,10.826210826210826
Kerala,WINTER,117,234,13.773076923076923,15.829526437329354,-4.839433697084016e-17,-0.95328064075506,0,0.0
Konkan & Goa,MONSOON,117,468,701.0480769230769,339.894974987848,1.1956247957501685e-16,-2.438763153610183,80,17.094017094017094
Konkan & Goa,POST_MONSOON,117,351,47.54159544159544,72.6431971587656,-4.4282399842598836e-18,-1.2233460773907716,14,3.9886039886039883
Konkan & Goa,PRE_MONSOON,117,351,12.975498575498575,36.8186959219575,9.963539964584738e-18,-0.5761164805285758,0,0.0
Konkan & Goa,WINTER,117,234,0.8897435897435897,3.094100287051491,7.662436687049691e-17,-0.3220005701600948,0,0.0
Lakshadweep,MONSOON,116,464,245.04273127753302,122.49369286834187,-1.4941547754316533e-16,-2.414085860880664,80,17.24137931034483
Lakshadweep,POST_MONSOON,116,348,117.02925373134329,85.21032754367333,-4.507174070120038e-17,-1.6710689768263565,35,10.057471264367816
Lakshadweep,PRE_MONSOON,116,348,74.13040935672514,95.04330520530135,-7.174248200063147e-17,-1.376253001040427,14,4.022988505747127
Lakshadweep,WINTER,116,232,21.670742358078606,32.431622669978914,2.3271050297819874e-17,-0.7308690534034006,0,0.0
Madhya Maharashtra,MONSOON,117,468,184.93589743589743,76.2316864225407,-2.464790005524653e-16,-2.469292286105752,81,17.307692307692307
Madhya Maharashtra,POST_MONSOON,117,351,33.94871794871795,43.606073525962515,1.0813603890134627e-17,-1.41905575319258,21,5.982905982905983
Madhya Maharashtra,PRE_MONSOON,117,351,11.793162393162392,16.4808966113362,5.574837837327175e-17,-1.0111288486087362,1,0.2849002849002849
Madhya Maharashtra,WINTER,117,234,2.2256410256410253,5.157521343761641,-1.9927079929169476e-17,-0.5005820488450531,0,0.0
Matathwada,MONSOON,117,468,165.9448717948718,79.29717339300676,-8.718097469011646e-17,-2.0802258569564684,77,16.45299145299145
Matathwada,POST_MONSOON,117,351,29.524786324786326,42.15535669601787,2.6094985621531457e-17,-1.196469431646283,16,4.5584045584045585
Matathwada,PRE_MONSOON,117,351,10.022792022792023,15.967931940863549,-1.6764051368983845e-17,-0.7509141688888266,0,0.0
Matathwada,WINTER,117,234,4.654700854700855,9.647330531852557,-1.7554808509030252e-17,-0.5072915134607713,0,0.0
Naga Mani Mizo Tripura,MONSOON,117,468,402.1431623931624,123.31651697099595,-2.1824897065280855e-17,-2.4187663342899746,58,12.393162393162394
Naga Mani Mizo Tripura,POST_MONSOON,117,351,78.36894586894587,89.77972872552297,9.109522253334617e-17,-1.7637131645057158,16,4.5584045584045585
Naga Mani Mizo Tripura,PRE_MONSOON,117,351,179.59259259259258,122.4650959106394,9.489085680556894e-19,-1.9322757735346892,47,13.390313390313391
Naga Mani Mizo Tripura,WINTER,117,234,25.13931623931624,31.059259315541244,6.310241977570334e-17,-0.9704975912981072,0,0.0
North Interior Karnataka,MONSOON,117,468,125.56880341880341,52.65590137622617,1.8219044506669235e-16,-2.02083032342125,78,16.666666666666664
North Interior Karnataka,POST_MONSOON,117,351,43.52507122507122,53.8954357827191,-3.479331416204194e-17,-1.662376270453476,18,5.128205128205128
North Interior Karnataka,PRE_MONSOON,117,351,26.083760683760683,25.13683452260546,-4.8433874827842476e-17,-1.6525336110657318,32,9.116809116809117
North Interior Karnataka,WINTER,117,234,3.0427350427350426,5.825580944919173,4.364979413056171e-17,-0.5673632117090451,0,0.0
Orissa,MONSOON,117,468,289.2070512820513,101.42812949761492,-9.726312822570816e-17,-2.0690061329626164,74,15.81196581196581
Orissa,POST_MONSOON,117,351,49.057834757834755,67.55526913898863,-5.610421908629263e-17,-1.409103668094441,17,4.843304843304843
Orissa,PRE_MONSOON,117,351,39.923646723646726,34.613050129031365,7.069368832014885e-17,-1.4013567143034706,22,6.267806267806268
Orissa,WINTER,117,234,15.838461538461537,19.431264777205364,-3.036507417778206e-17,-0.8826162319662723,0,0.0
Punjab,MONSOON,117,468,114.7491452991453,84.52635296854464,8.409702184393547e-17,-2.100265933841432,54,11.538461538461538
Punjab,POST_MONSOON,117,351,10.124216524216523,25.207334769271554,1.012169139259402e-17,-0.8218617501502844,0,0.0
Punjab,PRE_MONSOON,117,351,16.811396011396013,19.03958541084896,6.484208548380544e-18,-1.0411826456157036,7,1.9943019943019942
Punjab,WINTER,117,234,25.819230769230767,22.811717065079666,8.635067969306773e-17,-1.1346041746209257,31,13.247863247863249
Rayalseema,MONSOON,117,468,100.22564102564102,53.12220230310985,-6.073014835556412e-17,-1.8868163944714875,64,13.675213675213676
Rayalseema,POST_MONSOON,117,351,90.15242165242165,74.76143993571621,-2.3090108489355108e-17,-1.8638275259671244,28,7.977207977207977
Rayalseema,PRE_MONSOON,117,351,26.081766381766382,30.83215961597997,-3.937970557431111e-17,-1.245743857571875,13,3.7037037037037033
Rayalseema,WINTER,117,234,7.691452991452992,15.818664331333238,-5.5036696947229984e-17,-0.5167405117033635,0,0.0
Saurashtra & Kutch,MONSOON,117,468,116.17222222222222,104.03694841611023,-8.148752328178232e-17,-1.5637915355216443,42,8.974358974358974
Saurashtra & Kutch,POST_MONSOON,117,351,7.316524216524217,20.91642308669326,4.7979189472315795e-17,-0.4905596756153217,0,0.0
Saurashtra & Kutch,PRE_MONSOON,117,351,2.3444444444444446,10.731678961529427,4.649651983472878e-17,-0.2791814256087172,0,0.0
Saurashtra & Kutch,WINTER,117,234,1.3542735042735041,3.4306374778273363,5.812064979341098e-17,-0.4751109291386094,0,0.0
South Interior Karnataka,MONSOON,117,468,170.68482905982907,68.2085104972493,1.7175245081807978e-16,-2.5512304629779057,75,16.025641025641026
South Interior Karnataka,POST_MONSOON,117,351,67.94131054131054,69.11443907435904,-8.793219397316055e-17,-1.970850028734455,31,8.831908831908832
South Interior Karnataka,PRE_MONSOON,117,351,47.97834757834758,43.34210211269656,-5.5036696947229984e-17,-2.1730848240263625,37,10.541310541310542
South Interior Karnataka,WINTER,117,234,3.523931623931624,6.30571169073207,5.2664425527090757e-17,-0.6187236639228543,0,0.0
Sub Himalayan West Bengal & Sikkim,MONSOON,117,468,531.1732905982906,165.88743220336053,-3.143259631684471e-17,-2.1900299953659785,70,14.957264957264957
Sub Himalayan West Bengal & Sikkim,POST_MONSOON,117,351,55.252421652421646,82.23322956152725,-1.2335811384723962e-16,-1.4928210618715156,18,5.128205128205128
Sub Himalayan West Bengal & Sikkim,PRE_MONSOON,117,351,141.11880341880342,108.69771631058087,-2.375434448699409e-16,-1.918322627935188,62,17.663817663817664
Sub Himalayan West Bengal & Sikkim,WINTER,117,234,18.365811965811968,18.7622059264441,-1.3284719952779651e-17,-1.1559874338288083,14,5.982905982905983
Tamil Nadu,MONSOON,117,468,82.72863247863248,39.7301135075779,9.062076824931833e-17,-2.17285373607289,67,14.316239316239315
Tamil Nadu,POST_MONSOON,117,351,146.16011396011396,88.20668393196,-2.621359919253842e-16,-1.7757941847753795,49,13.96011396011396
Tamil Nadu,PRE_MONSOON,117,351,44.70997150997151,34.46170442264097,8.081537971274288e-17,-1.59359994735038,27,7.6923076923076925
Tamil Nadu,WINTER,117,234,18.48076923076923,26.963038081449763,-4.554761126667309e-17,-0.7377447796699144,0,0.0
Telangana,MONSOON,117,468,195.0561965811966,89.2715652366816,-1.6605899940974564e-18,-1.9861732778749213,76,16.23931623931624
Telangana,POST_MONSOON,117,351,33.173789173789174,48.270824635898975,5.614375694329496e-17,-1.2514235076802491,10,2.849002849002849
Telangana,PRE_MONSOON,117,351,18.704273504273505,20.299279620556817,-4.3807945558570994e-17,-1.1215675221845205,17,4.843304843304843
Telangana,WINTER,117,234,8.552991452991453,14.485340066761017,1.5656991372918874e-17,-0.6289670918638062,0,0.0
Uttarakhand,MONSOON,117,468,282.92542735042736,143.31041335822306,2.1943510636287815e-18,-2.997092064156776,68,14.529914529914532
Uttarakhand,POST_MONSOON,117,351,22.81111111111111,38.68828640250049,-3.036507417778206e-17,-0.8962570814895071,0,0.0
Uttarakhand,PRE_MONSOON,117,351,49.44387464387464,36.50252924037238,-6.452578262778688e-17,-1.4272948714479357,51,14.529914529914532
Uttarakhand,WINTER,117,234,57.98504273504273,42.61675493360711,6.452578262778688e-17,-1.425326252868591,48,20.51282051282051
Vidarbha,MONSOON,117,468,240.77692307692308,108.48857043944332,6.642359976389826e-18,-2.5943324519523734,70,14.957264957264957
Vidarbha,POST_MONSOON,117,351,25.164387464387467,37.64228719494319,-1.0849187961436715e-16,-1.111916297932095,12,3.418803418803419
Vidarbha,PRE_MONSOON,117,351,10.911111111111111,14.374585377043221,-6.990293118010245e-17,-0.795542322147957,0,0.0
Vidarbha,WINTER,117,234,11.106410256410257,16.12662612948653,-1.2667929383543452e-16,-0.6911968418583819,0,0.0
West Madhya Pradesh,MONSOON,117,468,216.11602564102566,120.90795895722815,1.3003012721638118e-16,-2.674147162877764,82,17.52136752136752
West Madhya Pradesh,POST_MONSOON,117,351,15.46951566951567,26.530248171671285,1.9927079929169476e-17,-0.8314139103335974,0,0.0
West Madhya Pradesh,PRE_MONSOON,117,351,5.041880341880342,8.374156564603876,4.341256698854779e-17,-0.7437301951625637,0,0.0
West Madhya Pradesh,WINTER,117,234,7.698712446351931,10.210873517492631,-7.052060413928032e-17,-0.8203733300383345,0,0.0
West Rajasthan,MONSOON,117,468,65.0284188034188,57.15909260390466,7.247289188525328e-17,-1.7532935924584492,50,10.683760683760683
West Rajasthan,POST_MONSOON,117,351,2.907977207977208,7.718285831862935,5.709266551135064e-17,-0.4961488961238145,0,0.0
West Rajasthan,PRE_MONSOON,117,351,5.697435897435898,8.832800509191001,1.2652114240742525e-17,-0.876687008439608,0,0.0
West Rajasthan,WINTER,117,234,4.092735042735043,6.415832632423057,-4.0328614142366796e-17,-0.7336938555019189,0,0.0
West Uttar Pradesh,MONSOON,117,468,179.84807692307692,109.62169938940879,-1.2027416100105862e-16,-2.5714093085921044,78,16.666666666666664
West Uttar Pradesh,POST_MONSOON,117,351,13.092592592592593,28.68709121044521,1.107059996064971e-17,-0.7184759217287318,0,0.0
West Uttar Pradesh,PRE_MONSOON,117,351,10.014245014245015,12.287046463064708,4.258227199149906e-17,-1.080580217818498,13,3.7037037037037033
West Uttar Pradesh,WINTER,117,234,17.592307692307696,17.904142249020463,3.5109617018060505e-17,-1.1172470347679782,17,7.264957264957266
